sample_id,image_path,label_path,width,height,status,split_original,is_negative,has_fire,has_smoke,class_ids,class_names,annotation_valid,sha256,perceptual_hash,data_origin,license_status,provenance_status,included,exclusion_reason
libreyolo_train_frame_000000-5_jpg.rf.f862bd0655270a937687c10636070424,/Users/mobcoderid-296/Desktop/fire-smoke/fire-smoke-cpu/data/raw/hf_candidates/LibreYOLO_smoke-uvylj_hf_snapshot/train/images/frame_000000-5_jpg.rf.f862bd0655270a937687c10636070424.jpg,/Users/mobcoderid-296/Desktop/fire-smoke/fire-smoke-cpu/data/raw/hf_candidates/LibreYOLO_smoke-uvylj_hf_snapshot/train/labels/frame_000000-5_jpg.rf.f862bd0655270a937687c10636070424.txt,640,640,VALID_SMOKE,train,False,False,True,0,smoke,True,763367145c01e65f5a401769237b24c14f71307671cf80df64eaa29ccfa091fe,0707000707ffffff,huggingface_snapshot,pending_review,hf_snapshot_revision_recorded,True,
libreyolo_train_frame_000000_jpg.rf.3bbe473cb255eeb29be3df85edb5f9a7,/Users/mobcoderid-296/Desktop/fire-smoke/fire-smoke-cpu/data/raw/hf_candidates/LibreYOLO_smoke-uvylj_hf_snapshot/train/images/frame_000000_jpg.rf.3bbe473cb255eeb29be3df85edb5f9a7.jpg,/Users/mobcoderid-296/Desktop/fire-smoke/fire-smoke-cpu/data/raw/hf_candidates/LibreYOLO_smoke-uvylj_hf_snapshot/train/labels/frame_000000_jpg.rf.3bbe473cb255eeb29be3df85edb5f9a7.txt,640,640,VALID_SMOKE,train,False,False,True,0,smoke,True,b391da6e8a5eac379065990f309986ada0d34754019c28cd8437e8a3cb5e3b96,fffc3e1c1918c080,huggingface_snapshot,pending_review,hf_snapshot_revision_recorded,True,
libreyolo_train_frame_000001-1_jpg.rf.5497b85cfb5164c37c4ac70334f1e808,/Users/mobcoderid-296/Desktop/fire-smoke/fire-smoke-cpu/data/raw/hf_candidates/LibreYOLO_smoke-uvylj_hf_snapshot/train/images/frame_000001-1_jpg.rf.5497b85cfb5164c37c4ac70334f1e808.jpg,/Users/mobcoderid-296/Desktop/fire-smoke/fire-smoke-cpu/data/raw/hf_candidates/LibreYOLO_smoke-uvylj_hf_snapshot/train/labels/frame_000001-1_jpg.rf.5497b85cfb5164c37c4ac70334f1e808.txt,640,640,VALID_SMOKE,train,False,False,True,0,smoke,True,5d1ff7fbbb92332dd458d23ba2a232689bbf0d029ccac2fbd5ed0e894eaf7a7d,8dc83818c0f8ffff,huggingface_snapshot,pending_review,hf_snapshot_revision_recorded,True,
libreyolo_train_frame_000001-2_jpg.rf.8b9d13e5c931dcf7b5049986a9b4714e,/Users/mobcoderid-296/Desktop/fire-smoke/fire-smoke-cpu/data/raw/hf_candidates/LibreYOLO_smoke-uvylj_hf_snapshot/train/images/frame_000001-2_jpg.rf.8b9d13e5c931dcf7b5049986a9b4714e.jpg,/Users/mobcoderid-296/Desktop/fire-smoke/fire-smoke-cpu/data/raw/hf_candidates/LibreYOLO_smoke-uvylj_hf_snapshot/train/labels/frame_000001-2_jpg.rf.8b9d13e5c931dcf7b5049986a9b4714e.txt,640,640,VALID_SMOKE,train,False,False,True,0,smoke,True,32bf85ad1d915e67806494fe21efb868e9e45a3485382a1861705dde22f4a7da,2100c00107bfffff,huggingface_snapshot,pending_review,hf_snapshot_revision_recorded,True,
libreyolo_train_frame_000002-1_jpg.rf.05217759fb36a2b1877807dd784f3a9f,/Users/mobcoderid-296/Desktop/fire-smoke/fire-smoke-cpu/data/raw/hf_candidates/LibreYOLO_smoke-uvylj_hf_snapshot/train/images/frame_000002-1_jpg.rf.05217759fb36a2b1877807dd784f3a9f.jpg,/Users/mobcoderid-296/Desktop/fire-smoke/fire-smoke-cpu/data/raw/hf_candidates/LibreYOLO_smoke-uvylj_hf_snapshot/train/labels/frame_000002-1_jpg.rf.05217759fb36a2b1877807dd784f3a9f.txt,640,640,VALID_SMOKE,train,False,False,True,0,smoke,True,256cd3c621e3ef95fcebe71e96b64d2643c653e3027758dfb8e4c89f552b3048,8dc83818c0f8ffff,huggingface_snapshot,pending_review,hf_snapshot_revision_recorded,True,
libreyolo_train_frame_000005-1_jpg.rf.2a9db18c06e461d3aa5c456bf39b7d32,/Users/mobcoderid-296/Desktop/fire-smoke/fire-smoke-cpu/data/raw/hf_candidates/LibreYOLO_smoke-uvylj_hf_snapshot/train/images/frame_000005-1_jpg.rf.2a9db18c06e461d3aa5c456bf39b7d32.jpg,/Users/mobcoderid-296/Desktop/fire-smoke/fire-smoke-cpu/data/raw/hf_candidates/LibreYOLO_smoke-uvylj_hf_snapshot/train/labels/frame_000005-1_jpg.rf.2a9db18c06e461d3aa5c456bf39b7d32.txt,640,640,VALID_SMOKE,train,False,False,True,0,smoke,True,94ca46e348c3e2167fd7bf40a94ab046b6569695e70051e152954286f8919ef6,8dc83018c0f8ffff,huggingface_snapshot,pending_review,hf_snapshot_revision_recorded,True,
libreyolo_train_frame_000005-2_jpg.rf.b3aaa1426241f4ac7679561ba376baca,/Users/mobcoderid-296/Desktop/fire-smoke/fire-smoke-cpu/data/raw/hf_candidates/LibreYOLO_smoke-uvylj_hf_snapshot/train/images/frame_000005-2_jpg.rf.b3aaa1426241f4ac7679561ba376baca.jpg,/Users/mobcoderid-296/Desktop/fire-smoke/fire-smoke-cpu/data/raw/hf_candidates/LibreYOLO_smoke-uvylj_hf_snapshot/train/labels/frame_000005-2_jpg.rf.b3aaa1426241f4ac7679561ba376baca.txt,640,640,VALID_SMOKE,train,False,False,True,0,smoke,True,fa12d2f5d76aeb34dcbb05bdf7ce56fbe4362c9e804a2cc4f693919a9d76f5fe,2101c08107bfffff,huggingface_snapshot,pending_review,hf_snapshot_revision_recorded,True,
libreyolo_train_frame_000005-5_jpg.rf.0d001bd892e3088b9a96e8cfe7194e73,/Users/mobcoderid-296/Desktop/fire-smoke/fire-smoke-cpu/data/raw/hf_candidates/LibreYOLO_smoke-uvylj_hf_snapshot/train/images/frame_000005-5_jpg.rf.0d001bd892e3088b9a96e8cfe7194e73.jpg,/Users/mobcoderid-296/Desktop/fire-smoke/fire-smoke-cpu/data/raw/hf_candidates/LibreYOLO_smoke-uvylj_hf_snapshot/train/labels/frame_000005-5_jpg.rf.0d001bd892e3088b9a96e8cfe7194e73.txt,640,640,VALID_SMOKE,train,False,False,True,0,smoke,True,cecb23140ee1dd6006cbfaa67003212b010763211c046c77182395a9108224b4,8707000707ffffff,huggingface_snapshot,pending_review,hf_snapshot_revision_recorded,True,
libreyolo_train_frame_000005_jpg.rf.0b937dbc91a1065fa90c22d759ca6f59,/Users/mobcoderid-296/Desktop/fire-smoke/fire-smoke-cpu/data/raw/hf_candidates/LibreYOLO_smoke-uvylj_hf_snapshot/train/images/frame_000005_jpg.rf.0b937dbc91a1065fa90c22d759ca6f59.jpg,/Users/mobcoderid-296/Desktop/fire-smoke/fire-smoke-cpu/data/raw/hf_candidates/LibreYOLO_smoke-uvylj_hf_snapshot/train/labels/frame_000005_jpg.rf.0b937dbc91a1065fa90c22d759ca6f59.txt,640,640,VALID_SMOKE,train,False,False,True,0,smoke,True,869e5561800d3aa3cdb9814766735da4dfef374546bcf66ee8d0f2f6d12686b1,fffc3c1c1c98c0c0,huggingface_snapshot,pending_review,hf_snapshot_revision_recorded,True,
libreyolo_train_frame_000006-1_jpg.rf.3dd5bbc3ceeea3bf459083143450873a,/Users/mobcoderid-296/Desktop/fire-smoke/fire-smoke-cpu/data/raw/hf_candidates/LibreYOLO_smoke-uvylj_hf_snapshot/train/images/frame_000006-1_jpg.rf.3dd5bbc3ceeea3bf459083143450873a.jpg,/Users/mobcoderid-296/Desktop/fire-smoke/fire-smoke-cpu/data/raw/hf_candidates/LibreYOLO_smoke-uvylj_hf_snapshot/train/labels/frame_000006-1_jpg.rf.3dd5bbc3ceeea3bf459083143450873a.txt,640,640,VALID_SMOKE,train,False,False,True,0,smoke,True,9c66778bce03bd25a24c6cbc83c988732b8c113d0aa64a22c52e45969b604c35,8dc82018c0f8ffff,huggingface_snapshot,pending_review,hf_snapshot_revision_recorded,True,
libreyolo_train_frame_000007-1_jpg.rf.188bd0b47b6d2d6b79b06f57c7480a7f,/Users/mobcoderid-296/Desktop/fire-smoke/fire-smoke-cpu/data/raw/hf_candidates/LibreYOLO_smoke-uvylj_hf_snapshot/train/images/frame_000007-1_jpg.rf.188bd0b47b6d2d6b79b06f57c7480a7f.jpg,/Users/mobcoderid-296/Desktop/fire-smoke/fire-smoke-cpu/data/raw/hf_candidates/LibreYOLO_smoke-uvylj_hf_snapshot/train/labels/frame_000007-1_jpg.rf.188bd0b47b6d2d6b79b06f57c7480a7f.txt,640,640,VALID_SMOKE,train,False,False,True,0,smoke,True,6fe37758ba70355073bc2623e92902c3a7b62df224d78c24d951199b43a761b1,8dc83018c0f8ffff,huggingface_snapshot,pending_review,hf_snapshot_revision_recorded,True,
libreyolo_train_frame_000009-1_jpg.rf.6bc093a38108fe47de37d8b6344847f6,/Users/mobcoderid-296/Desktop/fire-smoke/fire-smoke-cpu/data/raw/hf_candidates/LibreYOLO_smoke-uvylj_hf_snapshot/train/images/frame_000009-1_jpg.rf.6bc093a38108fe47de37d8b6344847f6.jpg,/Users/mobcoderid-296/Desktop/fire-smoke/fire-smoke-cpu/data/raw/hf_candidates/LibreYOLO_smoke-uvylj_hf_snapshot/train/labels/frame_000009-1_jpg.rf.6bc093a38108fe47de37d8b6344847f6.txt,640,640,VALID_SMOKE,train,False,False,True,0,smoke,True,9d4d9d190172624323b861bcad92fdda8d1e27630855b9c9e7c011f2d56ac635,8dc83018c0f8ffff,huggingface_snapshot,pending_review,hf_snapshot_revision_recorded,True,
libreyolo_train_frame_000010-1_jpg.rf.4b70a541d1552729732c4fe7c36b0070,/Users/mobcoderid-296/Desktop/fire-smoke/fire-smoke-cpu/data/raw/hf_candidates/LibreYOLO_smoke-uvylj_hf_snapshot/train/images/frame_000010-1_jpg.rf.4b70a541d1552729732c4fe7c36b0070.jpg,/Users/mobcoderid-296/Desktop/fire-smoke/fire-smoke-cpu/data/raw/hf_candidates/LibreYOLO_smoke-uvylj_hf_snapshot/train/labels/frame_000010-1_jpg.rf.4b70a541d1552729732c4fe7c36b0070.txt,640,640,VALID_SMOKE,train,False,False,True,0,smoke,True,a7cc094e86dcfaaa02addaddc341f110a5e40aadc353bd6496d615a9ac242271,8dc83018c0f8ffff,huggingface_snapshot,pending_review,hf_snapshot_revision_recorded,True,
libreyolo_train_frame_000010-2_jpg.rf.207c1e802bc44f0c4d624f61b1b73ba4,/Users/mobcoderid-296/Desktop/fire-smoke/fire-smoke-cpu/data/raw/hf_candidates/LibreYOLO_smoke-uvylj_hf_snapshot/train/images/frame_000010-2_jpg.rf.207c1e802bc44f0c4d624f61b1b73ba4.jpg,/Users/mobcoderid-296/Desktop/fire-smoke/fire-smoke-cpu/data/raw/hf_candidates/LibreYOLO_smoke-uvylj_hf_snapshot/train/labels/frame_000010-2_jpg.rf.207c1e802bc44f0c4d624f61b1b73ba4.txt,640,640,UNKNOWN_CLASS_OR_INVALID_ANNOTATION,train,False,False,False,,,False,9444d8fe533110626c519c5af09010bc2e4fa3f5ff3315146763c59f9c25d986,2101c08107bfffff,huggingface_snapshot,pending_review,hf_snapshot_revision_recorded,False,unknown_class_or_invalid_annotation
libreyolo_train_frame_000011-1_jpg.rf.5c0bed8ea5a451c56d8fd678757df702,/Users/mobcoderid-296/Desktop/fire-smoke/fire-smoke-cpu/data/raw/hf_candidates/LibreYOLO_smoke-uvylj_hf_snapshot/train/images/frame_000011-1_jpg.rf.5c0bed8ea5a451c56d8fd678757df702.jpg,/Users/mobcoderid-296/Desktop/fire-smoke/fire-smoke-cpu/data/raw/hf_candidates/LibreYOLO_smoke-uvylj_hf_snapshot/train/labels/frame_000011-1_jpg.rf.5c0bed8ea5a451c56d8fd678757df702.txt,640,640,VALID_SMOKE,train,False,False,True,0,smoke,True,c7dae6e8524963e189f41bed3b033bea6441c7a0cb7c20dea8e43632bc0ab284,8dc83018c0f8ffff,huggingface_snapshot,pending_review,hf_snapshot_revision_recorded,True,
libreyolo_train_frame_000012-1_jpg.rf.d0f4f72fd1ebeca387241133d0806e23,/Users/mobcoderid-296/Desktop/fire-smoke/fire-smoke-cpu/data/raw/hf_candidates/LibreYOLO_smoke-uvylj_hf_snapshot/train/images/frame_000012-1_jpg.rf.d0f4f72fd1ebeca387241133d0806e23.jpg,/Users/mobcoderid-296/Desktop/fire-smoke/fire-smoke-cpu/data/raw/hf_candidates/LibreYOLO_smoke-uvylj_hf_snapshot/train/labels/frame_000012-1_jpg.rf.d0f4f72fd1ebeca387241133d0806e23.txt,640,640,VALID_SMOKE,train,False,False,True,0,smoke,True,89ae49636666ce41170ce88c340d3e4af68868fd19836190249ee350ac1ce93a,8dc83018c0f8ffff,huggingface_snapshot,pending_review,hf_snapshot_revision_recorded,True,
libreyolo_train_frame_000013-1_jpg.rf.80963379524d467ff4243baa7a45420e,/Users/mobcoderid-296/Desktop/fire-smoke/fire-smoke-cpu/data/raw/hf_candidates/LibreYOLO_smoke-uvylj_hf_snapshot/train/images/frame_000013-1_jpg.rf.80963379524d467ff4243baa7a45420e.jpg,/Users/mobcoderid-296/Desktop/fire-smoke/fire-smoke-cpu/data/raw/hf_candidates/LibreYOLO_smoke-uvylj_hf_snapshot/train/labels/frame_000013-1_jpg.rf.80963379524d467ff4243baa7a45420e.txt,640,640,VALID_SMOKE,train,False,False,True,0,smoke,True,a90c694e750b53268dd0b16cc81dbf98f7c8bdddc95d9281596125c5b3152880,8dc03018c0f8ffff,huggingface_snapshot,pending_review,hf_snapshot_revision_recorded,True,
libreyolo_train_frame_000014-1_jpg.rf.d0b88231df33151b7c5f48fffebaa070,/Users/mobcoderid-296/Desktop/fire-smoke/fire-smoke-cpu/data/raw/hf_candidates/LibreYOLO_smoke-uvylj_hf_snapshot/train/images/frame_000014-1_jpg.rf.d0b88231df33151b7c5f48fffebaa070.jpg,/Users/mobcoderid-296/Desktop/fire-smoke/fire-smoke-cpu/data/raw/hf_candidates/LibreYOLO_smoke-uvylj_hf_snapshot/train/labels/frame_000014-1_jpg.rf.d0b88231df33151b7c5f48fffebaa070.txt,640,640,VALID_SMOKE,train,False,False,True,0,smoke,True,5e909c8e856e5e2182f23ecb5afd9e26e5b92d2b119ac45fab441794e4b93dba,8dc03010c0f8ffff,huggingface_snapshot,pending_review,hf_snapshot_revision_recorded,True,
libreyolo_train_frame_000015-1_jpg.rf.0c87586384a28d472713e4e97e4369cb,/Users/mobcoderid-296/Desktop/fire-smoke/fire-smoke-cpu/data/raw/hf_candidates/LibreYOLO_smoke-uvylj_hf_snapshot/train/images/frame_000015-1_jpg.rf.0c87586384a28d472713e4e97e4369cb.jpg,/Users/mobcoderid-296/Desktop/fire-smoke/fire-smoke-cpu/data/raw/hf_candidates/LibreYOLO_smoke-uvylj_hf_snapshot/train/labels/frame_000015-1_jpg.rf.0c87586384a28d472713e4e97e4369cb.txt,640,640,VALID_SMOKE,train,False,False,True,0,smoke,True,5696b54c35a063ba9a0e04c8fa04eee115c4e02cc07793e99236cf55ac895b23,8dc03010c0f8ffff,huggingface_snapshot,pending_review,hf_snapshot_revision_recorded,True,
libreyolo_train_frame_000015-2_jpg.rf.6cab5a248e9468b0ae92c22eccabcb7c,/Users/mobcoderid-296/Desktop/fire-smoke/fire-smoke-cpu/data/raw/hf_candidates/LibreYOLO_smoke-uvylj_hf_snapshot/train/images/frame_000015-2_jpg.rf.6cab5a248e9468b0ae92c22eccabcb7c.jpg,/Users/mobcoderid-296/Desktop/fire-smoke/fire-smoke-cpu/data/raw/hf_candidates/LibreYOLO_smoke-uvylj_hf_snapshot/train/labels/frame_000015-2_jpg.rf.6cab5a248e9468b0ae92c22eccabcb7c.txt,640,640,VALID_SMOKE,train,False,False,True,0,smoke,True,ed7ecda4a9d66fa3a2918c92a7472cdc250041d14d0f6c301b843457bcd13a63,2101c08107bfffff,huggingface_snapshot,pending_review,hf_snapshot_revision_recorded,True,
libreyolo_train_frame_000015-5_jpg.rf.c678533be636c51d08e50ba9045d7fd9,/Users/mobcoderid-296/Desktop/fire-smoke/fire-smoke-cpu/data/raw/hf_candidates/LibreYOLO_smoke-uvylj_hf_snapshot/train/images/frame_000015-5_jpg.rf.c678533be636c51d08e50ba9045d7fd9.jpg,/Users/mobcoderid-296/Desktop/fire-smoke/fire-smoke-cpu/data/raw/hf_candidates/LibreYOLO_smoke-uvylj_hf_snapshot/train/labels/frame_000015-5_jpg.rf.c678533be636c51d08e50ba9045d7fd9.txt,640,640,VALID_SMOKE,train,False,False,True,0,smoke,True,832f3e5d8f5af1748ad4bc30908781aba5a306288e3aba9465a3c5c3257f4cca,8707000707ffffff,huggingface_snapshot,pending_review,hf_snapshot_revision_recorded,True,
libreyolo_train_frame_000015_jpg.rf.c1874f42a569a2b84c57c73267b6e5bc,/Users/mobcoderid-296/Desktop/fire-smoke/fire-smoke-cpu/data/raw/hf_candidates/LibreYOLO_smoke-uvylj_hf_snapshot/train/images/frame_000015_jpg.rf.c1874f42a569a2b84c57c73267b6e5bc.jpg,/Users/mobcoderid-296/Desktop/fire-smoke/fire-smoke-cpu/data/raw/hf_candidates/LibreYOLO_smoke-uvylj_hf_snapshot/train/labels/frame_000015_jpg.rf.c1874f42a569a2b84c57c73267b6e5bc.txt,640,640,VALID_SMOKE,train,False,False,True,0,smoke,True,22c48fc66dbd04c76ceccef528616397cb04029090a4f7137d80d03782d3ba25,fff83c1c1c8c80c0,huggingface_snapshot,pending_review,hf_snapshot_revision_recorded,True,
libreyolo_train_frame_000016-1_jpg.rf.dac84a0febade1408a64b76f749d2415,/Users/mobcoderid-296/Desktop/fire-smoke/fire-smoke-cpu/data/raw/hf_candidates/LibreYOLO_smoke-uvylj_hf_snapshot/train/images/frame_000016-1_jpg.rf.dac84a0febade1408a64b76f749d2415.jpg,/Users/mobcoderid-296/Desktop/fire-smoke/fire-smoke-cpu/data/raw/hf_candidates/LibreYOLO_smoke-uvylj_hf_snapshot/train/labels/frame_000016-1_jpg.rf.dac84a0febade1408a64b76f749d2415.txt,640,640,VALID_SMOKE,train,False,False,True,0,smoke,True,2f2702179b5b154a1a0cf47ceadc455f5990e709473df0157a5f1196c81c8912,8dc03010c0f8ffff,huggingface_snapshot,pending_review,hf_snapshot_revision_recorded,True,
libreyolo_train_frame_000017-1_jpg.rf.45d4fd33f85ea2b3bc50bf9e3c794773,/Users/mobcoderid-296/Desktop/fire-smoke/fire-smoke-cpu/data/raw/hf_candidates/LibreYOLO_smoke-uvylj_hf_snapshot/train/images/frame_000017-1_jpg.rf.45d4fd33f85ea2b3bc50bf9e3c794773.jpg,/Users/mobcoderid-296/Desktop/fire-smoke/fire-smoke-cpu/data/raw/hf_candidates/LibreYOLO_smoke-uvylj_hf_snapshot/train/labels/frame_000017-1_jpg.rf.45d4fd33f85ea2b3bc50bf9e3c794773.txt,640,640,VALID_SMOKE,train,False,False,True,0,smoke,True,134275eeaa883ecda4ba8c4b54de9e7f2de6345c7ba8903a0098eb8e74c0cd88,8dc03010c0f8ffff,huggingface_snapshot,pending_review,hf_snapshot_revision_recorded,True,
libreyolo_train_frame_000018-1_jpg.rf.0e791e7523664a0438dec356c1e4027e,/Users/mobcoderid-296/Desktop/fire-smoke/fire-smoke-cpu/data/raw/hf_candidates/LibreYOLO_smoke-uvylj_hf_snapshot/train/images/frame_000018-1_jpg.rf.0e791e7523664a0438dec356c1e4027e.jpg,/Users/mobcoderid-296/Desktop/fire-smoke/fire-smoke-cpu/data/raw/hf_candidates/LibreYOLO_smoke-uvylj_hf_snapshot/train/labels/frame_000018-1_jpg.rf.0e791e7523664a0438dec356c1e4027e.txt,640,640,VALID_SMOKE,train,False,False,True,0,smoke,True,8baa7f4a55b79d5ec2810f83eec316e7971a88efa78546edbccfdfef5c82dd0b,8dc83010c0f8ffff,huggingface_snapshot,pending_review,hf_snapshot_revision_recorded,True,
libreyolo_train_frame_000019-1_jpg.rf.61e0cc56105007307ab05f389d3a91f5,/Users/mobcoderid-296/Desktop/fire-smoke/fire-smoke-cpu/data/raw/hf_candidates/LibreYOLO_smoke-uvylj_hf_snapshot/train/images/frame_000019-1_jpg.rf.61e0cc56105007307ab05f389d3a91f5.jpg,/Users/mobcoderid-296/Desktop/fire-smoke/fire-smoke-cpu/data/raw/hf_candidates/LibreYOLO_smoke-uvylj_hf_snapshot/train/labels/frame_000019-1_jpg.rf.61e0cc56105007307ab05f389d3a91f5.txt,640,640,VALID_SMOKE,train,False,False,True,0,smoke,True,d374d4bb35cde90b704a5f68e879282f3ec19dac0bb4389cf0f1a5bfe915c283,8dc83010c0f8ffff,huggingface_snapshot,pending_review,hf_snapshot_revision_recorded,True,
libreyolo_train_frame_000020-2_jpg.rf.3eccd17d7885e96794fb4d7dd4c52cd6,/Users/mobcoderid-296/Desktop/fire-smoke/fire-smoke-cpu/data/raw/hf_candidates/LibreYOLO_smoke-uvylj_hf_snapshot/train/images/frame_000020-2_jpg.rf.3eccd17d7885e96794fb4d7dd4c52cd6.jpg,/Users/mobcoderid-296/Desktop/fire-smoke/fire-smoke-cpu/data/raw/hf_candidates/LibreYOLO_smoke-uvylj_hf_snapshot/train/labels/frame_000020-2_jpg.rf.3eccd17d7885e96794fb4d7dd4c52cd6.txt,640,640,VALID_SMOKE,train,False,False,True,0,smoke,True,bfd1c77519652ecdeb1ad968525873342a3ab3619e3675b96b2055ae4e9d6a17,2101c08107bfffff,huggingface_snapshot,pending_review,hf_snapshot_revision_recorded,True,
libreyolo_train_frame_000020-5_jpg.rf.a716c9f034ed08c06005bcb43ede9795,/Users/mobcoderid-296/Desktop/fire-smoke/fire-smoke-cpu/data/raw/hf_candidates/LibreYOLO_smoke-uvylj_hf_snapshot/train/images/frame_000020-5_jpg.rf.a716c9f034ed08c06005bcb43ede9795.jpg,/Users/mobcoderid-296/Desktop/fire-smoke/fire-smoke-cpu/data/raw/hf_candidates/LibreYOLO_smoke-uvylj_hf_snapshot/train/labels/frame_000020-5_jpg.rf.a716c9f034ed08c06005bcb43ede9795.txt,640,640,VALID_SMOKE,train,False,False,True,0,smoke,True,feac4f00ce9a89cde5f8783049dfaaceb616208e8717ebe63cb155784c9b8e11,870700070fffffff,huggingface_snapshot,pending_review,hf_snapshot_revision_recorded,True,
libreyolo_train_frame_000020_jpg.rf.85cc1348d3647b76c8876ff9dde28bfc,/Users/mobcoderid-296/Desktop/fire-smoke/fire-smoke-cpu/data/raw/hf_candidates/LibreYOLO_smoke-uvylj_hf_snapshot/train/images/frame_000020_jpg.rf.85cc1348d3647b76c8876ff9dde28bfc.jpg,/Users/mobcoderid-296/Desktop/fire-smoke/fire-smoke-cpu/data/raw/hf_candidates/LibreYOLO_smoke-uvylj_hf_snapshot/train/labels/frame_000020_jpg.rf.85cc1348d3647b76c8876ff9dde28bfc.txt,640,640,VALID_SMOKE,train,False,False,True,0,smoke,True,8cb795369f039bdbbb52d3e20715a961028d900cc5ba7cf3712c255c8d344694,dfec3c1c1c8c80c0,huggingface_snapshot,pending_review,hf_snapshot_revision_recorded,True,
libreyolo_train_frame_000021-1_jpg.rf.5c5693a6a5b16dc652828b0978ae3934,/Users/mobcoderid-296/Desktop/fire-smoke/fire-smoke-cpu/data/raw/hf_candidates/LibreYOLO_smoke-uvylj_hf_snapshot/train/images/frame_000021-1_jpg.rf.5c5693a6a5b16dc652828b0978ae3934.jpg,/Users/mobcoderid-296/Desktop/fire-smoke/fire-smoke-cpu/data/raw/hf_candidates/LibreYOLO_smoke-uvylj_hf_snapshot/train/labels/frame_000021-1_jpg.rf.5c5693a6a5b16dc652828b0978ae3934.txt,640,640,VALID_SMOKE,train,False,False,True,0,smoke,True,38a76278e993664521d07b1033b99992f76736305c9cd3ab3ef761aa517cf02f,8dc03010c0f8ffff,huggingface_snapshot,pending_review,hf_snapshot_revision_recorded,True,
libreyolo_train_frame_000023-1_jpg.rf.4abdfa1adfba768e4fa5eb850b305bc6,/Users/mobcoderid-296/Desktop/fire-smoke/fire-smoke-cpu/data/raw/hf_candidates/LibreYOLO_smoke-uvylj_hf_snapshot/train/images/frame_000023-1_jpg.rf.4abdfa1adfba768e4fa5eb850b305bc6.jpg,/Users/mobcoderid-296/Desktop/fire-smoke/fire-smoke-cpu/data/raw/hf_candidates/LibreYOLO_smoke-uvylj_hf_snapshot/train/labels/frame_000023-1_jpg.rf.4abdfa1adfba768e4fa5eb850b305bc6.txt,640,640,VALID_SMOKE,train,False,False,True,0,smoke,True,d2c767cdbd8969461f6b61c1509e1a90f41b924047757a37ce6cf8c34be39ba2,8dc03010c0f8ffff,huggingface_snapshot,pending_review,hf_snapshot_revision_recorded,True,
libreyolo_train_frame_000025-1_jpg.rf.8bf532cf6361292ff8b8abbba56be6a8,/Users/mobcoderid-296/Desktop/fire-smoke/fire-smoke-cpu/data/raw/hf_candidates/LibreYOLO_smoke-uvylj_hf_snapshot/train/images/frame_000025-1_jpg.rf.8bf532cf6361292ff8b8abbba56be6a8.jpg,/Users/mobcoderid-296/Desktop/fire-smoke/fire-smoke-cpu/data/raw/hf_candidates/LibreYOLO_smoke-uvylj_hf_snapshot/train/labels/frame_000025-1_jpg.rf.8bf532cf6361292ff8b8abbba56be6a8.txt,640,640,VALID_SMOKE,train,False,False,True,0,smoke,True,cbf584bf7a0849e606da31179326d8bf4626bdd13da000e348bf0376fa28d1ba,8dc03090c1f8ffff,huggingface_snapshot,pending_review,hf_snapshot_revision_recorded,True,
libreyolo_train_frame_000025_jpg.rf.f7f61502f4430df19744f5d8c9a2fbca,/Users/mobcoderid-296/Desktop/fire-smoke/fire-smoke-cpu/data/raw/hf_candidates/LibreYOLO_smoke-uvylj_hf_snapshot/train/images/frame_000025_jpg.rf.f7f61502f4430df19744f5d8c9a2fbca.jpg,/Users/mobcoderid-296/Desktop/fire-smoke/fire-smoke-cpu/data/raw/hf_candidates/LibreYOLO_smoke-uvylj_hf_snapshot/train/labels/frame_000025_jpg.rf.f7f61502f4430df19744f5d8c9a2fbca.txt,640,640,VALID_SMOKE,train,False,False,True,0,smoke,True,8a69d70c47b594b6c6dbd9a24714f9a4f1b0c37fa856a08608aa4496298a031c,ffec381c1c9c80e0,huggingface_snapshot,pending_review,hf_snapshot_revision_recorded,True,
libreyolo_train_frame_000026-1_jpg.rf.07a6f62b6a4819e5b80ed6aa48018872,/Users/mobcoderid-296/Desktop/fire-smoke/fire-smoke-cpu/data/raw/hf_candidates/LibreYOLO_smoke-uvylj_hf_snapshot/train/images/frame_000026-1_jpg.rf.07a6f62b6a4819e5b80ed6aa48018872.jpg,/Users/mobcoderid-296/Desktop/fire-smoke/fire-smoke-cpu/data/raw/hf_candidates/LibreYOLO_smoke-uvylj_hf_snapshot/train/labels/frame_000026-1_jpg.rf.07a6f62b6a4819e5b80ed6aa48018872.txt,640,640,VALID_SMOKE,train,False,False,True,0,smoke,True,2c72aa90dc6efecc2d28b3d5abecf91d073f76234844274e01840293c1b1dd43,8dc03090c1f8ffff,huggingface_snapshot,pending_review,hf_snapshot_revision_recorded,True,
libreyolo_train_frame_000027-1_jpg.rf.5bb71c981b27aefad5050cd60a1a11bb,/Users/mobcoderid-296/Desktop/fire-smoke/fire-smoke-cpu/data/raw/hf_candidates/LibreYOLO_smoke-uvylj_hf_snapshot/train/images/frame_000027-1_jpg.rf.5bb71c981b27aefad5050cd60a1a11bb.jpg,/Users/mobcoderid-296/Desktop/fire-smoke/fire-smoke-cpu/data/raw/hf_candidates/LibreYOLO_smoke-uvylj_hf_snapshot/train/labels/frame_000027-1_jpg.rf.5bb71c981b27aefad5050cd60a1a11bb.txt,640,640,VALID_SMOKE,train,False,False,True,0,smoke,True,0a9e7db1d0d81f5d040e1c8c7702d7dc059774cb252a8a9e61dd27287aba81dc,8dc02090c0f8ffff,huggingface_snapshot,pending_review,hf_snapshot_revision_recorded,True,
libreyolo_train_frame_000029-1_jpg.rf.6ba0683ea0fbf902c93c2f1920bf6eac,/Users/mobcoderid-296/Desktop/fire-smoke/fire-smoke-cpu/data/raw/hf_candidates/LibreYOLO_smoke-uvylj_hf_snapshot/train/images/frame_000029-1_jpg.rf.6ba0683ea0fbf902c93c2f1920bf6eac.jpg,/Users/mobcoderid-296/Desktop/fire-smoke/fire-smoke-cpu/data/raw/hf_candidates/LibreYOLO_smoke-uvylj_hf_snapshot/train/labels/frame_000029-1_jpg.rf.6ba0683ea0fbf902c93c2f1920bf6eac.txt,640,640,VALID_SMOKE,train,False,False,True,0,smoke,True,7ad106ccd3eaa7ab3e1b5ad4dbd87718c6d0b7a6cdcf1e4205cdef3e11d873ba,8dc02090c0f8ffff,huggingface_snapshot,pending_review,hf_snapshot_revision_recorded,True,
libreyolo_train_frame_000030-5_jpg.rf.a4aa461d7644775b246850e793bca5ff,/Users/mobcoderid-296/Desktop/fire-smoke/fire-smoke-cpu/data/raw/hf_candidates/LibreYOLO_smoke-uvylj_hf_snapshot/train/images/frame_000030-5_jpg.rf.a4aa461d7644775b246850e793bca5ff.jpg,/Users/mobcoderid-296/Desktop/fire-smoke/fire-smoke-cpu/data/raw/hf_candidates/LibreYOLO_smoke-uvylj_hf_snapshot/train/labels/frame_000030-5_jpg.rf.a4aa461d7644775b246850e793bca5ff.txt,640,640,VALID_SMOKE,train,False,False,True,0,smoke,True,0e77f35ae002d7775e52516829895f7e04f40bcbec5d1cc1d2b7dc8a8a9cc3c0,870700030fffffff,huggingface_snapshot,pending_review,hf_snapshot_revision_recorded,True,
libreyolo_train_frame_000030_jpg.rf.04d90160ab31ee670ab9d2bf0b1e6bb6,/Users/mobcoderid-296/Desktop/fire-smoke/fire-smoke-cpu/data/raw/hf_candidates/LibreYOLO_smoke-uvylj_hf_snapshot/train/images/frame_000030_jpg.rf.04d90160ab31ee670ab9d2bf0b1e6bb6.jpg,/Users/mobcoderid-296/Desktop/fire-smoke/fire-smoke-cpu/data/raw/hf_candidates/LibreYOLO_smoke-uvylj_hf_snapshot/train/labels/frame_000030_jpg.rf.04d90160ab31ee670ab9d2bf0b1e6bb6.txt,640,640,VALID_SMOKE,train,False,False,True,0,smoke,True,44fcf849422e56957410bf42fdd761e0e9b4815c492302d0b1b02d9183869fd3,ffecf81c1c9c84c0,huggingface_snapshot,pending_review,hf_snapshot_revision_recorded,True,
libreyolo_train_frame_000031-1_jpg.rf.b4fe0099b921df145b932e2b2c31d0ae,/Users/mobcoderid-296/Desktop/fire-smoke/fire-smoke-cpu/data/raw/hf_candidates/LibreYOLO_smoke-uvylj_hf_snapshot/train/images/frame_000031-1_jpg.rf.b4fe0099b921df145b932e2b2c31d0ae.jpg,/Users/mobcoderid-296/Desktop/fire-smoke/fire-smoke-cpu/data/raw/hf_candidates/LibreYOLO_smoke-uvylj_hf_snapshot/train/labels/frame_000031-1_jpg.rf.b4fe0099b921df145b932e2b2c31d0ae.txt,640,640,VALID_SMOKE,train,False,False,True,0,smoke,True,bdac13b487caa77e2be315fa251f31e553ce515587215f015c291cf3791ff7ad,8dc02090c0f8ffff,huggingface_snapshot,pending_review,hf_snapshot_revision_recorded,True,
libreyolo_train_frame_000032-1_jpg.rf.6ea6d1961d6a435bf99c734be7c88520,/Users/mobcoderid-296/Desktop/fire-smoke/fire-smoke-cpu/data/raw/hf_candidates/LibreYOLO_smoke-uvylj_hf_snapshot/train/images/frame_000032-1_jpg.rf.6ea6d1961d6a435bf99c734be7c88520.jpg,/Users/mobcoderid-296/Desktop/fire-smoke/fire-smoke-cpu/data/raw/hf_candidates/LibreYOLO_smoke-uvylj_hf_snapshot/train/labels/frame_000032-1_jpg.rf.6ea6d1961d6a435bf99c734be7c88520.txt,640,640,VALID_SMOKE,train,False,False,True,0,smoke,True,95b44211274a1ce81e373d95bdb475d36d3f81d91ea25415c905e01005133350,8dc02090c1f8ffff,huggingface_snapshot,pending_review,hf_snapshot_revision_recorded,True,
libreyolo_train_frame_000033-1_jpg.rf.cdbe4de98568c44ce4baa3d1d7138788,/Users/mobcoderid-296/Desktop/fire-smoke/fire-smoke-cpu/data/raw/hf_candidates/LibreYOLO_smoke-uvylj_hf_snapshot/train/images/frame_000033-1_jpg.rf.cdbe4de98568c44ce4baa3d1d7138788.jpg,/Users/mobcoderid-296/Desktop/fire-smoke/fire-smoke-cpu/data/raw/hf_candidates/LibreYOLO_smoke-uvylj_hf_snapshot/train/labels/frame_000033-1_jpg.rf.cdbe4de98568c44ce4baa3d1d7138788.txt,640,640,VALID_SMOKE,train,False,False,True,0,smoke,True,5c72b077190f5d168c60efce2af64a81b3fad38f6a0088c4c8a02b5ed5066fdc,8dc02090c1f8ffff,huggingface_snapshot,pending_review,hf_snapshot_revision_recorded,True,
libreyolo_train_frame_000035-1_jpg.rf.f38d3f7b4008f4e2430426b109dbcc63,/Users/mobcoderid-296/Desktop/fire-smoke/fire-smoke-cpu/data/raw/hf_candidates/LibreYOLO_smoke-uvylj_hf_snapshot/train/images/frame_000035-1_jpg.rf.f38d3f7b4008f4e2430426b109dbcc63.jpg,/Users/mobcoderid-296/Desktop/fire-smoke/fire-smoke-cpu/data/raw/hf_candidates/LibreYOLO_smoke-uvylj_hf_snapshot/train/labels/frame_000035-1_jpg.rf.f38d3f7b4008f4e2430426b109dbcc63.txt,640,640,VALID_SMOKE,train,False,False,True,0,smoke,True,8a050013c01664ac99a07938bc32f5af8a464338ec250742909924d7460c5d05,8dc02090c1f8ffff,huggingface_snapshot,pending_review,hf_snapshot_revision_recorded,True,
libreyolo_train_frame_000035-2_jpg.rf.aed9179c7165874d536e6c3ba65e1a0b,/Users/mobcoderid-296/Desktop/fire-smoke/fire-smoke-cpu/data/raw/hf_candidates/LibreYOLO_smoke-uvylj_hf_snapshot/train/images/frame_000035-2_jpg.rf.aed9179c7165874d536e6c3ba65e1a0b.jpg,/Users/mobcoderid-296/Desktop/fire-smoke/fire-smoke-cpu/data/raw/hf_candidates/LibreYOLO_smoke-uvylj_hf_snapshot/train/labels/frame_000035-2_jpg.rf.aed9179c7165874d536e6c3ba65e1a0b.txt,640,640,VALID_SMOKE,train,False,False,True,0,smoke,True,eaca6725c10f6fd0128575474b2f6dc83a5c767543ce71ee23d76cc078b93414,2100c00107bfffff,huggingface_snapshot,pending_review,hf_snapshot_revision_recorded,True,
libreyolo_train_frame_000035-5_jpg.rf.6b26aed1a3611fb1af2365ecdee8793e,/Users/mobcoderid-296/Desktop/fire-smoke/fire-smoke-cpu/data/raw/hf_candidates/LibreYOLO_smoke-uvylj_hf_snapshot/train/images/frame_000035-5_jpg.rf.6b26aed1a3611fb1af2365ecdee8793e.jpg,/Users/mobcoderid-296/Desktop/fire-smoke/fire-smoke-cpu/data/raw/hf_candidates/LibreYOLO_smoke-uvylj_hf_snapshot/train/labels/frame_000035-5_jpg.rf.6b26aed1a3611fb1af2365ecdee8793e.txt,640,640,VALID_SMOKE,train,False,False,True,0,smoke,True,b80dd08cb576f69e162fd2c86e0857086b89b6115d4bb737f7576831f12bc712,870700030fffffff,huggingface_snapshot,pending_review,hf_snapshot_revision_recorded,True,
libreyolo_train_frame_000035_jpg.rf.96102faec6c9b5c0020a86bb3cf7599e,/Users/mobcoderid-296/Desktop/fire-smoke/fire-smoke-cpu/data/raw/hf_candidates/LibreYOLO_smoke-uvylj_hf_snapshot/train/images/frame_000035_jpg.rf.96102faec6c9b5c0020a86bb3cf7599e.jpg,/Users/mobcoderid-296/Desktop/fire-smoke/fire-smoke-cpu/data/raw/hf_candidates/LibreYOLO_smoke-uvylj_hf_snapshot/train/labels/frame_000035_jpg.rf.96102faec6c9b5c0020a86bb3cf7599e.txt,640,640,VALID_SMOKE,train,False,False,True,0,smoke,True,f7cdf1417d7d3ec5aa06b81b5c8b69b4407f783855781ec464ea165d972f217f,ffccf81c1c9c84c0,huggingface_snapshot,pending_review,hf_snapshot_revision_recorded,True,
libreyolo_train_frame_000036-1_jpg.rf.0ccdc0b72a9be7eb25a477ea61446f16,/Users/mobcoderid-296/Desktop/fire-smoke/fire-smoke-cpu/data/raw/hf_candidates/LibreYOLO_smoke-uvylj_hf_snapshot/train/images/frame_000036-1_jpg.rf.0ccdc0b72a9be7eb25a477ea61446f16.jpg,/Users/mobcoderid-296/Desktop/fire-smoke/fire-smoke-cpu/data/raw/hf_candidates/LibreYOLO_smoke-uvylj_hf_snapshot/train/labels/frame_000036-1_jpg.rf.0ccdc0b72a9be7eb25a477ea61446f16.txt,640,640,VALID_SMOKE,train,False,False,True,0,smoke,True,338fc0f5f9c461d4180651f6bcb13510e8b1243bf61127815dc8ec27018d6411,8dc02090c1f8ffff,huggingface_snapshot,pending_review,hf_snapshot_revision_recorded,True,
libreyolo_train_frame_000037-1_jpg.rf.3054a362378bdd14dd742e10d04d449a,/Users/mobcoderid-296/Desktop/fire-smoke/fire-smoke-cpu/data/raw/hf_candidates/LibreYOLO_smoke-uvylj_hf_snapshot/train/images/frame_000037-1_jpg.rf.3054a362378bdd14dd742e10d04d449a.jpg,/Users/mobcoderid-296/Desktop/fire-smoke/fire-smoke-cpu/data/raw/hf_candidates/LibreYOLO_smoke-uvylj_hf_snapshot/train/labels/frame_000037-1_jpg.rf.3054a362378bdd14dd742e10d04d449a.txt,640,640,VALID_SMOKE,train,False,False,True,0,smoke,True,8fb08804c31ed85d143ff69652bf4e136e0be66cdb0790e7c9f9e5399f809658,8dc02090c1f8ffff,huggingface_snapshot,pending_review,hf_snapshot_revision_recorded,True,
libreyolo_train_frame_000039-1_jpg.rf.6266c1a59a86a6cf102e146ee0d3aeed,/Users/mobcoderid-296/Desktop/fire-smoke/fire-smoke-cpu/data/raw/hf_candidates/LibreYOLO_smoke-uvylj_hf_snapshot/train/images/frame_000039-1_jpg.rf.6266c1a59a86a6cf102e146ee0d3aeed.jpg,/Users/mobcoderid-296/Desktop/fire-smoke/fire-smoke-cpu/data/raw/hf_candidates/LibreYOLO_smoke-uvylj_hf_snapshot/train/labels/frame_000039-1_jpg.rf.6266c1a59a86a6cf102e146ee0d3aeed.txt,640,640,VALID_SMOKE,train,False,False,True,0,smoke,True,90750c694451ce8d3ee9157379ecf4145099059e400a87ce743c44ef16cbcbb8,8dc02090c1f8ffff,huggingface_snapshot,pending_review,hf_snapshot_revision_recorded,True,
libreyolo_train_frame_000040-1_jpg.rf.c18274763b3c0a1c7f202a2c8433a869,/Users/mobcoderid-296/Desktop/fire-smoke/fire-smoke-cpu/data/raw/hf_candidates/LibreYOLO_smoke-uvylj_hf_snapshot/train/images/frame_000040-1_jpg.rf.c18274763b3c0a1c7f202a2c8433a869.jpg,/Users/mobcoderid-296/Desktop/fire-smoke/fire-smoke-cpu/data/raw/hf_candidates/LibreYOLO_smoke-uvylj_hf_snapshot/train/labels/frame_000040-1_jpg.rf.c18274763b3c0a1c7f202a2c8433a869.txt,640,640,VALID_SMOKE,train,False,False,True,0,smoke,True,d77d2ce87b63a7c6a2a7a4f3cbcf03fde98f0ad9a607e0918d5cd8ef4fb72397,8dc02090c1f8ffff,huggingface_snapshot,pending_review,hf_snapshot_revision_recorded,True,
libreyolo_train_frame_000040-2_jpg.rf.8dfe6a3affed59bf09f13506a09e4e60,/Users/mobcoderid-296/Desktop/fire-smoke/fire-smoke-cpu/data/raw/hf_candidates/LibreYOLO_smoke-uvylj_hf_snapshot/train/images/frame_000040-2_jpg.rf.8dfe6a3affed59bf09f13506a09e4e60.jpg,/Users/mobcoderid-296/Desktop/fire-smoke/fire-smoke-cpu/data/raw/hf_candidates/LibreYOLO_smoke-uvylj_hf_snapshot/train/labels/frame_000040-2_jpg.rf.8dfe6a3affed59bf09f13506a09e4e60.txt,640,640,VALID_SMOKE,train,False,False,True,0,smoke,True,ae3f42726bd7dc93a42cb811f2b519c1c0a8d12fb88d601496396e4761466398,2000c001073fffff,huggingface_snapshot,pending_review,hf_snapshot_revision_recorded,True,
libreyolo_train_frame_000040-4_jpg.rf.b7e69c091a556d9019ee6112c67caf38,/Users/mobcoderid-296/Desktop/fire-smoke/fire-smoke-cpu/data/raw/hf_candidates/LibreYOLO_smoke-uvylj_hf_snapshot/train/images/frame_000040-4_jpg.rf.b7e69c091a556d9019ee6112c67caf38.jpg,/Users/mobcoderid-296/Desktop/fire-smoke/fire-smoke-cpu/data/raw/hf_candidates/LibreYOLO_smoke-uvylj_hf_snapshot/train/labels/frame_000040-4_jpg.rf.b7e69c091a556d9019ee6112c67caf38.txt,640,640,VALID_SMOKE,train,False,False,True,0,smoke,True,80fda3fd7f5fd29eaf22306b454c64ac6bab224a1a1a5cd9e83682112f65d290,ffff13030082c2f2,huggingface_snapshot,pending_review,hf_snapshot_revision_recorded,True,
libreyolo_train_frame_000040-5_jpg.rf.6f754a7228ef00c48f0021f921868460,/Users/mobcoderid-296/Desktop/fire-smoke/fire-smoke-cpu/data/raw/hf_candidates/LibreYOLO_smoke-uvylj_hf_snapshot/train/images/frame_000040-5_jpg.rf.6f754a7228ef00c48f0021f921868460.jpg,/Users/mobcoderid-296/Desktop/fire-smoke/fire-smoke-cpu/data/raw/hf_candidates/LibreYOLO_smoke-uvylj_hf_snapshot/train/labels/frame_000040-5_jpg.rf.6f754a7228ef00c48f0021f921868460.txt,640,640,VALID_SMOKE,train,False,False,True,0,smoke,True,113cedaa26c472893771498013b4fc71f34b10f41f555e7e5d3aa7f2ba298a1b,870700030fffffff,huggingface_snapshot,pending_review,hf_snapshot_revision_recorded,True,
libreyolo_train_frame_000040_jpg.rf.a523ce001702fc09b3ca50cd8431a644,/Users/mobcoderid-296/Desktop/fire-smoke/fire-smoke-cpu/data/raw/hf_candidates/LibreYOLO_smoke-uvylj_hf_snapshot/train/images/frame_000040_jpg.rf.a523ce001702fc09b3ca50cd8431a644.jpg,/Users/mobcoderid-296/Desktop/fire-smoke/fire-smoke-cpu/data/raw/hf_candidates/LibreYOLO_smoke-uvylj_hf_snapshot/train/labels/frame_000040_jpg.rf.a523ce001702fc09b3ca50cd8431a644.txt,640,640,VALID_SMOKE,train,False,False,True,0,smoke,True,4bc27e4d8b1add97bb95e42bb875b57d78c7f6d5983a8ffe917015831e04c095,ffccf81c1c9c84c0,huggingface_snapshot,pending_review,hf_snapshot_revision_recorded,True,
libreyolo_train_frame_000041-1_jpg.rf.900182002afb2dce657ab73c133710c6,/Users/mobcoderid-296/Desktop/fire-smoke/fire-smoke-cpu/data/raw/hf_candidates/LibreYOLO_smoke-uvylj_hf_snapshot/train/images/frame_000041-1_jpg.rf.900182002afb2dce657ab73c133710c6.jpg,/Users/mobcoderid-296/Desktop/fire-smoke/fire-smoke-cpu/data/raw/hf_candidates/LibreYOLO_smoke-uvylj_hf_snapshot/train/labels/frame_000041-1_jpg.rf.900182002afb2dce657ab73c133710c6.txt,640,640,VALID_SMOKE,train,False,False,True,0,smoke,True,9484d67729d06befa68dfae59221e4cee6ae218ebc5864a9fc646d72e34b6afb,8dc0a090c1f8ffff,huggingface_snapshot,pending_review,hf_snapshot_revision_recorded,True,
libreyolo_train_frame_000042-1_jpg.rf.1b76a7613e909c1c4674d8a4836502b4,/Users/mobcoderid-296/Desktop/fire-smoke/fire-smoke-cpu/data/raw/hf_candidates/LibreYOLO_smoke-uvylj_hf_snapshot/train/images/frame_000042-1_jpg.rf.1b76a7613e909c1c4674d8a4836502b4.jpg,/Users/mobcoderid-296/Desktop/fire-smoke/fire-smoke-cpu/data/raw/hf_candidates/LibreYOLO_smoke-uvylj_hf_snapshot/train/labels/frame_000042-1_jpg.rf.1b76a7613e909c1c4674d8a4836502b4.txt,640,640,VALID_SMOKE,train,False,False,True,0,smoke,True,55bff2c7e1f0d8e123c1740039552d3c245c9f87a46fa88dc56f889407e48743,8dc0a090c1f8ffff,huggingface_snapshot,pending_review,hf_snapshot_revision_recorded,True,
libreyolo_train_frame_000043-1_jpg.rf.8c7cab8f5aaf662dfcde041f59f7f780,/Users/mobcoderid-296/Desktop/fire-smoke/fire-smoke-cpu/data/raw/hf_candidates/LibreYOLO_smoke-uvylj_hf_snapshot/train/images/frame_000043-1_jpg.rf.8c7cab8f5aaf662dfcde041f59f7f780.jpg,/Users/mobcoderid-296/Desktop/fire-smoke/fire-smoke-cpu/data/raw/hf_candidates/LibreYOLO_smoke-uvylj_hf_snapshot/train/labels/frame_000043-1_jpg.rf.8c7cab8f5aaf662dfcde041f59f7f780.txt,640,640,VALID_SMOKE,train,False,False,True,0,smoke,True,c441b8aea539d0eb6db65241bda89372819913b93a892853822ee0ade17219b2,8dc0a0d0c1fcffff,huggingface_snapshot,pending_review,hf_snapshot_revision_recorded,True,
libreyolo_train_frame_000045-1_jpg.rf.6d2640e0edeb1709f379fa97fc4a9952,/Users/mobcoderid-296/Desktop/fire-smoke/fire-smoke-cpu/data/raw/hf_candidates/LibreYOLO_smoke-uvylj_hf_snapshot/train/images/frame_000045-1_jpg.rf.6d2640e0edeb1709f379fa97fc4a9952.jpg,/Users/mobcoderid-296/Desktop/fire-smoke/fire-smoke-cpu/data/raw/hf_candidates/LibreYOLO_smoke-uvylj_hf_snapshot/train/labels/frame_000045-1_jpg.rf.6d2640e0edeb1709f379fa97fc4a9952.txt,640,640,VALID_SMOKE,train,False,False,True,0,smoke,True,80bba25e4ece90b6d8e6c7581e8ae5df707611930e3845fd92e82e14bb27708e,8dc0a0d0e1fcffff,huggingface_snapshot,pending_review,hf_snapshot_revision_recorded,True,
libreyolo_train_frame_000045-2_jpg.rf.9ccc9b7471b284c62e96a660b333d96e,/Users/mobcoderid-296/Desktop/fire-smoke/fire-smoke-cpu/data/raw/hf_candidates/LibreYOLO_smoke-uvylj_hf_snapshot/train/images/frame_000045-2_jpg.rf.9ccc9b7471b284c62e96a660b333d96e.jpg,/Users/mobcoderid-296/Desktop/fire-smoke/fire-smoke-cpu/data/raw/hf_candidates/LibreYOLO_smoke-uvylj_hf_snapshot/train/labels/frame_000045-2_jpg.rf.9ccc9b7471b284c62e96a660b333d96e.txt,640,640,VALID_SMOKE,train,False,False,True,0,smoke,True,788a98458b40ff3a51d857b42d9dc7e2045c1d4ca0b225a5771ce8ea0e7806ad,2101c001077fffff,huggingface_snapshot,pending_review,hf_snapshot_revision_recorded,True,
libreyolo_train_frame_000045-4_jpg.rf.80d4caefee26c87c0433331d5ff3f37d,/Users/mobcoderid-296/Desktop/fire-smoke/fire-smoke-cpu/data/raw/hf_candidates/LibreYOLO_smoke-uvylj_hf_snapshot/train/images/frame_000045-4_jpg.rf.80d4caefee26c87c0433331d5ff3f37d.jpg,/Users/mobcoderid-296/Desktop/fire-smoke/fire-smoke-cpu/data/raw/hf_candidates/LibreYOLO_smoke-uvylj_hf_snapshot/train/labels/frame_000045-4_jpg.rf.80d4caefee26c87c0433331d5ff3f37d.txt,640,640,VALID_SMOKE,train,False,False,True,0,smoke,True,b92551654bb711d786d67c1402b4eb300d9554b7998c6adb9b224625e0d86191,ffff33030080c2f2,huggingface_snapshot,pending_review,hf_snapshot_revision_recorded,True,
libreyolo_train_frame_000045-5_jpg.rf.413675b3dff284e3a04525fff786dec7,/Users/mobcoderid-296/Desktop/fire-smoke/fire-smoke-cpu/data/raw/hf_candidates/LibreYOLO_smoke-uvylj_hf_snapshot/train/images/frame_000045-5_jpg.rf.413675b3dff284e3a04525fff786dec7.jpg,/Users/mobcoderid-296/Desktop/fire-smoke/fire-smoke-cpu/data/raw/hf_candidates/LibreYOLO_smoke-uvylj_hf_snapshot/train/labels/frame_000045-5_jpg.rf.413675b3dff284e3a04525fff786dec7.txt,640,640,VALID_SMOKE,train,False,False,True,0,smoke,True,830b6ccc99cd5a6d49c9896c7785aa0415fcc4b8f48593a305c822d3f65e52fd,870700030fffffff,huggingface_snapshot,pending_review,hf_snapshot_revision_recorded,True,
libreyolo_train_frame_000045_jpg.rf.c87e094ea067a6ce598f6d35a79f8a09,/Users/mobcoderid-296/Desktop/fire-smoke/fire-smoke-cpu/data/raw/hf_candidates/LibreYOLO_smoke-uvylj_hf_snapshot/train/images/frame_000045_jpg.rf.c87e094ea067a6ce598f6d35a79f8a09.jpg,/Users/mobcoderid-296/Desktop/fire-smoke/fire-smoke-cpu/data/raw/hf_candidates/LibreYOLO_smoke-uvylj_hf_snapshot/train/labels/frame_000045_jpg.rf.c87e094ea067a6ce598f6d35a79f8a09.txt,640,640,VALID_SMOKE,train,False,False,True,0,smoke,True,c5c9aeab174ba8dfe260e7055f30e882a51e73848279d047d5a4addf8a88a483,dfcc381c1c9c04c0,huggingface_snapshot,pending_review,hf_snapshot_revision_recorded,True,
libreyolo_train_frame_000046-1_jpg.rf.1fd040102f0da6b11cb3caa722e90ff5,/Users/mobcoderid-296/Desktop/fire-smoke/fire-smoke-cpu/data/raw/hf_candidates/LibreYOLO_smoke-uvylj_hf_snapshot/train/images/frame_000046-1_jpg.rf.1fd040102f0da6b11cb3caa722e90ff5.jpg,/Users/mobcoderid-296/Desktop/fire-smoke/fire-smoke-cpu/data/raw/hf_candidates/LibreYOLO_smoke-uvylj_hf_snapshot/train/labels/frame_000046-1_jpg.rf.1fd040102f0da6b11cb3caa722e90ff5.txt,640,640,VALID_SMOKE,train,False,False,True,0,smoke,True,3b12d97b7856cf6ac613f338c92b1950962f76212994c80487ad3422a00d9e3d,8dc0a0d0e1fcffff,huggingface_snapshot,pending_review,hf_snapshot_revision_recorded,True,
libreyolo_train_frame_000047-1_jpg.rf.661fa5b66b346f76d7c2bf7d314685d5,/Users/mobcoderid-296/Desktop/fire-smoke/fire-smoke-cpu/data/raw/hf_candidates/LibreYOLO_smoke-uvylj_hf_snapshot/train/images/frame_000047-1_jpg.rf.661fa5b66b346f76d7c2bf7d314685d5.jpg,/Users/mobcoderid-296/Desktop/fire-smoke/fire-smoke-cpu/data/raw/hf_candidates/LibreYOLO_smoke-uvylj_hf_snapshot/train/labels/frame_000047-1_jpg.rf.661fa5b66b346f76d7c2bf7d314685d5.txt,640,640,VALID_SMOKE,train,False,False,True,0,smoke,True,3f595f74469accc3954001d9ab5b2621bf1604465de43f454816c908c0e774b8,8dc0a0d0e1fcffff,huggingface_snapshot,pending_review,hf_snapshot_revision_recorded,True,
libreyolo_train_frame_000050-1_jpg.rf.d7483863e31960d786042bad504b4529,/Users/mobcoderid-296/Desktop/fire-smoke/fire-smoke-cpu/data/raw/hf_candidates/LibreYOLO_smoke-uvylj_hf_snapshot/train/images/frame_000050-1_jpg.rf.d7483863e31960d786042bad504b4529.jpg,/Users/mobcoderid-296/Desktop/fire-smoke/fire-smoke-cpu/data/raw/hf_candidates/LibreYOLO_smoke-uvylj_hf_snapshot/train/labels/frame_000050-1_jpg.rf.d7483863e31960d786042bad504b4529.txt,640,640,VALID_SMOKE,train,False,False,True,0,smoke,True,1d12cddb202675ea514438df2fa10f8d5dc58e7e4b51aa999fa1d21b91a16c0e,8dc0a0d0e1f8ffff,huggingface_snapshot,pending_review,hf_snapshot_revision_recorded,True,
libreyolo_train_frame_000050-2_jpg.rf.aae6ca5489d59afef0bb0ba2917a3aa7,/Users/mobcoderid-296/Desktop/fire-smoke/fire-smoke-cpu/data/raw/hf_candidates/LibreYOLO_smoke-uvylj_hf_snapshot/train/images/frame_000050-2_jpg.rf.aae6ca5489d59afef0bb0ba2917a3aa7.jpg,/Users/mobcoderid-296/Desktop/fire-smoke/fire-smoke-cpu/data/raw/hf_candidates/LibreYOLO_smoke-uvylj_hf_snapshot/train/labels/frame_000050-2_jpg.rf.aae6ca5489d59afef0bb0ba2917a3aa7.txt,640,640,VALID_SMOKE,train,False,False,True,0,smoke,True,72a9d22778b03391aac338e43b24581ee36866a7fa8446a8ccc17f31faa69d58,2101c0010f7fffff,huggingface_snapshot,pending_review,hf_snapshot_revision_recorded,True,
libreyolo_train_frame_000050-4_jpg.rf.2c9971235385248e252f463f74977282,/Users/mobcoderid-296/Desktop/fire-smoke/fire-smoke-cpu/data/raw/hf_candidates/LibreYOLO_smoke-uvylj_hf_snapshot/train/images/frame_000050-4_jpg.rf.2c9971235385248e252f463f74977282.jpg,/Users/mobcoderid-296/Desktop/fire-smoke/fire-smoke-cpu/data/raw/hf_candidates/LibreYOLO_smoke-uvylj_hf_snapshot/train/labels/frame_000050-4_jpg.rf.2c9971235385248e252f463f74977282.txt,640,640,VALID_SMOKE,train,False,False,True,0,smoke,True,e4623fc27cadc1a3de5e13e809c661d7ca4b3e658948c0d3c1b10119eef50b72,ffff13030080c2f0,huggingface_snapshot,pending_review,hf_snapshot_revision_recorded,True,
libreyolo_train_frame_000050-5_jpg.rf.e0e02b4450ae759a79649b591a8ef895,/Users/mobcoderid-296/Desktop/fire-smoke/fire-smoke-cpu/data/raw/hf_candidates/LibreYOLO_smoke-uvylj_hf_snapshot/train/images/frame_000050-5_jpg.rf.e0e02b4450ae759a79649b591a8ef895.jpg,/Users/mobcoderid-296/Desktop/fire-smoke/fire-smoke-cpu/data/raw/hf_candidates/LibreYOLO_smoke-uvylj_hf_snapshot/train/labels/frame_000050-5_jpg.rf.e0e02b4450ae759a79649b591a8ef895.txt,640,640,VALID_SMOKE,train,False,False,True,0,smoke,True,93c2533c8bd471e742f0f07bd5d5bf24950d25ce268baba6056b2d34ae8f0ab6,870700030fffffff,huggingface_snapshot,pending_review,hf_snapshot_revision_recorded,True,
libreyolo_train_frame_000050_jpg.rf.3a4272f785b48b70102b38cfe1cee46c,/Users/mobcoderid-296/Desktop/fire-smoke/fire-smoke-cpu/data/raw/hf_candidates/LibreYOLO_smoke-uvylj_hf_snapshot/train/images/frame_000050_jpg.rf.3a4272f785b48b70102b38cfe1cee46c.jpg,/Users/mobcoderid-296/Desktop/fire-smoke/fire-smoke-cpu/data/raw/hf_candidates/LibreYOLO_smoke-uvylj_hf_snapshot/train/labels/frame_000050_jpg.rf.3a4272f785b48b70102b38cfe1cee46c.txt,640,640,VALID_SMOKE,train,False,False,True,0,smoke,True,8aa43aa48b43efd03b6816e21776ec5b183d4c623c296a40a96efb3e3013910e,dfcc381c1c1c04c0,huggingface_snapshot,pending_review,hf_snapshot_revision_recorded,True,
libreyolo_train_frame_000051-1_jpg.rf.7d97822b590ff0c8c8ca4e1d8a685c8c,/Users/mobcoderid-296/Desktop/fire-smoke/fire-smoke-cpu/data/raw/hf_candidates/LibreYOLO_smoke-uvylj_hf_snapshot/train/images/frame_000051-1_jpg.rf.7d97822b590ff0c8c8ca4e1d8a685c8c.jpg,/Users/mobcoderid-296/Desktop/fire-smoke/fire-smoke-cpu/data/raw/hf_candidates/LibreYOLO_smoke-uvylj_hf_snapshot/train/labels/frame_000051-1_jpg.rf.7d97822b590ff0c8c8ca4e1d8a685c8c.txt,640,640,VALID_SMOKE,train,False,False,True,0,smoke,True,802f9d491ada0e8531ab8108d4634506fab6ad1030f74143c7e99b1893b7d633,8dc0a0d0e1fcffff,huggingface_snapshot,pending_review,hf_snapshot_revision_recorded,True,
libreyolo_train_frame_000052-1_jpg.rf.f3b31319a4a746caecf10508e605d3ca,/Users/mobcoderid-296/Desktop/fire-smoke/fire-smoke-cpu/data/raw/hf_candidates/LibreYOLO_smoke-uvylj_hf_snapshot/train/images/frame_000052-1_jpg.rf.f3b31319a4a746caecf10508e605d3ca.jpg,/Users/mobcoderid-296/Desktop/fire-smoke/fire-smoke-cpu/data/raw/hf_candidates/LibreYOLO_smoke-uvylj_hf_snapshot/train/labels/frame_000052-1_jpg.rf.f3b31319a4a746caecf10508e605d3ca.txt,640,640,VALID_SMOKE,train,False,False,True,0,smoke,True,5cadb452dc09e09ae46aac8606123b3f1ba0d3435b48dc64083c988d6a49a490,8dc0a0d0e1fcffff,huggingface_snapshot,pending_review,hf_snapshot_revision_recorded,True,
libreyolo_train_frame_000053-1_jpg.rf.948d20648adec254c1cecd5e779d75db,/Users/mobcoderid-296/Desktop/fire-smoke/fire-smoke-cpu/data/raw/hf_candidates/LibreYOLO_smoke-uvylj_hf_snapshot/train/images/frame_000053-1_jpg.rf.948d20648adec254c1cecd5e779d75db.jpg,/Users/mobcoderid-296/Desktop/fire-smoke/fire-smoke-cpu/data/raw/hf_candidates/LibreYOLO_smoke-uvylj_hf_snapshot/train/labels/frame_000053-1_jpg.rf.948d20648adec254c1cecd5e779d75db.txt,640,640,VALID_SMOKE,train,False,False,True,0,smoke,True,92fd860e3ecb5ca7d77537c1a8fa0fbff780395370d56f59a9211e06518619f8,8dc0a0d0e1fcffff,huggingface_snapshot,pending_review,hf_snapshot_revision_recorded,True,
libreyolo_train_frame_000054-1_jpg.rf.2cd8b78ab76c13434b2477893cbb7277,/Users/mobcoderid-296/Desktop/fire-smoke/fire-smoke-cpu/data/raw/hf_candidates/LibreYOLO_smoke-uvylj_hf_snapshot/train/images/frame_000054-1_jpg.rf.2cd8b78ab76c13434b2477893cbb7277.jpg,/Users/mobcoderid-296/Desktop/fire-smoke/fire-smoke-cpu/data/raw/hf_candidates/LibreYOLO_smoke-uvylj_hf_snapshot/train/labels/frame_000054-1_jpg.rf.2cd8b78ab76c13434b2477893cbb7277.txt,640,640,VALID_SMOKE,train,False,False,True,0,smoke,True,27317c910df487a2a853b7086dde9f846ba2b9ee596ed5b68c182b34b4e890ac,8dc0a0d0e1fcffff,huggingface_snapshot,pending_review,hf_snapshot_revision_recorded,True,
libreyolo_train_frame_000055-5_jpg.rf.5d5dc898c2015b3f6337af4b583be104,/Users/mobcoderid-296/Desktop/fire-smoke/fire-smoke-cpu/data/raw/hf_candidates/LibreYOLO_smoke-uvylj_hf_snapshot/train/images/frame_000055-5_jpg.rf.5d5dc898c2015b3f6337af4b583be104.jpg,/Users/mobcoderid-296/Desktop/fire-smoke/fire-smoke-cpu/data/raw/hf_candidates/LibreYOLO_smoke-uvylj_hf_snapshot/train/labels/frame_000055-5_jpg.rf.5d5dc898c2015b3f6337af4b583be104.txt,640,640,VALID_SMOKE,train,False,False,True,0,smoke,True,e286bfdedf46518853f76ec4c320c80a952769161527acd60d7aa99c857d2b25,870700030fffffff,huggingface_snapshot,pending_review,hf_snapshot_revision_recorded,True,
libreyolo_train_frame_000055_jpg.rf.0667729b7b8dd7142ff5cfea633c3499,/Users/mobcoderid-296/Desktop/fire-smoke/fire-smoke-cpu/data/raw/hf_candidates/LibreYOLO_smoke-uvylj_hf_snapshot/train/images/frame_000055_jpg.rf.0667729b7b8dd7142ff5cfea633c3499.jpg,/Users/mobcoderid-296/Desktop/fire-smoke/fire-smoke-cpu/data/raw/hf_candidates/LibreYOLO_smoke-uvylj_hf_snapshot/train/labels/frame_000055_jpg.rf.0667729b7b8dd7142ff5cfea633c3499.txt,640,640,VALID_SMOKE,train,False,False,True,0,smoke,True,826e9e8973b59bb36ae3d2c3fadff4a085a201b2da87cf30df8e6c7818972d58,ffcd281c1c1c00c0,huggingface_snapshot,pending_review,hf_snapshot_revision_recorded,True,
libreyolo_train_frame_000056-1_jpg.rf.54b88c8f76ddaa9b777bfc5492c30303,/Users/mobcoderid-296/Desktop/fire-smoke/fire-smoke-cpu/data/raw/hf_candidates/LibreYOLO_smoke-uvylj_hf_snapshot/train/images/frame_000056-1_jpg.rf.54b88c8f76ddaa9b777bfc5492c30303.jpg,/Users/mobcoderid-296/Desktop/fire-smoke/fire-smoke-cpu/data/raw/hf_candidates/LibreYOLO_smoke-uvylj_hf_snapshot/train/labels/frame_000056-1_jpg.rf.54b88c8f76ddaa9b777bfc5492c30303.txt,640,640,VALID_SMOKE,train,False,False,True,0,smoke,True,83a0635be38b694ef72739aba40d4d222b5270c18000062f00d05ed25517722b,8dc0a0d4e1fcffff,huggingface_snapshot,pending_review,hf_snapshot_revision_recorded,True,
libreyolo_train_frame_000057-1_jpg.rf.b76742626b9ba51feff9943cc4a91f37,/Users/mobcoderid-296/Desktop/fire-smoke/fire-smoke-cpu/data/raw/hf_candidates/LibreYOLO_smoke-uvylj_hf_snapshot/train/images/frame_000057-1_jpg.rf.b76742626b9ba51feff9943cc4a91f37.jpg,/Users/mobcoderid-296/Desktop/fire-smoke/fire-smoke-cpu/data/raw/hf_candidates/LibreYOLO_smoke-uvylj_hf_snapshot/train/labels/frame_000057-1_jpg.rf.b76742626b9ba51feff9943cc4a91f37.txt,640,640,VALID_SMOKE,train,False,False,True,0,smoke,True,64523e78c8e419fb71fe293d7dbeaf28de464ac8a5c89207c3e0f283ed92aa61,8dc0a0d4e1fcffff,huggingface_snapshot,pending_review,hf_snapshot_revision_recorded,True,
libreyolo_train_frame_000059-1_jpg.rf.008644c6edf568cef957962355139f93,/Users/mobcoderid-296/Desktop/fire-smoke/fire-smoke-cpu/data/raw/hf_candidates/LibreYOLO_smoke-uvylj_hf_snapshot/train/images/frame_000059-1_jpg.rf.008644c6edf568cef957962355139f93.jpg,/Users/mobcoderid-296/Desktop/fire-smoke/fire-smoke-cpu/data/raw/hf_candidates/LibreYOLO_smoke-uvylj_hf_snapshot/train/labels/frame_000059-1_jpg.rf.008644c6edf568cef957962355139f93.txt,640,640,VALID_SMOKE,train,False,False,True,0,smoke,True,ceeb111805b7633b8e637bd4dafccfa5219c7a720646a981ff0580a9c7e15c3e,8dc0a0c4e1fcffff,huggingface_snapshot,pending_review,hf_snapshot_revision_recorded,True,
libreyolo_train_frame_000060-1_jpg.rf.646eb521b85b1ebc4874704e091371d0,/Users/mobcoderid-296/Desktop/fire-smoke/fire-smoke-cpu/data/raw/hf_candidates/LibreYOLO_smoke-uvylj_hf_snapshot/train/images/frame_000060-1_jpg.rf.646eb521b85b1ebc4874704e091371d0.jpg,/Users/mobcoderid-296/Desktop/fire-smoke/fire-smoke-cpu/data/raw/hf_candidates/LibreYOLO_smoke-uvylj_hf_snapshot/train/labels/frame_000060-1_jpg.rf.646eb521b85b1ebc4874704e091371d0.txt,640,640,VALID_SMOKE,train,False,False,True,0,smoke,True,ddffdfe37566ca3736ec1149945ab44cb514f0ec18326b2d44110684990751a6,8dc0a0c4e1fcffff,huggingface_snapshot,pending_review,hf_snapshot_revision_recorded,True,
libreyolo_train_frame_000060-2_jpg.rf.4080e1061a8ad91d0704d1d13dbe62f9,/Users/mobcoderid-296/Desktop/fire-smoke/fire-smoke-cpu/data/raw/hf_candidates/LibreYOLO_smoke-uvylj_hf_snapshot/train/images/frame_000060-2_jpg.rf.4080e1061a8ad91d0704d1d13dbe62f9.jpg,/Users/mobcoderid-296/Desktop/fire-smoke/fire-smoke-cpu/data/raw/hf_candidates/LibreYOLO_smoke-uvylj_hf_snapshot/train/labels/frame_000060-2_jpg.rf.4080e1061a8ad91d0704d1d13dbe62f9.txt,640,640,VALID_SMOKE,train,False,False,True,0,smoke,True,42ebea1bb98de6abe4c41e869d1e74b7e838d5e05a2c468a1978e02bf9f437d8,0101c003077fffff,huggingface_snapshot,pending_review,hf_snapshot_revision_recorded,True,
libreyolo_train_frame_000060-4_jpg.rf.c3b0b98849a1c1936b8506122bcc8a00,/Users/mobcoderid-296/Desktop/fire-smoke/fire-smoke-cpu/data/raw/hf_candidates/LibreYOLO_smoke-uvylj_hf_snapshot/train/images/frame_000060-4_jpg.rf.c3b0b98849a1c1936b8506122bcc8a00.jpg,/Users/mobcoderid-296/Desktop/fire-smoke/fire-smoke-cpu/data/raw/hf_candidates/LibreYOLO_smoke-uvylj_hf_snapshot/train/labels/frame_000060-4_jpg.rf.c3b0b98849a1c1936b8506122bcc8a00.txt,640,640,VALID_SMOKE,train,False,False,True,0,smoke,True,830f248b1eeb0b02e30b4ff00a5c00f751f4dd10a8a95a019f73e89bcc413993,ffff13030080c2f0,huggingface_snapshot,pending_review,hf_snapshot_revision_recorded,True,
libreyolo_train_frame_000060_jpg.rf.de7f1b2c11077e30015a6b60cd315971,/Users/mobcoderid-296/Desktop/fire-smoke/fire-smoke-cpu/data/raw/hf_candidates/LibreYOLO_smoke-uvylj_hf_snapshot/train/images/frame_000060_jpg.rf.de7f1b2c11077e30015a6b60cd315971.jpg,/Users/mobcoderid-296/Desktop/fire-smoke/fire-smoke-cpu/data/raw/hf_candidates/LibreYOLO_smoke-uvylj_hf_snapshot/train/labels/frame_000060_jpg.rf.de7f1b2c11077e30015a6b60cd315971.txt,640,640,VALID_SMOKE,train,False,False,True,0,smoke,True,1f5c2c525b176f937f6bc818e15d8a8d2c61136fd564a049aa5d85abf13ab22b,ffcde83c0c1c80c0,huggingface_snapshot,pending_review,hf_snapshot_revision_recorded,True,
libreyolo_train_frame_000065-4_jpg.rf.673c8717d50bfc2a35abfb447970b9fa,/Users/mobcoderid-296/Desktop/fire-smoke/fire-smoke-cpu/data/raw/hf_candidates/LibreYOLO_smoke-uvylj_hf_snapshot/train/images/frame_000065-4_jpg.rf.673c8717d50bfc2a35abfb447970b9fa.jpg,/Users/mobcoderid-296/Desktop/fire-smoke/fire-smoke-cpu/data/raw/hf_candidates/LibreYOLO_smoke-uvylj_hf_snapshot/train/labels/frame_000065-4_jpg.rf.673c8717d50bfc2a35abfb447970b9fa.txt,640,640,VALID_SMOKE,train,False,False,True,0,smoke,True,5dc4300e08c170f8ed80575490ec6116c975184d8efcd9c9bbecad4364d8a5e0,ffff13030080c2f0,huggingface_snapshot,pending_review,hf_snapshot_revision_recorded,True,
libreyolo_train_frame_000065-5_jpg.rf.ee790829f8d0c956faf7efd83d37ae40,/Users/mobcoderid-296/Desktop/fire-smoke/fire-smoke-cpu/data/raw/hf_candidates/LibreYOLO_smoke-uvylj_hf_snapshot/train/images/frame_000065-5_jpg.rf.ee790829f8d0c956faf7efd83d37ae40.jpg,/Users/mobcoderid-296/Desktop/fire-smoke/fire-smoke-cpu/data/raw/hf_candidates/LibreYOLO_smoke-uvylj_hf_snapshot/train/labels/frame_000065-5_jpg.rf.ee790829f8d0c956faf7efd83d37ae40.txt,640,640,VALID_SMOKE,train,False,False,True,0,smoke,True,1e1d3100cb8efb3c46e8e0259ec7d5efa4031964d67623c530f16a933f9640f0,870700030fffffff,huggingface_snapshot,pending_review,hf_snapshot_revision_recorded,True,
libreyolo_train_frame_000065_jpg.rf.70822461b609735a1d3f19e9a358bf1e,/Users/mobcoderid-296/Desktop/fire-smoke/fire-smoke-cpu/data/raw/hf_candidates/LibreYOLO_smoke-uvylj_hf_snapshot/train/images/frame_000065_jpg.rf.70822461b609735a1d3f19e9a358bf1e.jpg,/Users/mobcoderid-296/Desktop/fire-smoke/fire-smoke-cpu/data/raw/hf_candidates/LibreYOLO_smoke-uvylj_hf_snapshot/train/labels/frame_000065_jpg.rf.70822461b609735a1d3f19e9a358bf1e.txt,640,640,VALID_SMOKE,train,False,False,True,0,smoke,True,c173500db44e526ff1437089075f8d873016f411109c5366b2106335e4a30cc5,bfcde83c2c1c80c0,huggingface_snapshot,pending_review,hf_snapshot_revision_recorded,True,
libreyolo_train_frame_000070-2_jpg.rf.5c9e7d7a410ec87c2e48fff356a09b3d,/Users/mobcoderid-296/Desktop/fire-smoke/fire-smoke-cpu/data/raw/hf_candidates/LibreYOLO_smoke-uvylj_hf_snapshot/train/images/frame_000070-2_jpg.rf.5c9e7d7a410ec87c2e48fff356a09b3d.jpg,/Users/mobcoderid-296/Desktop/fire-smoke/fire-smoke-cpu/data/raw/hf_candidates/LibreYOLO_smoke-uvylj_hf_snapshot/train/labels/frame_000070-2_jpg.rf.5c9e7d7a410ec87c2e48fff356a09b3d.txt,640,640,VALID_SMOKE,train,False,False,True,0,smoke,True,a7b7b3cfb2b1249a266af0a9c618f99f9a393c75aae0fb27608883fc064fde3e,0101c0030f7fffff,huggingface_snapshot,pending_review,hf_snapshot_revision_recorded,True,
libreyolo_train_frame_000070-4_jpg.rf.c0000cb7767a6d5bc6747e29c9e15944,/Users/mobcoderid-296/Desktop/fire-smoke/fire-smoke-cpu/data/raw/hf_candidates/LibreYOLO_smoke-uvylj_hf_snapshot/train/images/frame_000070-4_jpg.rf.c0000cb7767a6d5bc6747e29c9e15944.jpg,/Users/mobcoderid-296/Desktop/fire-smoke/fire-smoke-cpu/data/raw/hf_candidates/LibreYOLO_smoke-uvylj_hf_snapshot/train/labels/frame_000070-4_jpg.rf.c0000cb7767a6d5bc6747e29c9e15944.txt,640,640,VALID_SMOKE,train,False,False,True,0,smoke,True,0373166cb89b7c8fced03db393d162f1727149aa8d28387b1b689273a1893b5f,ffff13030080c2f0,huggingface_snapshot,pending_review,hf_snapshot_revision_recorded,True,
libreyolo_train_frame_000070-5_jpg.rf.8839458f6e2af065d4a58daeebaf1b48,/Users/mobcoderid-296/Desktop/fire-smoke/fire-smoke-cpu/data/raw/hf_candidates/LibreYOLO_smoke-uvylj_hf_snapshot/train/images/frame_000070-5_jpg.rf.8839458f6e2af065d4a58daeebaf1b48.jpg,/Users/mobcoderid-296/Desktop/fire-smoke/fire-smoke-cpu/data/raw/hf_candidates/LibreYOLO_smoke-uvylj_hf_snapshot/train/labels/frame_000070-5_jpg.rf.8839458f6e2af065d4a58daeebaf1b48.txt,640,640,VALID_SMOKE,train,False,False,True,0,smoke,True,b9339c5d781dc212a6d2808297c6efdf440d1b4caf9066e411c704c8ca808982,870700031fffffff,huggingface_snapshot,pending_review,hf_snapshot_revision_recorded,True,
libreyolo_train_frame_000070_jpg.rf.83859f67efb9e5edcf99f697e5cda698,/Users/mobcoderid-296/Desktop/fire-smoke/fire-smoke-cpu/data/raw/hf_candidates/LibreYOLO_smoke-uvylj_hf_snapshot/train/images/frame_000070_jpg.rf.83859f67efb9e5edcf99f697e5cda698.jpg,/Users/mobcoderid-296/Desktop/fire-smoke/fire-smoke-cpu/data/raw/hf_candidates/LibreYOLO_smoke-uvylj_hf_snapshot/train/labels/frame_000070_jpg.rf.83859f67efb9e5edcf99f697e5cda698.txt,640,640,VALID_SMOKE,train,False,False,True,0,smoke,True,2e008ddd8a070d2a42a0fde75cfceac556e1445fb88a3958e42e676a5ee0a37a,ffcce83c2c1c8040,huggingface_snapshot,pending_review,hf_snapshot_revision_recorded,True,
libreyolo_train_frame_000075-2_jpg.rf.0e9f5b0f48c144755ab258b197a9cf42,/Users/mobcoderid-296/Desktop/fire-smoke/fire-smoke-cpu/data/raw/hf_candidates/LibreYOLO_smoke-uvylj_hf_snapshot/train/images/frame_000075-2_jpg.rf.0e9f5b0f48c144755ab258b197a9cf42.jpg,/Users/mobcoderid-296/Desktop/fire-smoke/fire-smoke-cpu/data/raw/hf_candidates/LibreYOLO_smoke-uvylj_hf_snapshot/train/labels/frame_000075-2_jpg.rf.0e9f5b0f48c144755ab258b197a9cf42.txt,640,640,VALID_SMOKE,train,False,False,True,0,smoke,True,9c8dcd4db08f85dbad9fbc1700152bc8f415ed1de64aa979f73496b5be873775,0101c0030f7fffff,huggingface_snapshot,pending_review,hf_snapshot_revision_recorded,True,
libreyolo_train_frame_000075-4_jpg.rf.ecc98528e1c3c8dbd539b01c5ba38cf4,/Users/mobcoderid-296/Desktop/fire-smoke/fire-smoke-cpu/data/raw/hf_candidates/LibreYOLO_smoke-uvylj_hf_snapshot/train/images/frame_000075-4_jpg.rf.ecc98528e1c3c8dbd539b01c5ba38cf4.jpg,/Users/mobcoderid-296/Desktop/fire-smoke/fire-smoke-cpu/data/raw/hf_candidates/LibreYOLO_smoke-uvylj_hf_snapshot/train/labels/frame_000075-4_jpg.rf.ecc98528e1c3c8dbd539b01c5ba38cf4.txt,640,640,VALID_SMOKE,train,False,False,True,0,smoke,True,8791cafdfd6028507dc6e2edcf393fc23122c78a1769580a76934982c79331b1,ffff13030080c2f0,huggingface_snapshot,pending_review,hf_snapshot_revision_recorded,True,
libreyolo_train_frame_000075-5_jpg.rf.fe2ea1e17e4051bc3a16571181cf4090,/Users/mobcoderid-296/Desktop/fire-smoke/fire-smoke-cpu/data/raw/hf_candidates/LibreYOLO_smoke-uvylj_hf_snapshot/train/images/frame_000075-5_jpg.rf.fe2ea1e17e4051bc3a16571181cf4090.jpg,/Users/mobcoderid-296/Desktop/fire-smoke/fire-smoke-cpu/data/raw/hf_candidates/LibreYOLO_smoke-uvylj_hf_snapshot/train/labels/frame_000075-5_jpg.rf.fe2ea1e17e4051bc3a16571181cf4090.txt,640,640,VALID_SMOKE,train,False,False,True,0,smoke,True,e9916e4f08f8c1feb9e970cacdfadc508fa72b2913ef0be46ae38ff1c18676cb,870700031fffffff,huggingface_snapshot,pending_review,hf_snapshot_revision_recorded,True,
libreyolo_train_frame_000080-5_jpg.rf.fdc71ba355d9f107e2cafb6d1172fed0,/Users/mobcoderid-296/Desktop/fire-smoke/fire-smoke-cpu/data/raw/hf_candidates/LibreYOLO_smoke-uvylj_hf_snapshot/train/images/frame_000080-5_jpg.rf.fdc71ba355d9f107e2cafb6d1172fed0.jpg,/Users/mobcoderid-296/Desktop/fire-smoke/fire-smoke-cpu/data/raw/hf_candidates/LibreYOLO_smoke-uvylj_hf_snapshot/train/labels/frame_000080-5_jpg.rf.fdc71ba355d9f107e2cafb6d1172fed0.txt,640,640,VALID_SMOKE,train,False,False,True,0,smoke,True,c412000810839ce3a3b8bc9062c346e7e891d1c2941020f515c30a02e56f65ea,870700031fffffff,huggingface_snapshot,pending_review,hf_snapshot_revision_recorded,True,
libreyolo_train_frame_000080_jpg.rf.c6c1181259855e06cb17615057ae3db4,/Users/mobcoderid-296/Desktop/fire-smoke/fire-smoke-cpu/data/raw/hf_candidates/LibreYOLO_smoke-uvylj_hf_snapshot/train/images/frame_000080_jpg.rf.c6c1181259855e06cb17615057ae3db4.jpg,/Users/mobcoderid-296/Desktop/fire-smoke/fire-smoke-cpu/data/raw/hf_candidates/LibreYOLO_smoke-uvylj_hf_snapshot/train/labels/frame_000080_jpg.rf.c6c1181259855e06cb17615057ae3db4.txt,640,640,VALID_SMOKE,train,False,False,True,0,smoke,True,5c47164fe110acb63b45419c21806a1231d3f233518583029dea25de15b36f00,ffecf83c2c1c1840,huggingface_snapshot,pending_review,hf_snapshot_revision_recorded,True,
libreyolo_train_frame_000085-4_jpg.rf.a3c5defd4c792052eb27f6457ab86c07,/Users/mobcoderid-296/Desktop/fire-smoke/fire-smoke-cpu/data/raw/hf_candidates/LibreYOLO_smoke-uvylj_hf_snapshot/train/images/frame_000085-4_jpg.rf.a3c5defd4c792052eb27f6457ab86c07.jpg,/Users/mobcoderid-296/Desktop/fire-smoke/fire-smoke-cpu/data/raw/hf_candidates/LibreYOLO_smoke-uvylj_hf_snapshot/train/labels/frame_000085-4_jpg.rf.a3c5defd4c792052eb27f6457ab86c07.txt,640,640,VALID_SMOKE,train,False,False,True,0,smoke,True,93dfb6980f324b0405182f23db33ecd80cba36cd2bb2e05d859a58523b277989,ffff93038080c2f0,huggingface_snapshot,pending_review,hf_snapshot_revision_recorded,True,
libreyolo_train_frame_000085-5_jpg.rf.18004e213f2ed4dc2b1c6723bd09ce28,/Users/mobcoderid-296/Desktop/fire-smoke/fire-smoke-cpu/data/raw/hf_candidates/LibreYOLO_smoke-uvylj_hf_snapshot/train/images/frame_000085-5_jpg.rf.18004e213f2ed4dc2b1c6723bd09ce28.jpg,/Users/mobcoderid-296/Desktop/fire-smoke/fire-smoke-cpu/data/raw/hf_candidates/LibreYOLO_smoke-uvylj_hf_snapshot/train/labels/frame_000085-5_jpg.rf.18004e213f2ed4dc2b1c6723bd09ce28.txt,640,640,VALID_SMOKE,train,False,False,True,0,smoke,True,f4472db692aa08b904fb3bd417b0ba46844373d6736d5225b99ab5e689e15a95,870700031fffffff,huggingface_snapshot,pending_review,hf_snapshot_revision_recorded,True,
libreyolo_train_frame_000090-2_jpg.rf.799a322f488b6d6734b632b11b0890ec,/Users/mobcoderid-296/Desktop/fire-smoke/fire-smoke-cpu/data/raw/hf_candidates/LibreYOLO_smoke-uvylj_hf_snapshot/train/images/frame_000090-2_jpg.rf.799a322f488b6d6734b632b11b0890ec.jpg,/Users/mobcoderid-296/Desktop/fire-smoke/fire-smoke-cpu/data/raw/hf_candidates/LibreYOLO_smoke-uvylj_hf_snapshot/train/labels/frame_000090-2_jpg.rf.799a322f488b6d6734b632b11b0890ec.txt,640,640,VALID_SMOKE,train,False,False,True,0,smoke,True,c4db2bf5d76d816b2200f10fa76f4de4867122ea29b013f4e75cdd085c15299c,0101c0030f7fffff,huggingface_snapshot,pending_review,hf_snapshot_revision_recorded,True,
libreyolo_train_frame_000090-4_jpg.rf.5fe15f7788f854c004b3c47eb39cae62,/Users/mobcoderid-296/Desktop/fire-smoke/fire-smoke-cpu/data/raw/hf_candidates/LibreYOLO_smoke-uvylj_hf_snapshot/train/images/frame_000090-4_jpg.rf.5fe15f7788f854c004b3c47eb39cae62.jpg,/Users/mobcoderid-296/Desktop/fire-smoke/fire-smoke-cpu/data/raw/hf_candidates/LibreYOLO_smoke-uvylj_hf_snapshot/train/labels/frame_000090-4_jpg.rf.5fe15f7788f854c004b3c47eb39cae62.txt,640,640,UNKNOWN_CLASS_OR_INVALID_ANNOTATION,train,False,False,False,,,False,a3acd6f88c83407810fb4a54760e421f032aa07e569f9edf895db7758d2ce643,ffff93838080c2f0,huggingface_snapshot,pending_review,hf_snapshot_revision_recorded,False,unknown_class_or_invalid_annotation
libreyolo_train_frame_000090-5_jpg.rf.b1b335499b12830fe134e87cf1e80839,/Users/mobcoderid-296/Desktop/fire-smoke/fire-smoke-cpu/data/raw/hf_candidates/LibreYOLO_smoke-uvylj_hf_snapshot/train/images/frame_000090-5_jpg.rf.b1b335499b12830fe134e87cf1e80839.jpg,/Users/mobcoderid-296/Desktop/fire-smoke/fire-smoke-cpu/data/raw/hf_candidates/LibreYOLO_smoke-uvylj_hf_snapshot/train/labels/frame_000090-5_jpg.rf.b1b335499b12830fe134e87cf1e80839.txt,640,640,VALID_SMOKE,train,False,False,True,0,smoke,True,98d41ee5ce737f1767e3addb87e04dd59f04f95538342f68ba398ca6f741c96c,830700031fffffff,huggingface_snapshot,pending_review,hf_snapshot_revision_recorded,True,
libreyolo_train_frame_000090_jpg.rf.f82b69234a4363322f020a00e2b8b2ce,/Users/mobcoderid-296/Desktop/fire-smoke/fire-smoke-cpu/data/raw/hf_candidates/LibreYOLO_smoke-uvylj_hf_snapshot/train/images/frame_000090_jpg.rf.f82b69234a4363322f020a00e2b8b2ce.jpg,/Users/mobcoderid-296/Desktop/fire-smoke/fire-smoke-cpu/data/raw/hf_candidates/LibreYOLO_smoke-uvylj_hf_snapshot/train/labels/frame_000090_jpg.rf.f82b69234a4363322f020a00e2b8b2ce.txt,640,640,VALID_SMOKE,train,False,False,True,0,smoke,True,c7811b1f72e2428b8eb3065146b66805e92c3f3e4e77d35749921ebc13af2efc,ffccf83c0c1c9cc0,huggingface_snapshot,pending_review,hf_snapshot_revision_recorded,True,
libreyolo_train_frame_000095-2_jpg.rf.ff723119a7800085567de9e33a39fe4a,/Users/mobcoderid-296/Desktop/fire-smoke/fire-smoke-cpu/data/raw/hf_candidates/LibreYOLO_smoke-uvylj_hf_snapshot/train/images/frame_000095-2_jpg.rf.ff723119a7800085567de9e33a39fe4a.jpg,/Users/mobcoderid-296/Desktop/fire-smoke/fire-smoke-cpu/data/raw/hf_candidates/LibreYOLO_smoke-uvylj_hf_snapshot/train/labels/frame_000095-2_jpg.rf.ff723119a7800085567de9e33a39fe4a.txt,640,640,VALID_SMOKE,train,False,False,True,0,smoke,True,65698fe1197b40b305bfccd1c49eeffbff38863bc743808b809b0aa8aa8d0558,0101c0030f7fffff,huggingface_snapshot,pending_review,hf_snapshot_revision_recorded,True,
libreyolo_train_frame_000095-4_jpg.rf.ef9febfe50af5183cecacdaf82e91e2d,/Users/mobcoderid-296/Desktop/fire-smoke/fire-smoke-cpu/data/raw/hf_candidates/LibreYOLO_smoke-uvylj_hf_snapshot/train/images/frame_000095-4_jpg.rf.ef9febfe50af5183cecacdaf82e91e2d.jpg,/Users/mobcoderid-296/Desktop/fire-smoke/fire-smoke-cpu/data/raw/hf_candidates/LibreYOLO_smoke-uvylj_hf_snapshot/train/labels/frame_000095-4_jpg.rf.ef9febfe50af5183cecacdaf82e91e2d.txt,640,640,VALID_SMOKE,train,False,False,True,0,smoke,True,63dab81bb6d892ba216106e7b493ee1225e35750d9e45ffc7cf8c9b4060aa905,ffff93838080c2f0,huggingface_snapshot,pending_review,hf_snapshot_revision_recorded,True,
libreyolo_train_frame_000095-5_jpg.rf.06532812dd16b8bca0cb0389d90b41ab,/Users/mobcoderid-296/Desktop/fire-smoke/fire-smoke-cpu/data/raw/hf_candidates/LibreYOLO_smoke-uvylj_hf_snapshot/train/images/frame_000095-5_jpg.rf.06532812dd16b8bca0cb0389d90b41ab.jpg,/Users/mobcoderid-296/Desktop/fire-smoke/fire-smoke-cpu/data/raw/hf_candidates/LibreYOLO_smoke-uvylj_hf_snapshot/train/labels/frame_000095-5_jpg.rf.06532812dd16b8bca0cb0389d90b41ab.txt,640,640,VALID_SMOKE,train,False,False,True,0,smoke,True,ae4bd7d966057c7f7d052d3a7b113c980a3ec349fa443e762fa2215595a8d9ef,830700031fffffff,huggingface_snapshot,pending_review,hf_snapshot_revision_recorded,True,
libreyolo_train_frame_000100-3_jpg.rf.548977d5cc8b8d041d4507887a59b54e,/Users/mobcoderid-296/Desktop/fire-smoke/fire-smoke-cpu/data/raw/hf_candidates/LibreYOLO_smoke-uvylj_hf_snapshot/train/images/frame_000100-3_jpg.rf.548977d5cc8b8d041d4507887a59b54e.jpg,/Users/mobcoderid-296/Desktop/fire-smoke/fire-smoke-cpu/data/raw/hf_candidates/LibreYOLO_smoke-uvylj_hf_snapshot/train/labels/frame_000100-3_jpg.rf.548977d5cc8b8d041d4507887a59b54e.txt,640,640,VALID_SMOKE,train,False,False,True,0,smoke,True,a1bd2cadc6a755e98fed66e397042e1fbbaa9e5a4423db22795e271c80366b4d,fe0f0f0303030f3f,huggingface_snapshot,pending_review,hf_snapshot_revision_recorded,True,
libreyolo_train_frame_000100-4_jpg.rf.f8db4dc8938067359634ce047af13751,/Users/mobcoderid-296/Desktop/fire-smoke/fire-smoke-cpu/data/raw/hf_candidates/LibreYOLO_smoke-uvylj_hf_snapshot/train/images/frame_000100-4_jpg.rf.f8db4dc8938067359634ce047af13751.jpg,/Users/mobcoderid-296/Desktop/fire-smoke/fire-smoke-cpu/data/raw/hf_candidates/LibreYOLO_smoke-uvylj_hf_snapshot/train/labels/frame_000100-4_jpg.rf.f8db4dc8938067359634ce047af13751.txt,640,640,VALID_SMOKE,train,False,False,True,0,smoke,True,de52058d8ef8009dcde784683d77dd2efdaa8f4c4db012ce3cfc8442fdba1a10,ffffa3c38080c2f0,huggingface_snapshot,pending_review,hf_snapshot_revision_recorded,True,
libreyolo_train_frame_000100-5_jpg.rf.670cd61ad6b52195c6eaababd7acdd3b,/Users/mobcoderid-296/Desktop/fire-smoke/fire-smoke-cpu/data/raw/hf_candidates/LibreYOLO_smoke-uvylj_hf_snapshot/train/images/frame_000100-5_jpg.rf.670cd61ad6b52195c6eaababd7acdd3b.jpg,/Users/mobcoderid-296/Desktop/fire-smoke/fire-smoke-cpu/data/raw/hf_candidates/LibreYOLO_smoke-uvylj_hf_snapshot/train/labels/frame_000100-5_jpg.rf.670cd61ad6b52195c6eaababd7acdd3b.txt,640,640,VALID_SMOKE,train,False,False,True,0,smoke,True,639e83917ce7966e363d8adf8c84ac35ce6368ea61e1bc83c438df830cdfcbb8,030700031fffffff,huggingface_snapshot,pending_review,hf_snapshot_revision_recorded,True,
libreyolo_train_frame_000105-2_jpg.rf.b16368ddceb5add8a2b76f762c9694a5,/Users/mobcoderid-296/Desktop/fire-smoke/fire-smoke-cpu/data/raw/hf_candidates/LibreYOLO_smoke-uvylj_hf_snapshot/train/images/frame_000105-2_jpg.rf.b16368ddceb5add8a2b76f762c9694a5.jpg,/Users/mobcoderid-296/Desktop/fire-smoke/fire-smoke-cpu/data/raw/hf_candidates/LibreYOLO_smoke-uvylj_hf_snapshot/train/labels/frame_000105-2_jpg.rf.b16368ddceb5add8a2b76f762c9694a5.txt,640,640,VALID_SMOKE,train,False,False,True,0,smoke,True,aaa96d0c314defe5cf93ef30b615c6da3a8267015e72c61c5fea50dcb4a5f34b,0101c003077fffff,huggingface_snapshot,pending_review,hf_snapshot_revision_recorded,True,
libreyolo_train_frame_000105-3_jpg.rf.241a159ee6b62d470e3674b235711233,/Users/mobcoderid-296/Desktop/fire-smoke/fire-smoke-cpu/data/raw/hf_candidates/LibreYOLO_smoke-uvylj_hf_snapshot/train/images/frame_000105-3_jpg.rf.241a159ee6b62d470e3674b235711233.jpg,/Users/mobcoderid-296/Desktop/fire-smoke/fire-smoke-cpu/data/raw/hf_candidates/LibreYOLO_smoke-uvylj_hf_snapshot/train/labels/frame_000105-3_jpg.rf.241a159ee6b62d470e3674b235711233.txt,640,640,VALID_SMOKE,train,False,False,True,0,smoke,True,102c53b6b1bfeb0753506bbe95f2e4a15bea580f47e09d583a653a51e17f45c9,ff0f0d0101070f3f,huggingface_snapshot,pending_review,hf_snapshot_revision_recorded,True,
libreyolo_train_frame_000105-4_jpg.rf.34318d2701c83d8d355e8c3acb5a789a,/Users/mobcoderid-296/Desktop/fire-smoke/fire-smoke-cpu/data/raw/hf_candidates/LibreYOLO_smoke-uvylj_hf_snapshot/train/images/frame_000105-4_jpg.rf.34318d2701c83d8d355e8c3acb5a789a.jpg,/Users/mobcoderid-296/Desktop/fire-smoke/fire-smoke-cpu/data/raw/hf_candidates/LibreYOLO_smoke-uvylj_hf_snapshot/train/labels/frame_000105-4_jpg.rf.34318d2701c83d8d355e8c3acb5a789a.txt,640,640,VALID_SMOKE,train,False,False,True,0,smoke,True,21132efebd0d554ed0206c0c35008eaf2c822da56694f9f01c7aa5f260438dbf,ffffa3c38080c2e0,huggingface_snapshot,pending_review,hf_snapshot_revision_recorded,True,
libreyolo_train_frame_000105-5_jpg.rf.132eaad66d037c1575aa7d73f96b8906,/Users/mobcoderid-296/Desktop/fire-smoke/fire-smoke-cpu/data/raw/hf_candidates/LibreYOLO_smoke-uvylj_hf_snapshot/train/images/frame_000105-5_jpg.rf.132eaad66d037c1575aa7d73f96b8906.jpg,/Users/mobcoderid-296/Desktop/fire-smoke/fire-smoke-cpu/data/raw/hf_candidates/LibreYOLO_smoke-uvylj_hf_snapshot/train/labels/frame_000105-5_jpg.rf.132eaad66d037c1575aa7d73f96b8906.txt,640,640,VALID_SMOKE,train,False,False,True,0,smoke,True,07de982dfb48864987a1449b333b2924b2f44001b9c78b6bb2b3d90f9488d4b7,830700031fffffff,huggingface_snapshot,pending_review,hf_snapshot_revision_recorded,True,
libreyolo_train_frame_000105_jpg.rf.44a96c69b4cbeabb2f6cf944813df131,/Users/mobcoderid-296/Desktop/fire-smoke/fire-smoke-cpu/data/raw/hf_candidates/LibreYOLO_smoke-uvylj_hf_snapshot/train/images/frame_000105_jpg.rf.44a96c69b4cbeabb2f6cf944813df131.jpg,/Users/mobcoderid-296/Desktop/fire-smoke/fire-smoke-cpu/data/raw/hf_candidates/LibreYOLO_smoke-uvylj_hf_snapshot/train/labels/frame_000105_jpg.rf.44a96c69b4cbeabb2f6cf944813df131.txt,640,640,VALID_SMOKE,train,False,False,True,0,smoke,True,661647d1cb18675b0d8e9db8e7dbddf1be40910406ae262075648d365f0948dd,bffef83c0c1c0cc0,huggingface_snapshot,pending_review,hf_snapshot_revision_recorded,True,
libreyolo_train_frame_000110-4_jpg.rf.991563d7bc9371a0e0524bc18f7882e3,/Users/mobcoderid-296/Desktop/fire-smoke/fire-smoke-cpu/data/raw/hf_candidates/LibreYOLO_smoke-uvylj_hf_snapshot/train/images/frame_000110-4_jpg.rf.991563d7bc9371a0e0524bc18f7882e3.jpg,/Users/mobcoderid-296/Desktop/fire-smoke/fire-smoke-cpu/data/raw/hf_candidates/LibreYOLO_smoke-uvylj_hf_snapshot/train/labels/frame_000110-4_jpg.rf.991563d7bc9371a0e0524bc18f7882e3.txt,640,640,VALID_SMOKE,train,False,False,True,0,smoke,True,39f992841b341db88e3d811303be68fd1be2c4eff548ab99b202c67bf48877b8,fffba3c38080c2f0,huggingface_snapshot,pending_review,hf_snapshot_revision_recorded,True,
libreyolo_train_frame_000110-5_jpg.rf.ea46a34357f4a075e1439df6ab24ef61,/Users/mobcoderid-296/Desktop/fire-smoke/fire-smoke-cpu/data/raw/hf_candidates/LibreYOLO_smoke-uvylj_hf_snapshot/train/images/frame_000110-5_jpg.rf.ea46a34357f4a075e1439df6ab24ef61.jpg,/Users/mobcoderid-296/Desktop/fire-smoke/fire-smoke-cpu/data/raw/hf_candidates/LibreYOLO_smoke-uvylj_hf_snapshot/train/labels/frame_000110-5_jpg.rf.ea46a34357f4a075e1439df6ab24ef61.txt,640,640,VALID_SMOKE,train,False,False,True,0,smoke,True,2964fa69f6102586cad143fc6cbf1a0cc8a2e2d947790f50f838846c07a0d85c,830700031fffffff,huggingface_snapshot,pending_review,hf_snapshot_revision_recorded,True,
libreyolo_train_frame_000110_jpg.rf.046b9230d11484d44b96fc41228488e3,/Users/mobcoderid-296/Desktop/fire-smoke/fire-smoke-cpu/data/raw/hf_candidates/LibreYOLO_smoke-uvylj_hf_snapshot/train/images/frame_000110_jpg.rf.046b9230d11484d44b96fc41228488e3.jpg,/Users/mobcoderid-296/Desktop/fire-smoke/fire-smoke-cpu/data/raw/hf_candidates/LibreYOLO_smoke-uvylj_hf_snapshot/train/labels/frame_000110_jpg.rf.046b9230d11484d44b96fc41228488e3.txt,640,640,VALID_SMOKE,train,False,False,True,0,smoke,True,9d49eccc6621fcd295ebaea3cd184e11f457f90830b2cc8c1c038a9b4cba6177,bffe383c0c1c0cc0,huggingface_snapshot,pending_review,hf_snapshot_revision_recorded,True,
libreyolo_train_frame_000115-2_jpg.rf.259faea8c4d6ed8bfd00f827c851b709,/Users/mobcoderid-296/Desktop/fire-smoke/fire-smoke-cpu/data/raw/hf_candidates/LibreYOLO_smoke-uvylj_hf_snapshot/train/images/frame_000115-2_jpg.rf.259faea8c4d6ed8bfd00f827c851b709.jpg,/Users/mobcoderid-296/Desktop/fire-smoke/fire-smoke-cpu/data/raw/hf_candidates/LibreYOLO_smoke-uvylj_hf_snapshot/train/labels/frame_000115-2_jpg.rf.259faea8c4d6ed8bfd00f827c851b709.txt,640,640,VALID_SMOKE,train,False,False,True,0,smoke,True,3a6a3c49e45dbbc73cbac6285ac32100a6bed21666fe288c297a33250bf14d45,0101c003077fffff,huggingface_snapshot,pending_review,hf_snapshot_revision_recorded,True,
libreyolo_train_frame_000115-3_jpg.rf.ba4f360ac674806756a07d32e4e744c2,/Users/mobcoderid-296/Desktop/fire-smoke/fire-smoke-cpu/data/raw/hf_candidates/LibreYOLO_smoke-uvylj_hf_snapshot/train/images/frame_000115-3_jpg.rf.ba4f360ac674806756a07d32e4e744c2.jpg,/Users/mobcoderid-296/Desktop/fire-smoke/fire-smoke-cpu/data/raw/hf_candidates/LibreYOLO_smoke-uvylj_hf_snapshot/train/labels/frame_000115-3_jpg.rf.ba4f360ac674806756a07d32e4e744c2.txt,640,640,VALID_SMOKE,train,False,False,True,0,smoke,True,d0184f15ba1935b50b3da524bcd2c494f25e96d40d2c45432816e96edc841a1a,fe1f0f0503031f3f,huggingface_snapshot,pending_review,hf_snapshot_revision_recorded,True,
libreyolo_train_frame_000115-4_jpg.rf.aec767b4ca6ffea6ff60b807e8ce5388,/Users/mobcoderid-296/Desktop/fire-smoke/fire-smoke-cpu/data/raw/hf_candidates/LibreYOLO_smoke-uvylj_hf_snapshot/train/images/frame_000115-4_jpg.rf.aec767b4ca6ffea6ff60b807e8ce5388.jpg,/Users/mobcoderid-296/Desktop/fire-smoke/fire-smoke-cpu/data/raw/hf_candidates/LibreYOLO_smoke-uvylj_hf_snapshot/train/labels/frame_000115-4_jpg.rf.aec767b4ca6ffea6ff60b807e8ce5388.txt,640,640,VALID_SMOKE,train,False,False,True,0,smoke,True,106f2f501561afe850d1779a1b16d8e830eb5eb8eed83b469165a7c0512a4d16,fffbb1e1c0c0c2e0,huggingface_snapshot,pending_review,hf_snapshot_revision_recorded,True,
libreyolo_train_frame_000115-5_jpg.rf.89178146a6d247e51ab1c6dee65bf22a,/Users/mobcoderid-296/Desktop/fire-smoke/fire-smoke-cpu/data/raw/hf_candidates/LibreYOLO_smoke-uvylj_hf_snapshot/train/images/frame_000115-5_jpg.rf.89178146a6d247e51ab1c6dee65bf22a.jpg,/Users/mobcoderid-296/Desktop/fire-smoke/fire-smoke-cpu/data/raw/hf_candidates/LibreYOLO_smoke-uvylj_hf_snapshot/train/labels/frame_000115-5_jpg.rf.89178146a6d247e51ab1c6dee65bf22a.txt,640,640,VALID_SMOKE,train,False,False,True,0,smoke,True,02deda5c58d4a8dc21ebb0e433a74f84392df2ea1e92c706d3cff6b84e18ba55,030700031fffffff,huggingface_snapshot,pending_review,hf_snapshot_revision_recorded,True,
libreyolo_train_frame_000120-3_jpg.rf.e80283fa1397c1f797bf4d771ba73538,/Users/mobcoderid-296/Desktop/fire-smoke/fire-smoke-cpu/data/raw/hf_candidates/LibreYOLO_smoke-uvylj_hf_snapshot/train/images/frame_000120-3_jpg.rf.e80283fa1397c1f797bf4d771ba73538.jpg,/Users/mobcoderid-296/Desktop/fire-smoke/fire-smoke-cpu/data/raw/hf_candidates/LibreYOLO_smoke-uvylj_hf_snapshot/train/labels/frame_000120-3_jpg.rf.e80283fa1397c1f797bf4d771ba73538.txt,640,640,VALID_SMOKE,train,False,False,True,0,smoke,True,a3d67fd45f5302d1a40f1b1f8d3e84979d2a5afc1e196dc82f3a8ce51b7a8cd3,fe1f0f0401070f3f,huggingface_snapshot,pending_review,hf_snapshot_revision_recorded,True,
libreyolo_train_frame_000120_jpg.rf.f093f3f3c1222a81f7e6cce992bf621a,/Users/mobcoderid-296/Desktop/fire-smoke/fire-smoke-cpu/data/raw/hf_candidates/LibreYOLO_smoke-uvylj_hf_snapshot/train/images/frame_000120_jpg.rf.f093f3f3c1222a81f7e6cce992bf621a.jpg,/Users/mobcoderid-296/Desktop/fire-smoke/fire-smoke-cpu/data/raw/hf_candidates/LibreYOLO_smoke-uvylj_hf_snapshot/train/labels/frame_000120_jpg.rf.f093f3f3c1222a81f7e6cce992bf621a.txt,640,640,VALID_SMOKE,train,False,False,True,0,smoke,True,117b33840c913e92f61a2635031368b87c410c4f9ccd6a59883460e51d940cf2,bffe381c1c1d1ec4,huggingface_snapshot,pending_review,hf_snapshot_revision_recorded,True,
libreyolo_train_frame_000125-2_jpg.rf.6f130c21ae7c628d9024855c8c27bdfa,/Users/mobcoderid-296/Desktop/fire-smoke/fire-smoke-cpu/data/raw/hf_candidates/LibreYOLO_smoke-uvylj_hf_snapshot/train/images/frame_000125-2_jpg.rf.6f130c21ae7c628d9024855c8c27bdfa.jpg,/Users/mobcoderid-296/Desktop/fire-smoke/fire-smoke-cpu/data/raw/hf_candidates/LibreYOLO_smoke-uvylj_hf_snapshot/train/labels/frame_000125-2_jpg.rf.6f130c21ae7c628d9024855c8c27bdfa.txt,640,640,VALID_SMOKE,train,False,False,True,0,smoke,True,91389e31e7fd77fbffc2bffb8bb54e409c5ef082e097ca720fca2a1c13309d3c,0101c003077fffff,huggingface_snapshot,pending_review,hf_snapshot_revision_recorded,True,
libreyolo_train_frame_000125-4_jpg.rf.a752c37f3a468c30175129f5cb713bbd,/Users/mobcoderid-296/Desktop/fire-smoke/fire-smoke-cpu/data/raw/hf_candidates/LibreYOLO_smoke-uvylj_hf_snapshot/train/images/frame_000125-4_jpg.rf.a752c37f3a468c30175129f5cb713bbd.jpg,/Users/mobcoderid-296/Desktop/fire-smoke/fire-smoke-cpu/data/raw/hf_candidates/LibreYOLO_smoke-uvylj_hf_snapshot/train/labels/frame_000125-4_jpg.rf.a752c37f3a468c30175129f5cb713bbd.txt,640,640,VALID_SMOKE,train,False,False,True,0,smoke,True,df05163f07142c052317ebf80c5f544ed84a831efe8afb3a046857cca1a50367,fffbf1e1c0c0c2e0,huggingface_snapshot,pending_review,hf_snapshot_revision_recorded,True,
libreyolo_train_frame_000125-5_jpg.rf.5b1f60ab3d71e10a5f4f68f62579e27f,/Users/mobcoderid-296/Desktop/fire-smoke/fire-smoke-cpu/data/raw/hf_candidates/LibreYOLO_smoke-uvylj_hf_snapshot/train/images/frame_000125-5_jpg.rf.5b1f60ab3d71e10a5f4f68f62579e27f.jpg,/Users/mobcoderid-296/Desktop/fire-smoke/fire-smoke-cpu/data/raw/hf_candidates/LibreYOLO_smoke-uvylj_hf_snapshot/train/labels/frame_000125-5_jpg.rf.5b1f60ab3d71e10a5f4f68f62579e27f.txt,640,640,VALID_SMOKE,train,False,False,True,0,smoke,True,19b201efd8a73f8b23baf4bbe9b23778daea6cce1519673cad073ed9194c2520,030700031fffffff,huggingface_snapshot,pending_review,hf_snapshot_revision_recorded,True,
libreyolo_train_frame_000130-2_jpg.rf.50e54e12bab59dcd40ee8c9a82444848,/Users/mobcoderid-296/Desktop/fire-smoke/fire-smoke-cpu/data/raw/hf_candidates/LibreYOLO_smoke-uvylj_hf_snapshot/train/images/frame_000130-2_jpg.rf.50e54e12bab59dcd40ee8c9a82444848.jpg,/Users/mobcoderid-296/Desktop/fire-smoke/fire-smoke-cpu/data/raw/hf_candidates/LibreYOLO_smoke-uvylj_hf_snapshot/train/labels/frame_000130-2_jpg.rf.50e54e12bab59dcd40ee8c9a82444848.txt,640,640,VALID_SMOKE,train,False,False,True,0,smoke,True,f462d323a434a6abc64c0c8f00d7ac00b5cc7825e8a5af2ccfa0e3825077c115,01018003077fffff,huggingface_snapshot,pending_review,hf_snapshot_revision_recorded,True,
libreyolo_train_frame_000130-3_jpg.rf.8718d6b4215074056f691e805947ddae,/Users/mobcoderid-296/Desktop/fire-smoke/fire-smoke-cpu/data/raw/hf_candidates/LibreYOLO_smoke-uvylj_hf_snapshot/train/images/frame_000130-3_jpg.rf.8718d6b4215074056f691e805947ddae.jpg,/Users/mobcoderid-296/Desktop/fire-smoke/fire-smoke-cpu/data/raw/hf_candidates/LibreYOLO_smoke-uvylj_hf_snapshot/train/labels/frame_000130-3_jpg.rf.8718d6b4215074056f691e805947ddae.txt,640,640,VALID_SMOKE,train,False,False,True,0,smoke,True,3d1a5c936999e29cce62969eed9612e40fc9a896deaa723e224cb4e95ae0e149,ff1f0f0401070f3f,huggingface_snapshot,pending_review,hf_snapshot_revision_recorded,True,
libreyolo_train_frame_000130-4_jpg.rf.6d4fd8d5f165b3cf599f4236710ad06a,/Users/mobcoderid-296/Desktop/fire-smoke/fire-smoke-cpu/data/raw/hf_candidates/LibreYOLO_smoke-uvylj_hf_snapshot/train/images/frame_000130-4_jpg.rf.6d4fd8d5f165b3cf599f4236710ad06a.jpg,/Users/mobcoderid-296/Desktop/fire-smoke/fire-smoke-cpu/data/raw/hf_candidates/LibreYOLO_smoke-uvylj_hf_snapshot/train/labels/frame_000130-4_jpg.rf.6d4fd8d5f165b3cf599f4236710ad06a.txt,640,640,VALID_SMOKE,train,False,False,True,0,smoke,True,f8c6296ccab10086307768ad3fdebf4b37a834671ee077ca521d140a38f7f09d,fffbd1c1c0c0c2e0,huggingface_snapshot,pending_review,hf_snapshot_revision_recorded,True,
libreyolo_train_frame_000130-5_jpg.rf.8dd5be17c59138a23d3eb9d460ac96e9,/Users/mobcoderid-296/Desktop/fire-smoke/fire-smoke-cpu/data/raw/hf_candidates/LibreYOLO_smoke-uvylj_hf_snapshot/train/images/frame_000130-5_jpg.rf.8dd5be17c59138a23d3eb9d460ac96e9.jpg,/Users/mobcoderid-296/Desktop/fire-smoke/fire-smoke-cpu/data/raw/hf_candidates/LibreYOLO_smoke-uvylj_hf_snapshot/train/labels/frame_000130-5_jpg.rf.8dd5be17c59138a23d3eb9d460ac96e9.txt,640,640,VALID_SMOKE,train,False,False,True,0,smoke,True,a34d678753e934a3c894ab991d8fa9d7d0236d04dc19a57a274218b3f29bd803,830700031fffffff,huggingface_snapshot,pending_review,hf_snapshot_revision_recorded,True,
libreyolo_train_frame_000130_jpg.rf.cb5c2eaf9769979b64e64c93e1d388db,/Users/mobcoderid-296/Desktop/fire-smoke/fire-smoke-cpu/data/raw/hf_candidates/LibreYOLO_smoke-uvylj_hf_snapshot/train/images/frame_000130_jpg.rf.cb5c2eaf9769979b64e64c93e1d388db.jpg,/Users/mobcoderid-296/Desktop/fire-smoke/fire-smoke-cpu/data/raw/hf_candidates/LibreYOLO_smoke-uvylj_hf_snapshot/train/labels/frame_000130_jpg.rf.cb5c2eaf9769979b64e64c93e1d388db.txt,640,640,VALID_SMOKE,train,False,False,True,0,smoke,True,afd1d997aa3eb57534e230b1d565543698913ebab90ece58953150f88e69aeab,bfce281c0c1d0ec2,huggingface_snapshot,pending_review,hf_snapshot_revision_recorded,True,
libreyolo_train_frame_000134_jpg.rf.08ef1111399f50e7f6080c68128f8956,/Users/mobcoderid-296/Desktop/fire-smoke/fire-smoke-cpu/data/raw/hf_candidates/LibreYOLO_smoke-uvylj_hf_snapshot/train/images/frame_000134_jpg.rf.08ef1111399f50e7f6080c68128f8956.jpg,/Users/mobcoderid-296/Desktop/fire-smoke/fire-smoke-cpu/data/raw/hf_candidates/LibreYOLO_smoke-uvylj_hf_snapshot/train/labels/frame_000134_jpg.rf.08ef1111399f50e7f6080c68128f8956.txt,640,640,VALID_SMOKE,train,False,False,True,0,smoke,True,5f02e268fd6874e19bf94ca2cf8d2d4df369f3e6d36dad7e29b1aaeea82c37cd,bfce281c0c1f0ec0,huggingface_snapshot,pending_review,hf_snapshot_revision_recorded,True,
libreyolo_train_frame_000135-5_jpg.rf.e7c28e39b8806832ffdf56f5c2dab5ad,/Users/mobcoderid-296/Desktop/fire-smoke/fire-smoke-cpu/data/raw/hf_candidates/LibreYOLO_smoke-uvylj_hf_snapshot/train/images/frame_000135-5_jpg.rf.e7c28e39b8806832ffdf56f5c2dab5ad.jpg,/Users/mobcoderid-296/Desktop/fire-smoke/fire-smoke-cpu/data/raw/hf_candidates/LibreYOLO_smoke-uvylj_hf_snapshot/train/labels/frame_000135-5_jpg.rf.e7c28e39b8806832ffdf56f5c2dab5ad.txt,640,640,VALID_SMOKE,train,False,False,True,0,smoke,True,2cd534b72b3cabb62bd4c77c9ca23826522b153c178a827d06befd69472be95b,830700031fffffff,huggingface_snapshot,pending_review,hf_snapshot_revision_recorded,True,
libreyolo_train_frame_000140-4_jpg.rf.a87a8680f9d470d9730b342dc5c7fb89,/Users/mobcoderid-296/Desktop/fire-smoke/fire-smoke-cpu/data/raw/hf_candidates/LibreYOLO_smoke-uvylj_hf_snapshot/train/images/frame_000140-4_jpg.rf.a87a8680f9d470d9730b342dc5c7fb89.jpg,/Users/mobcoderid-296/Desktop/fire-smoke/fire-smoke-cpu/data/raw/hf_candidates/LibreYOLO_smoke-uvylj_hf_snapshot/train/labels/frame_000140-4_jpg.rf.a87a8680f9d470d9730b342dc5c7fb89.txt,640,640,VALID_SMOKE,train,False,False,True,0,smoke,True,8271c4940110f87b780d08790f0743fc3f3cf59800c0a40fcbc06ee46c04820a,fbfbc1c1e0c0c2e0,huggingface_snapshot,pending_review,hf_snapshot_revision_recorded,True,
libreyolo_train_frame_000140-5_jpg.rf.52d340ab5c75e73a73a5eec04cb8afbb,/Users/mobcoderid-296/Desktop/fire-smoke/fire-smoke-cpu/data/raw/hf_candidates/LibreYOLO_smoke-uvylj_hf_snapshot/train/images/frame_000140-5_jpg.rf.52d340ab5c75e73a73a5eec04cb8afbb.jpg,/Users/mobcoderid-296/Desktop/fire-smoke/fire-smoke-cpu/data/raw/hf_candidates/LibreYOLO_smoke-uvylj_hf_snapshot/train/labels/frame_000140-5_jpg.rf.52d340ab5c75e73a73a5eec04cb8afbb.txt,640,640,VALID_SMOKE,train,False,False,True,0,smoke,True,4cff34d6a027d03bd97eb68badca57409dce27f983913289f3b83634d5bc69f6,830780031fffffff,huggingface_snapshot,pending_review,hf_snapshot_revision_recorded,True,
libreyolo_train_frame_000145-2_jpg.rf.515e41162c638ef6dd63b04859f109cd,/Users/mobcoderid-296/Desktop/fire-smoke/fire-smoke-cpu/data/raw/hf_candidates/LibreYOLO_smoke-uvylj_hf_snapshot/train/images/frame_000145-2_jpg.rf.515e41162c638ef6dd63b04859f109cd.jpg,/Users/mobcoderid-296/Desktop/fire-smoke/fire-smoke-cpu/data/raw/hf_candidates/LibreYOLO_smoke-uvylj_hf_snapshot/train/labels/frame_000145-2_jpg.rf.515e41162c638ef6dd63b04859f109cd.txt,640,640,VALID_SMOKE,train,False,False,True,0,smoke,True,bbd727f772ecb3b2f9de1635a753a6eb310087ed8ae266d2aaace08afcc70641,0101c0030f7fffff,huggingface_snapshot,pending_review,hf_snapshot_revision_recorded,True,
libreyolo_train_frame_000145-4_jpg.rf.b3efe19e99bf72818ab5dbd43ddfb542,/Users/mobcoderid-296/Desktop/fire-smoke/fire-smoke-cpu/data/raw/hf_candidates/LibreYOLO_smoke-uvylj_hf_snapshot/train/images/frame_000145-4_jpg.rf.b3efe19e99bf72818ab5dbd43ddfb542.jpg,/Users/mobcoderid-296/Desktop/fire-smoke/fire-smoke-cpu/data/raw/hf_candidates/LibreYOLO_smoke-uvylj_hf_snapshot/train/labels/frame_000145-4_jpg.rf.b3efe19e99bf72818ab5dbd43ddfb542.txt,640,640,VALID_SMOKE,train,False,False,True,0,smoke,True,1e0db163d215e4ce013d04ee25b3e90db300a268c81b33b0f2904b520c1405c9,fffbe3c1e0c0c2e0,huggingface_snapshot,pending_review,hf_snapshot_revision_recorded,True,
libreyolo_train_frame_000150-2_jpg.rf.e51c0381d244fb391eb66c29f44f3ae8,/Users/mobcoderid-296/Desktop/fire-smoke/fire-smoke-cpu/data/raw/hf_candidates/LibreYOLO_smoke-uvylj_hf_snapshot/train/images/frame_000150-2_jpg.rf.e51c0381d244fb391eb66c29f44f3ae8.jpg,/Users/mobcoderid-296/Desktop/fire-smoke/fire-smoke-cpu/data/raw/hf_candidates/LibreYOLO_smoke-uvylj_hf_snapshot/train/labels/frame_000150-2_jpg.rf.e51c0381d244fb391eb66c29f44f3ae8.txt,640,640,VALID_SMOKE,train,False,False,True,0,smoke,True,ff06be3b570dd181766ad8a11bec2cc049b171c0b239f1c749ed6347f821d7f0,0101c0030f7fffff,huggingface_snapshot,pending_review,hf_snapshot_revision_recorded,True,
libreyolo_train_frame_000150-5_jpg.rf.b5a342d2656881c9c9e009e57c25ac72,/Users/mobcoderid-296/Desktop/fire-smoke/fire-smoke-cpu/data/raw/hf_candidates/LibreYOLO_smoke-uvylj_hf_snapshot/train/images/frame_000150-5_jpg.rf.b5a342d2656881c9c9e009e57c25ac72.jpg,/Users/mobcoderid-296/Desktop/fire-smoke/fire-smoke-cpu/data/raw/hf_candidates/LibreYOLO_smoke-uvylj_hf_snapshot/train/labels/frame_000150-5_jpg.rf.b5a342d2656881c9c9e009e57c25ac72.txt,640,640,VALID_SMOKE,train,False,False,True,0,smoke,True,40ed1779cc930855162726bd894a5f82a89492502819c88fe5d413f78a74b4c1,030380031fffffff,huggingface_snapshot,pending_review,hf_snapshot_revision_recorded,True,
libreyolo_train_frame_000155-2_jpg.rf.a74e54a5fe135ae93f9cf9a1d20a11c9,/Users/mobcoderid-296/Desktop/fire-smoke/fire-smoke-cpu/data/raw/hf_candidates/LibreYOLO_smoke-uvylj_hf_snapshot/train/images/frame_000155-2_jpg.rf.a74e54a5fe135ae93f9cf9a1d20a11c9.jpg,/Users/mobcoderid-296/Desktop/fire-smoke/fire-smoke-cpu/data/raw/hf_candidates/LibreYOLO_smoke-uvylj_hf_snapshot/train/labels/frame_000155-2_jpg.rf.a74e54a5fe135ae93f9cf9a1d20a11c9.txt,640,640,VALID_SMOKE,train,False,False,True,0,smoke,True,3e3c3bd576b90306f6a9465e262080c4bff3d8a4ead2fcc4b1e9f868549bfd0d,0101c0030f7fffff,huggingface_snapshot,pending_review,hf_snapshot_revision_recorded,True,
libreyolo_train_frame_000155-3_jpg.rf.f61f7ca6241944997ec485610485cd1e,/Users/mobcoderid-296/Desktop/fire-smoke/fire-smoke-cpu/data/raw/hf_candidates/LibreYOLO_smoke-uvylj_hf_snapshot/train/images/frame_000155-3_jpg.rf.f61f7ca6241944997ec485610485cd1e.jpg,/Users/mobcoderid-296/Desktop/fire-smoke/fire-smoke-cpu/data/raw/hf_candidates/LibreYOLO_smoke-uvylj_hf_snapshot/train/labels/frame_000155-3_jpg.rf.f61f7ca6241944997ec485610485cd1e.txt,640,640,VALID_SMOKE,train,False,False,True,0,smoke,True,818eb67a127d6c2f43cfc9efbb099fe9ae5c9864ebc8440d55167f4768d52ac9,fe9f0f040103073f,huggingface_snapshot,pending_review,hf_snapshot_revision_recorded,True,
libreyolo_train_frame_000155-4_jpg.rf.acc6e6a6c56a3b176ee06518e94e963f,/Users/mobcoderid-296/Desktop/fire-smoke/fire-smoke-cpu/data/raw/hf_candidates/LibreYOLO_smoke-uvylj_hf_snapshot/train/images/frame_000155-4_jpg.rf.acc6e6a6c56a3b176ee06518e94e963f.jpg,/Users/mobcoderid-296/Desktop/fire-smoke/fire-smoke-cpu/data/raw/hf_candidates/LibreYOLO_smoke-uvylj_hf_snapshot/train/labels/frame_000155-4_jpg.rf.acc6e6a6c56a3b176ee06518e94e963f.txt,640,640,VALID_SMOKE,train,False,False,True,0,smoke,True,528cc548ac1532d67ccd2fbd5f4e7220eb647c6b59c92f9cbd6f82cd2d1d541a,fffbf3c3e0e0c2e0,huggingface_snapshot,pending_review,hf_snapshot_revision_recorded,True,
libreyolo_train_frame_000155-5_jpg.rf.03cddfdecb6103fd513720c2f7d6e0dd,/Users/mobcoderid-296/Desktop/fire-smoke/fire-smoke-cpu/data/raw/hf_candidates/LibreYOLO_smoke-uvylj_hf_snapshot/train/images/frame_000155-5_jpg.rf.03cddfdecb6103fd513720c2f7d6e0dd.jpg,/Users/mobcoderid-296/Desktop/fire-smoke/fire-smoke-cpu/data/raw/hf_candidates/LibreYOLO_smoke-uvylj_hf_snapshot/train/labels/frame_000155-5_jpg.rf.03cddfdecb6103fd513720c2f7d6e0dd.txt,640,640,VALID_SMOKE,train,False,False,True,0,smoke,True,f09ccd47bc8267636894227520ffb9bd49a4c9c7100a9a083d10814ba5b3463d,030380031fffffff,huggingface_snapshot,pending_review,hf_snapshot_revision_recorded,True,
libreyolo_train_frame_000160-2_jpg.rf.af4bb9f191df4350834090e2453f1f17,/Users/mobcoderid-296/Desktop/fire-smoke/fire-smoke-cpu/data/raw/hf_candidates/LibreYOLO_smoke-uvylj_hf_snapshot/train/images/frame_000160-2_jpg.rf.af4bb9f191df4350834090e2453f1f17.jpg,/Users/mobcoderid-296/Desktop/fire-smoke/fire-smoke-cpu/data/raw/hf_candidates/LibreYOLO_smoke-uvylj_hf_snapshot/train/labels/frame_000160-2_jpg.rf.af4bb9f191df4350834090e2453f1f17.txt,640,640,VALID_SMOKE,train,False,False,True,0,smoke,True,8d3c24de9d26a1bcbae260a338ae4d9b3fb148c7d0a618761d5fc64693d9eb48,0101c0030f7fffff,huggingface_snapshot,pending_review,hf_snapshot_revision_recorded,True,
libreyolo_train_frame_000160-3_jpg.rf.b7913509674a91bf1bbc36d7b19cedf9,/Users/mobcoderid-296/Desktop/fire-smoke/fire-smoke-cpu/data/raw/hf_candidates/LibreYOLO_smoke-uvylj_hf_snapshot/train/images/frame_000160-3_jpg.rf.b7913509674a91bf1bbc36d7b19cedf9.jpg,/Users/mobcoderid-296/Desktop/fire-smoke/fire-smoke-cpu/data/raw/hf_candidates/LibreYOLO_smoke-uvylj_hf_snapshot/train/labels/frame_000160-3_jpg.rf.b7913509674a91bf1bbc36d7b19cedf9.txt,640,640,VALID_SMOKE,train,False,False,True,0,smoke,True,4da3dc3eb0e87dda1056401ad65dd6ad144163419803bd3fc0b9d9ac1d26aa40,ff9f0f0401030f3f,huggingface_snapshot,pending_review,hf_snapshot_revision_recorded,True,
libreyolo_train_frame_000160-4_jpg.rf.e061fca83038761eb7610a78d7e70ccb,/Users/mobcoderid-296/Desktop/fire-smoke/fire-smoke-cpu/data/raw/hf_candidates/LibreYOLO_smoke-uvylj_hf_snapshot/train/images/frame_000160-4_jpg.rf.e061fca83038761eb7610a78d7e70ccb.jpg,/Users/mobcoderid-296/Desktop/fire-smoke/fire-smoke-cpu/data/raw/hf_candidates/LibreYOLO_smoke-uvylj_hf_snapshot/train/labels/frame_000160-4_jpg.rf.e061fca83038761eb7610a78d7e70ccb.txt,640,640,VALID_SMOKE,train,False,False,True,0,smoke,True,37dca51f5042a88e83c5d83ff95dceae82681306cc47ede1d7c2a00b2e992a65,ffffebc3e0e0c0c0,huggingface_snapshot,pending_review,hf_snapshot_revision_recorded,True,
libreyolo_train_frame_000165-2_jpg.rf.d657eecad8530043f5cd380abb385e9f,/Users/mobcoderid-296/Desktop/fire-smoke/fire-smoke-cpu/data/raw/hf_candidates/LibreYOLO_smoke-uvylj_hf_snapshot/train/images/frame_000165-2_jpg.rf.d657eecad8530043f5cd380abb385e9f.jpg,/Users/mobcoderid-296/Desktop/fire-smoke/fire-smoke-cpu/data/raw/hf_candidates/LibreYOLO_smoke-uvylj_hf_snapshot/train/labels/frame_000165-2_jpg.rf.d657eecad8530043f5cd380abb385e9f.txt,640,640,VALID_SMOKE,train,False,False,True,0,smoke,True,6e4d6a0d6701074a169c436c26f2636899f15e75a815bdfadf28f19e7e2276c0,0101c0030f7fffff,huggingface_snapshot,pending_review,hf_snapshot_revision_recorded,True,
libreyolo_train_frame_000165-3_jpg.rf.b1489591cbf9d6b9941889e2678cedb7,/Users/mobcoderid-296/Desktop/fire-smoke/fire-smoke-cpu/data/raw/hf_candidates/LibreYOLO_smoke-uvylj_hf_snapshot/train/images/frame_000165-3_jpg.rf.b1489591cbf9d6b9941889e2678cedb7.jpg,/Users/mobcoderid-296/Desktop/fire-smoke/fire-smoke-cpu/data/raw/hf_candidates/LibreYOLO_smoke-uvylj_hf_snapshot/train/labels/frame_000165-3_jpg.rf.b1489591cbf9d6b9941889e2678cedb7.txt,640,640,VALID_SMOKE,train,False,False,True,0,smoke,True,8dc22967b25ff31ac26567b407ae76a9db4962216637a7585e1c59b9a5d35f60,ff9f0f0401030f3f,huggingface_snapshot,pending_review,hf_snapshot_revision_recorded,True,
libreyolo_train_frame_000165-4_jpg.rf.1870d0871c9f55af2b0dd8abeaaefba2,/Users/mobcoderid-296/Desktop/fire-smoke/fire-smoke-cpu/data/raw/hf_candidates/LibreYOLO_smoke-uvylj_hf_snapshot/train/images/frame_000165-4_jpg.rf.1870d0871c9f55af2b0dd8abeaaefba2.jpg,/Users/mobcoderid-296/Desktop/fire-smoke/fire-smoke-cpu/data/raw/hf_candidates/LibreYOLO_smoke-uvylj_hf_snapshot/train/labels/frame_000165-4_jpg.rf.1870d0871c9f55af2b0dd8abeaaefba2.txt,640,640,VALID_SMOKE,train,False,False,True,0,smoke,True,a990e2290fa5870cbd128e211eab601b6fef00fa14da60a3c425b514be42b723,fff7e3c1e0e0c0c0,huggingface_snapshot,pending_review,hf_snapshot_revision_recorded,True,
libreyolo_train_frame_000170-2_jpg.rf.1fc5046a3e925409ddec71c8ab4210ba,/Users/mobcoderid-296/Desktop/fire-smoke/fire-smoke-cpu/data/raw/hf_candidates/LibreYOLO_smoke-uvylj_hf_snapshot/train/images/frame_000170-2_jpg.rf.1fc5046a3e925409ddec71c8ab4210ba.jpg,/Users/mobcoderid-296/Desktop/fire-smoke/fire-smoke-cpu/data/raw/hf_candidates/LibreYOLO_smoke-uvylj_hf_snapshot/train/labels/frame_000170-2_jpg.rf.1fc5046a3e925409ddec71c8ab4210ba.txt,640,640,VALID_SMOKE,train,False,False,True,0,smoke,True,634eb49ba29417abd708e0cd31fae04b0b372ff66749bad607076f35b4dc6695,0101c0030f7fffff,huggingface_snapshot,pending_review,hf_snapshot_revision_recorded,True,
libreyolo_train_frame_000170-3_jpg.rf.f1ce3a004b097ca530ff939d5846ca92,/Users/mobcoderid-296/Desktop/fire-smoke/fire-smoke-cpu/data/raw/hf_candidates/LibreYOLO_smoke-uvylj_hf_snapshot/train/images/frame_000170-3_jpg.rf.f1ce3a004b097ca530ff939d5846ca92.jpg,/Users/mobcoderid-296/Desktop/fire-smoke/fire-smoke-cpu/data/raw/hf_candidates/LibreYOLO_smoke-uvylj_hf_snapshot/train/labels/frame_000170-3_jpg.rf.f1ce3a004b097ca530ff939d5846ca92.txt,640,640,VALID_SMOKE,train,False,False,True,0,smoke,True,f78ccdbab3ec36c98d9083692d5bc8fd1888154f48c164c6b70c41e5bc8c3965,ff9f0f040101073f,huggingface_snapshot,pending_review,hf_snapshot_revision_recorded,True,
libreyolo_train_frame_000170-4_jpg.rf.b103ea02a671a2659f804516b8c62614,/Users/mobcoderid-296/Desktop/fire-smoke/fire-smoke-cpu/data/raw/hf_candidates/LibreYOLO_smoke-uvylj_hf_snapshot/train/images/frame_000170-4_jpg.rf.b103ea02a671a2659f804516b8c62614.jpg,/Users/mobcoderid-296/Desktop/fire-smoke/fire-smoke-cpu/data/raw/hf_candidates/LibreYOLO_smoke-uvylj_hf_snapshot/train/labels/frame_000170-4_jpg.rf.b103ea02a671a2659f804516b8c62614.txt,640,640,VALID_SMOKE,train,False,False,True,0,smoke,True,7c287417ffbd47696eede1d7cd289ebc2c2fda1f62ef2ffcd9c797974195721c,fffbe3c1e0e0c0c0,huggingface_snapshot,pending_review,hf_snapshot_revision_recorded,True,
libreyolo_train_frame_000175-2_jpg.rf.c249789e617ad8e6efab03874e1f7c12,/Users/mobcoderid-296/Desktop/fire-smoke/fire-smoke-cpu/data/raw/hf_candidates/LibreYOLO_smoke-uvylj_hf_snapshot/train/images/frame_000175-2_jpg.rf.c249789e617ad8e6efab03874e1f7c12.jpg,/Users/mobcoderid-296/Desktop/fire-smoke/fire-smoke-cpu/data/raw/hf_candidates/LibreYOLO_smoke-uvylj_hf_snapshot/train/labels/frame_000175-2_jpg.rf.c249789e617ad8e6efab03874e1f7c12.txt,640,640,VALID_SMOKE,train,False,False,True,0,smoke,True,4bd1130433122d034f005b02f5aa51925eae66ee946b420ee0c20a31de8d9efd,0101c0030f7fffff,huggingface_snapshot,pending_review,hf_snapshot_revision_recorded,True,
libreyolo_train_frame_000175-4_jpg.rf.b0a1700243b28e05bea15d5d3064cc05,/Users/mobcoderid-296/Desktop/fire-smoke/fire-smoke-cpu/data/raw/hf_candidates/LibreYOLO_smoke-uvylj_hf_snapshot/train/images/frame_000175-4_jpg.rf.b0a1700243b28e05bea15d5d3064cc05.jpg,/Users/mobcoderid-296/Desktop/fire-smoke/fire-smoke-cpu/data/raw/hf_candidates/LibreYOLO_smoke-uvylj_hf_snapshot/train/labels/frame_000175-4_jpg.rf.b0a1700243b28e05bea15d5d3064cc05.txt,640,640,VALID_SMOKE,train,False,False,True,0,smoke,True,676eff85b9e1d1426f5fa8926e5cfaf14116fdb71f70059e78f25f985fd78aea,fffbe3e1e0e0c0c0,huggingface_snapshot,pending_review,hf_snapshot_revision_recorded,True,
libreyolo_train_frame_000180-3_jpg.rf.bd734755ad39aa6012e20ca595d13ece,/Users/mobcoderid-296/Desktop/fire-smoke/fire-smoke-cpu/data/raw/hf_candidates/LibreYOLO_smoke-uvylj_hf_snapshot/train/images/frame_000180-3_jpg.rf.bd734755ad39aa6012e20ca595d13ece.jpg,/Users/mobcoderid-296/Desktop/fire-smoke/fire-smoke-cpu/data/raw/hf_candidates/LibreYOLO_smoke-uvylj_hf_snapshot/train/labels/frame_000180-3_jpg.rf.bd734755ad39aa6012e20ca595d13ece.txt,640,640,VALID_SMOKE,train,False,False,True,0,smoke,True,e5103bca649476b82d2c165f86ec34ba5de3805739e6728f8362c4985a88e211,ff9f8f8401010f3f,huggingface_snapshot,pending_review,hf_snapshot_revision_recorded,True,
libreyolo_train_frame_000185-2_jpg.rf.500f767e2378c62f85c3eaad0799cf7b,/Users/mobcoderid-296/Desktop/fire-smoke/fire-smoke-cpu/data/raw/hf_candidates/LibreYOLO_smoke-uvylj_hf_snapshot/train/images/frame_000185-2_jpg.rf.500f767e2378c62f85c3eaad0799cf7b.jpg,/Users/mobcoderid-296/Desktop/fire-smoke/fire-smoke-cpu/data/raw/hf_candidates/LibreYOLO_smoke-uvylj_hf_snapshot/train/labels/frame_000185-2_jpg.rf.500f767e2378c62f85c3eaad0799cf7b.txt,640,640,VALID_SMOKE,train,False,False,True,0,smoke,True,2b58cae7a1022cef4b7619842e391ed4c188f2686cddbd74ab766abc05935f2a,010180030f7fffff,huggingface_snapshot,pending_review,hf_snapshot_revision_recorded,True,
libreyolo_train_frame_000185-3_jpg.rf.0f1cf619356840715e3a7b3fcc5e0862,/Users/mobcoderid-296/Desktop/fire-smoke/fire-smoke-cpu/data/raw/hf_candidates/LibreYOLO_smoke-uvylj_hf_snapshot/train/images/frame_000185-3_jpg.rf.0f1cf619356840715e3a7b3fcc5e0862.jpg,/Users/mobcoderid-296/Desktop/fire-smoke/fire-smoke-cpu/data/raw/hf_candidates/LibreYOLO_smoke-uvylj_hf_snapshot/train/labels/frame_000185-3_jpg.rf.0f1cf619356840715e3a7b3fcc5e0862.txt,640,640,VALID_SMOKE,train,False,False,True,0,smoke,True,d0be3b5484e4cf03d59045db09fe30506ca05c40bbef6b56668c0e8fbebc0cd4,ff1f8f8401010f3f,huggingface_snapshot,pending_review,hf_snapshot_revision_recorded,True,
libreyolo_train_frame_000185-4_jpg.rf.a345d1a2548cd79a894301aa5674bf1e,/Users/mobcoderid-296/Desktop/fire-smoke/fire-smoke-cpu/data/raw/hf_candidates/LibreYOLO_smoke-uvylj_hf_snapshot/train/images/frame_000185-4_jpg.rf.a345d1a2548cd79a894301aa5674bf1e.jpg,/Users/mobcoderid-296/Desktop/fire-smoke/fire-smoke-cpu/data/raw/hf_candidates/LibreYOLO_smoke-uvylj_hf_snapshot/train/labels/frame_000185-4_jpg.rf.a345d1a2548cd79a894301aa5674bf1e.txt,640,640,VALID_SMOKE,train,False,False,True,0,smoke,True,0024ac546eba6a9fe77d254efd44313e44a43264f2f2c850930ba9e3859274f7,fffbe3e1e0c0c0c0,huggingface_snapshot,pending_review,hf_snapshot_revision_recorded,True,
libreyolo_train_frame_000190-4_jpg.rf.99e4fdb64c3ef480541b4ffc73e00f93,/Users/mobcoderid-296/Desktop/fire-smoke/fire-smoke-cpu/data/raw/hf_candidates/LibreYOLO_smoke-uvylj_hf_snapshot/train/images/frame_000190-4_jpg.rf.99e4fdb64c3ef480541b4ffc73e00f93.jpg,/Users/mobcoderid-296/Desktop/fire-smoke/fire-smoke-cpu/data/raw/hf_candidates/LibreYOLO_smoke-uvylj_hf_snapshot/train/labels/frame_000190-4_jpg.rf.99e4fdb64c3ef480541b4ffc73e00f93.txt,640,640,VALID_SMOKE,train,False,False,True,0,smoke,True,a4c6a9c7bf9032ac3e435af376675d485592eca6f3793f7c1a420811d21d3e51,fffbe1e1e0c0c0c0,huggingface_snapshot,pending_review,hf_snapshot_revision_recorded,True,
libreyolo_train_frame_000190-5_jpg.rf.2525d6466e6b8182d25517ec1c87d55d,/Users/mobcoderid-296/Desktop/fire-smoke/fire-smoke-cpu/data/raw/hf_candidates/LibreYOLO_smoke-uvylj_hf_snapshot/train/images/frame_000190-5_jpg.rf.2525d6466e6b8182d25517ec1c87d55d.jpg,/Users/mobcoderid-296/Desktop/fire-smoke/fire-smoke-cpu/data/raw/hf_candidates/LibreYOLO_smoke-uvylj_hf_snapshot/train/labels/frame_000190-5_jpg.rf.2525d6466e6b8182d25517ec1c87d55d.txt,640,640,VALID_SMOKE,train,False,False,True,0,smoke,True,75864e7d4e15e885b3cfe8ee0c9524445de353ef205c4af11f7e76e51881801b,030380023fffffff,huggingface_snapshot,pending_review,hf_snapshot_revision_recorded,True,
libreyolo_train_frame_000195-3_jpg.rf.4be1d718a9d035d8a9062ec87b001eb1,/Users/mobcoderid-296/Desktop/fire-smoke/fire-smoke-cpu/data/raw/hf_candidates/LibreYOLO_smoke-uvylj_hf_snapshot/train/images/frame_000195-3_jpg.rf.4be1d718a9d035d8a9062ec87b001eb1.jpg,/Users/mobcoderid-296/Desktop/fire-smoke/fire-smoke-cpu/data/raw/hf_candidates/LibreYOLO_smoke-uvylj_hf_snapshot/train/labels/frame_000195-3_jpg.rf.4be1d718a9d035d8a9062ec87b001eb1.txt,640,640,VALID_SMOKE,train,False,False,True,0,smoke,True,43a3b774a3d5bc1c4a223205bd4d5097f7dc4b1e348ef8438843ab2022dadf31,ff1f4f4401011f3f,huggingface_snapshot,pending_review,hf_snapshot_revision_recorded,True,
libreyolo_train_frame_000195-5_jpg.rf.dffda950372062443bfa7faf20738b8c,/Users/mobcoderid-296/Desktop/fire-smoke/fire-smoke-cpu/data/raw/hf_candidates/LibreYOLO_smoke-uvylj_hf_snapshot/train/images/frame_000195-5_jpg.rf.dffda950372062443bfa7faf20738b8c.jpg,/Users/mobcoderid-296/Desktop/fire-smoke/fire-smoke-cpu/data/raw/hf_candidates/LibreYOLO_smoke-uvylj_hf_snapshot/train/labels/frame_000195-5_jpg.rf.dffda950372062443bfa7faf20738b8c.txt,640,640,VALID_SMOKE,train,False,False,True,0,smoke,True,3bbff37e1a5911e8fef5c7b5b60025209584958d0c5e1086aa5777c82cb39c18,030300023fffffff,huggingface_snapshot,pending_review,hf_snapshot_revision_recorded,True,
libreyolo_train_frame_000200-2_jpg.rf.bc153f9bfc02513c5e3c23b7d2bd1678,/Users/mobcoderid-296/Desktop/fire-smoke/fire-smoke-cpu/data/raw/hf_candidates/LibreYOLO_smoke-uvylj_hf_snapshot/train/images/frame_000200-2_jpg.rf.bc153f9bfc02513c5e3c23b7d2bd1678.jpg,/Users/mobcoderid-296/Desktop/fire-smoke/fire-smoke-cpu/data/raw/hf_candidates/LibreYOLO_smoke-uvylj_hf_snapshot/train/labels/frame_000200-2_jpg.rf.bc153f9bfc02513c5e3c23b7d2bd1678.txt,640,640,VALID_SMOKE,train,False,False,True,0,smoke,True,0e53c51bbf2ede0572de53edbfc50527c3baa27d0c5fb93cf2073b01b5913386,010180030f7fffff,huggingface_snapshot,pending_review,hf_snapshot_revision_recorded,True,
libreyolo_train_frame_000200-3_jpg.rf.17ecc0014d6fa9e12a81ce5869698530,/Users/mobcoderid-296/Desktop/fire-smoke/fire-smoke-cpu/data/raw/hf_candidates/LibreYOLO_smoke-uvylj_hf_snapshot/train/images/frame_000200-3_jpg.rf.17ecc0014d6fa9e12a81ce5869698530.jpg,/Users/mobcoderid-296/Desktop/fire-smoke/fire-smoke-cpu/data/raw/hf_candidates/LibreYOLO_smoke-uvylj_hf_snapshot/train/labels/frame_000200-3_jpg.rf.17ecc0014d6fa9e12a81ce5869698530.txt,640,640,VALID_SMOKE,train,False,False,True,0,smoke,True,85216ec48b242f66ca4d2e538547f80327ff9305e4f424bc64fd7110d5272751,ff1f4f4401001f3f,huggingface_snapshot,pending_review,hf_snapshot_revision_recorded,True,
libreyolo_train_frame_000200-4_jpg.rf.deb7799d19d4575c2195acd307f32062,/Users/mobcoderid-296/Desktop/fire-smoke/fire-smoke-cpu/data/raw/hf_candidates/LibreYOLO_smoke-uvylj_hf_snapshot/train/images/frame_000200-4_jpg.rf.deb7799d19d4575c2195acd307f32062.jpg,/Users/mobcoderid-296/Desktop/fire-smoke/fire-smoke-cpu/data/raw/hf_candidates/LibreYOLO_smoke-uvylj_hf_snapshot/train/labels/frame_000200-4_jpg.rf.deb7799d19d4575c2195acd307f32062.txt,640,640,VALID_SMOKE,train,False,False,True,0,smoke,True,209af91e6a9d6593b38e0d438b7fbbdbaa94f88d2d37595c8538f3047a34f344,fffbf1e1e0c0c000,huggingface_snapshot,pending_review,hf_snapshot_revision_recorded,True,
libreyolo_train_frame_000205-2_jpg.rf.e19320a57892046772b64565ecc07cd2,/Users/mobcoderid-296/Desktop/fire-smoke/fire-smoke-cpu/data/raw/hf_candidates/LibreYOLO_smoke-uvylj_hf_snapshot/train/images/frame_000205-2_jpg.rf.e19320a57892046772b64565ecc07cd2.jpg,/Users/mobcoderid-296/Desktop/fire-smoke/fire-smoke-cpu/data/raw/hf_candidates/LibreYOLO_smoke-uvylj_hf_snapshot/train/labels/frame_000205-2_jpg.rf.e19320a57892046772b64565ecc07cd2.txt,640,640,VALID_SMOKE,train,False,False,True,0,smoke,True,3073ee2746f68005c60dc324214128b9fe014c3122fe5267d4ea2db20b0f81c5,010380030f7fffff,huggingface_snapshot,pending_review,hf_snapshot_revision_recorded,True,
libreyolo_train_frame_000205-3_jpg.rf.e484d3e544eb3dc8cf9ab801bd9a684c,/Users/mobcoderid-296/Desktop/fire-smoke/fire-smoke-cpu/data/raw/hf_candidates/LibreYOLO_smoke-uvylj_hf_snapshot/train/images/frame_000205-3_jpg.rf.e484d3e544eb3dc8cf9ab801bd9a684c.jpg,/Users/mobcoderid-296/Desktop/fire-smoke/fire-smoke-cpu/data/raw/hf_candidates/LibreYOLO_smoke-uvylj_hf_snapshot/train/labels/frame_000205-3_jpg.rf.e484d3e544eb3dc8cf9ab801bd9a684c.txt,640,640,VALID_SMOKE,train,False,False,True,0,smoke,True,a5f3e4710d690b7d562dc5de6fa6d09e803ef3c731b78dfeed541f132294da02,ff1f0f4440011f3f,huggingface_snapshot,pending_review,hf_snapshot_revision_recorded,True,
libreyolo_train_frame_000205-5_jpg.rf.54d05815d6c4c4e2814d02280e14dfc3,/Users/mobcoderid-296/Desktop/fire-smoke/fire-smoke-cpu/data/raw/hf_candidates/LibreYOLO_smoke-uvylj_hf_snapshot/train/images/frame_000205-5_jpg.rf.54d05815d6c4c4e2814d02280e14dfc3.jpg,/Users/mobcoderid-296/Desktop/fire-smoke/fire-smoke-cpu/data/raw/hf_candidates/LibreYOLO_smoke-uvylj_hf_snapshot/train/labels/frame_000205-5_jpg.rf.54d05815d6c4c4e2814d02280e14dfc3.txt,640,640,VALID_SMOKE,train,False,False,True,0,smoke,True,c9c41001be828b9ae422b6c1791b06d37161dae509e79a3abaa563a91feb704e,030301023fffffff,huggingface_snapshot,pending_review,hf_snapshot_revision_recorded,True,
libreyolo_train_frame_000210-3_jpg.rf.4a64b4eedd1a97b91bccee1ca13340d9,/Users/mobcoderid-296/Desktop/fire-smoke/fire-smoke-cpu/data/raw/hf_candidates/LibreYOLO_smoke-uvylj_hf_snapshot/train/images/frame_000210-3_jpg.rf.4a64b4eedd1a97b91bccee1ca13340d9.jpg,/Users/mobcoderid-296/Desktop/fire-smoke/fire-smoke-cpu/data/raw/hf_candidates/LibreYOLO_smoke-uvylj_hf_snapshot/train/labels/frame_000210-3_jpg.rf.4a64b4eedd1a97b91bccee1ca13340d9.txt,640,640,VALID_SMOKE,train,False,False,True,0,smoke,True,1b0fd13d0f7d45da14a49d8ecf6b980f03aadbbd2c0627a802d7a01de1b2ecdf,ff1f0f4440011f3f,huggingface_snapshot,pending_review,hf_snapshot_revision_recorded,True,
libreyolo_train_frame_000210-5_jpg.rf.4a42dd8ce79cbe1c2fe04c99d85c355a,/Users/mobcoderid-296/Desktop/fire-smoke/fire-smoke-cpu/data/raw/hf_candidates/LibreYOLO_smoke-uvylj_hf_snapshot/train/images/frame_000210-5_jpg.rf.4a42dd8ce79cbe1c2fe04c99d85c355a.jpg,/Users/mobcoderid-296/Desktop/fire-smoke/fire-smoke-cpu/data/raw/hf_candidates/LibreYOLO_smoke-uvylj_hf_snapshot/train/labels/frame_000210-5_jpg.rf.4a42dd8ce79cbe1c2fe04c99d85c355a.txt,640,640,VALID_SMOKE,train,False,False,True,0,smoke,True,d4fd1d0177705cc13feb943249c94e720c7439afd61256dfb0193d1036f20765,030301023fffffff,huggingface_snapshot,pending_review,hf_snapshot_revision_recorded,True,
libreyolo_train_frame_000215-2_jpg.rf.155de0eb4f9e9b459536fcfa7959d41b,/Users/mobcoderid-296/Desktop/fire-smoke/fire-smoke-cpu/data/raw/hf_candidates/LibreYOLO_smoke-uvylj_hf_snapshot/train/images/frame_000215-2_jpg.rf.155de0eb4f9e9b459536fcfa7959d41b.jpg,/Users/mobcoderid-296/Desktop/fire-smoke/fire-smoke-cpu/data/raw/hf_candidates/LibreYOLO_smoke-uvylj_hf_snapshot/train/labels/frame_000215-2_jpg.rf.155de0eb4f9e9b459536fcfa7959d41b.txt,640,640,VALID_SMOKE,train,False,False,True,0,smoke,True,307cd112a56a200a7482c104308ae0fda29a8eee7e962666c30c75c863828595,010380030f7fffff,huggingface_snapshot,pending_review,hf_snapshot_revision_recorded,True,
libreyolo_train_frame_000220-2_jpg.rf.997f3f379bebecdea7cfa048ef09f246,/Users/mobcoderid-296/Desktop/fire-smoke/fire-smoke-cpu/data/raw/hf_candidates/LibreYOLO_smoke-uvylj_hf_snapshot/train/images/frame_000220-2_jpg.rf.997f3f379bebecdea7cfa048ef09f246.jpg,/Users/mobcoderid-296/Desktop/fire-smoke/fire-smoke-cpu/data/raw/hf_candidates/LibreYOLO_smoke-uvylj_hf_snapshot/train/labels/frame_000220-2_jpg.rf.997f3f379bebecdea7cfa048ef09f246.txt,640,640,VALID_SMOKE,train,False,False,True,0,smoke,True,a9f6c40ad0821c3f9bee996ece83563dae8b2b6d41acb66872f8edf09e97fb9e,010180030f7fffff,huggingface_snapshot,pending_review,hf_snapshot_revision_recorded,True,
libreyolo_train_frame_000220-4_jpg.rf.804c40900da4b5c7102d038a929a717d,/Users/mobcoderid-296/Desktop/fire-smoke/fire-smoke-cpu/data/raw/hf_candidates/LibreYOLO_smoke-uvylj_hf_snapshot/train/images/frame_000220-4_jpg.rf.804c40900da4b5c7102d038a929a717d.jpg,/Users/mobcoderid-296/Desktop/fire-smoke/fire-smoke-cpu/data/raw/hf_candidates/LibreYOLO_smoke-uvylj_hf_snapshot/train/labels/frame_000220-4_jpg.rf.804c40900da4b5c7102d038a929a717d.txt,640,640,VALID_SMOKE,train,False,False,True,0,smoke,True,c30970b1ccaeec6af935d22da275add8a98f07b44166fdd7e8d3adab950b7a83,fffbf3e3e0c0c000,huggingface_snapshot,pending_review,hf_snapshot_revision_recorded,True,
libreyolo_train_frame_000225-2_jpg.rf.3268f94a78d8c01124e20f6d55970efa,/Users/mobcoderid-296/Desktop/fire-smoke/fire-smoke-cpu/data/raw/hf_candidates/LibreYOLO_smoke-uvylj_hf_snapshot/train/images/frame_000225-2_jpg.rf.3268f94a78d8c01124e20f6d55970efa.jpg,/Users/mobcoderid-296/Desktop/fire-smoke/fire-smoke-cpu/data/raw/hf_candidates/LibreYOLO_smoke-uvylj_hf_snapshot/train/labels/frame_000225-2_jpg.rf.3268f94a78d8c01124e20f6d55970efa.txt,640,640,VALID_SMOKE,train,False,False,True,0,smoke,True,43b3028ea84450643ee455e19219e5a89762b960e017d58b80e430b068eaf966,010180030f7fffff,huggingface_snapshot,pending_review,hf_snapshot_revision_recorded,True,
libreyolo_train_frame_000225-3_jpg.rf.898fc9430ee314bd98be035f40b2a587,/Users/mobcoderid-296/Desktop/fire-smoke/fire-smoke-cpu/data/raw/hf_candidates/LibreYOLO_smoke-uvylj_hf_snapshot/train/images/frame_000225-3_jpg.rf.898fc9430ee314bd98be035f40b2a587.jpg,/Users/mobcoderid-296/Desktop/fire-smoke/fire-smoke-cpu/data/raw/hf_candidates/LibreYOLO_smoke-uvylj_hf_snapshot/train/labels/frame_000225-3_jpg.rf.898fc9430ee314bd98be035f40b2a587.txt,640,640,VALID_SMOKE,train,False,False,True,0,smoke,True,c638c5978354041a5b740335ad424687456f7e1d3d85b852c9dc8a961b683868,ff1f4e4000001f3f,huggingface_snapshot,pending_review,hf_snapshot_revision_recorded,True,
libreyolo_train_frame_000225-4_jpg.rf.65b0140bb137e257951898002de65516,/Users/mobcoderid-296/Desktop/fire-smoke/fire-smoke-cpu/data/raw/hf_candidates/LibreYOLO_smoke-uvylj_hf_snapshot/train/images/frame_000225-4_jpg.rf.65b0140bb137e257951898002de65516.jpg,/Users/mobcoderid-296/Desktop/fire-smoke/fire-smoke-cpu/data/raw/hf_candidates/LibreYOLO_smoke-uvylj_hf_snapshot/train/labels/frame_000225-4_jpg.rf.65b0140bb137e257951898002de65516.txt,640,640,VALID_SMOKE,train,False,False,True,0,smoke,True,2ba640aa44154d527d4352823a3e2f8069e72d5adcc943636b921e646ae0e383,fffbf3f1e0c0c000,huggingface_snapshot,pending_review,hf_snapshot_revision_recorded,True,
libreyolo_train_frame_000230-2_jpg.rf.e08c7c01e7818d0c221b02a80b1ac8f6,/Users/mobcoderid-296/Desktop/fire-smoke/fire-smoke-cpu/data/raw/hf_candidates/LibreYOLO_smoke-uvylj_hf_snapshot/train/images/frame_000230-2_jpg.rf.e08c7c01e7818d0c221b02a80b1ac8f6.jpg,/Users/mobcoderid-296/Desktop/fire-smoke/fire-smoke-cpu/data/raw/hf_candidates/LibreYOLO_smoke-uvylj_hf_snapshot/train/labels/frame_000230-2_jpg.rf.e08c7c01e7818d0c221b02a80b1ac8f6.txt,640,640,UNKNOWN_CLASS_OR_INVALID_ANNOTATION,train,False,False,False,,,False,6652c7f87c6cd0e6b243d8f6904840f206284a4b9a33d882e77014df6b94fbfd,010180030f7fffff,huggingface_snapshot,pending_review,hf_snapshot_revision_recorded,False,unknown_class_or_invalid_annotation
libreyolo_train_frame_000230-4_jpg.rf.c0776f78f0dd901f66bbf5443ff28e95,/Users/mobcoderid-296/Desktop/fire-smoke/fire-smoke-cpu/data/raw/hf_candidates/LibreYOLO_smoke-uvylj_hf_snapshot/train/images/frame_000230-4_jpg.rf.c0776f78f0dd901f66bbf5443ff28e95.jpg,/Users/mobcoderid-296/Desktop/fire-smoke/fire-smoke-cpu/data/raw/hf_candidates/LibreYOLO_smoke-uvylj_hf_snapshot/train/labels/frame_000230-4_jpg.rf.c0776f78f0dd901f66bbf5443ff28e95.txt,640,640,VALID_SMOKE,train,False,False,True,0,smoke,True,d9055ddb4778dd5440712f97dfe58b299f350a9ea483058282d01d80ce572bce,fffbf9f1e0e04000,huggingface_snapshot,pending_review,hf_snapshot_revision_recorded,True,
libreyolo_train_frame_000230-5_jpg.rf.ce6be64feccf6d88deda59dd0e68d2c1,/Users/mobcoderid-296/Desktop/fire-smoke/fire-smoke-cpu/data/raw/hf_candidates/LibreYOLO_smoke-uvylj_hf_snapshot/train/images/frame_000230-5_jpg.rf.ce6be64feccf6d88deda59dd0e68d2c1.jpg,/Users/mobcoderid-296/Desktop/fire-smoke/fire-smoke-cpu/data/raw/hf_candidates/LibreYOLO_smoke-uvylj_hf_snapshot/train/labels/frame_000230-5_jpg.rf.ce6be64feccf6d88deda59dd0e68d2c1.txt,640,640,VALID_SMOKE,train,False,False,True,0,smoke,True,856bdbd2ff7e0cbd3ca13599d47e0131fc368a221b90df7f516afd085f52731e,030300023fffffff,huggingface_snapshot,pending_review,hf_snapshot_revision_recorded,True,
libreyolo_train_frame_000235-4_jpg.rf.f49ac0f2d04903ba573b8dc3b490b075,/Users/mobcoderid-296/Desktop/fire-smoke/fire-smoke-cpu/data/raw/hf_candidates/LibreYOLO_smoke-uvylj_hf_snapshot/train/images/frame_000235-4_jpg.rf.f49ac0f2d04903ba573b8dc3b490b075.jpg,/Users/mobcoderid-296/Desktop/fire-smoke/fire-smoke-cpu/data/raw/hf_candidates/LibreYOLO_smoke-uvylj_hf_snapshot/train/labels/frame_000235-4_jpg.rf.f49ac0f2d04903ba573b8dc3b490b075.txt,640,640,VALID_SMOKE,train,False,False,True,0,smoke,True,dcc4dff46b43677f265b2ee55292ae121aebe7bf54995633fc90aae8d1d817f6,fffbf9f1e0e04000,huggingface_snapshot,pending_review,hf_snapshot_revision_recorded,True,
libreyolo_train_frame_000235-5_jpg.rf.b8d0d1e1832900d074c41dd537b89f31,/Users/mobcoderid-296/Desktop/fire-smoke/fire-smoke-cpu/data/raw/hf_candidates/LibreYOLO_smoke-uvylj_hf_snapshot/train/images/frame_000235-5_jpg.rf.b8d0d1e1832900d074c41dd537b89f31.jpg,/Users/mobcoderid-296/Desktop/fire-smoke/fire-smoke-cpu/data/raw/hf_candidates/LibreYOLO_smoke-uvylj_hf_snapshot/train/labels/frame_000235-5_jpg.rf.b8d0d1e1832900d074c41dd537b89f31.txt,640,640,VALID_SMOKE,train,False,False,True,0,smoke,True,134fb387ff64317603857c5ab6dae15f177b3f45d258f7e9d0d10ae420a86f8f,030300227fffffff,huggingface_snapshot,pending_review,hf_snapshot_revision_recorded,True,
libreyolo_train_frame_000235_jpg.rf.2cc6674832da8a9b63b7ff1ffb2a737b,/Users/mobcoderid-296/Desktop/fire-smoke/fire-smoke-cpu/data/raw/hf_candidates/LibreYOLO_smoke-uvylj_hf_snapshot/train/images/frame_000235_jpg.rf.2cc6674832da8a9b63b7ff1ffb2a737b.jpg,/Users/mobcoderid-296/Desktop/fire-smoke/fire-smoke-cpu/data/raw/hf_candidates/LibreYOLO_smoke-uvylj_hf_snapshot/train/labels/frame_000235_jpg.rf.2cc6674832da8a9b63b7ff1ffb2a737b.txt,640,640,VALID_SMOKE,train,False,False,True,0,smoke,True,1a99cc75399fe9da0c07187ec79ef8fe1a97eea957b478124b336d12e8c5f063,3c1818189fe1fcff,huggingface_snapshot,pending_review,hf_snapshot_revision_recorded,True,
libreyolo_train_frame_000240-3_jpg.rf.e75994bfa3ce4790e99ba1bf27daa046,/Users/mobcoderid-296/Desktop/fire-smoke/fire-smoke-cpu/data/raw/hf_candidates/LibreYOLO_smoke-uvylj_hf_snapshot/train/images/frame_000240-3_jpg.rf.e75994bfa3ce4790e99ba1bf27daa046.jpg,/Users/mobcoderid-296/Desktop/fire-smoke/fire-smoke-cpu/data/raw/hf_candidates/LibreYOLO_smoke-uvylj_hf_snapshot/train/labels/frame_000240-3_jpg.rf.e75994bfa3ce4790e99ba1bf27daa046.txt,640,640,VALID_SMOKE,train,False,False,True,0,smoke,True,e1956f9714865394f861df8c5211d5788bb29746497c3e6edd2ee4894f15510a,fe0f0440030f0f3f,huggingface_snapshot,pending_review,hf_snapshot_revision_recorded,True,
libreyolo_train_frame_000240-4_jpg.rf.3510f78910fb8cf52ec36e4af1e28119,/Users/mobcoderid-296/Desktop/fire-smoke/fire-smoke-cpu/data/raw/hf_candidates/LibreYOLO_smoke-uvylj_hf_snapshot/train/images/frame_000240-4_jpg.rf.3510f78910fb8cf52ec36e4af1e28119.jpg,/Users/mobcoderid-296/Desktop/fire-smoke/fire-smoke-cpu/data/raw/hf_candidates/LibreYOLO_smoke-uvylj_hf_snapshot/train/labels/frame_000240-4_jpg.rf.3510f78910fb8cf52ec36e4af1e28119.txt,640,640,VALID_SMOKE,train,False,False,True,0,smoke,True,10a0f633f18d1e5243d9b051025e1c5bb1433e6bf16e649f6d1427213681e59a,fffbf9f9e0e04000,huggingface_snapshot,pending_review,hf_snapshot_revision_recorded,True,
libreyolo_train_frame_000245-3_jpg.rf.ea6ec3019a4e8ea8742ceb7db518bbac,/Users/mobcoderid-296/Desktop/fire-smoke/fire-smoke-cpu/data/raw/hf_candidates/LibreYOLO_smoke-uvylj_hf_snapshot/train/images/frame_000245-3_jpg.rf.ea6ec3019a4e8ea8742ceb7db518bbac.jpg,/Users/mobcoderid-296/Desktop/fire-smoke/fire-smoke-cpu/data/raw/hf_candidates/LibreYOLO_smoke-uvylj_hf_snapshot/train/labels/frame_000245-3_jpg.rf.ea6ec3019a4e8ea8742ceb7db518bbac.txt,640,640,VALID_SMOKE,train,False,False,True,0,smoke,True,147a411259017a7f2bd630e3a34af6717cad53d9c234ed51a751945df69bd95d,fe0f044003070f3f,huggingface_snapshot,pending_review,hf_snapshot_revision_recorded,True,
libreyolo_train_frame_000245-4_jpg.rf.f5e2225e3012c4a2aec351296f74f5c0,/Users/mobcoderid-296/Desktop/fire-smoke/fire-smoke-cpu/data/raw/hf_candidates/LibreYOLO_smoke-uvylj_hf_snapshot/train/images/frame_000245-4_jpg.rf.f5e2225e3012c4a2aec351296f74f5c0.jpg,/Users/mobcoderid-296/Desktop/fire-smoke/fire-smoke-cpu/data/raw/hf_candidates/LibreYOLO_smoke-uvylj_hf_snapshot/train/labels/frame_000245-4_jpg.rf.f5e2225e3012c4a2aec351296f74f5c0.txt,640,640,VALID_SMOKE,train,False,False,True,0,smoke,True,bfc31bd66199d048817eebd31cab485922335c60bdf28f8747fe953cfb14ad4f,fffbf9f9e0e00000,huggingface_snapshot,pending_review,hf_snapshot_revision_recorded,True,
libreyolo_train_frame_000250-3_jpg.rf.1a852b7605e39ff25c9d7d588275dda3,/Users/mobcoderid-296/Desktop/fire-smoke/fire-smoke-cpu/data/raw/hf_candidates/LibreYOLO_smoke-uvylj_hf_snapshot/train/images/frame_000250-3_jpg.rf.1a852b7605e39ff25c9d7d588275dda3.jpg,/Users/mobcoderid-296/Desktop/fire-smoke/fire-smoke-cpu/data/raw/hf_candidates/LibreYOLO_smoke-uvylj_hf_snapshot/train/labels/frame_000250-3_jpg.rf.1a852b7605e39ff25c9d7d588275dda3.txt,640,640,VALID_SMOKE,train,False,False,True,0,smoke,True,736521c2d7267842bca3dcaadcbc5aa080397ac4869d67cd020a82a68fa0813a,fe0f04410307073f,huggingface_snapshot,pending_review,hf_snapshot_revision_recorded,True,
libreyolo_train_frame_000250-5_jpg.rf.51ea5ffbf8e58a21d5e842e08aa8d463,/Users/mobcoderid-296/Desktop/fire-smoke/fire-smoke-cpu/data/raw/hf_candidates/LibreYOLO_smoke-uvylj_hf_snapshot/train/images/frame_000250-5_jpg.rf.51ea5ffbf8e58a21d5e842e08aa8d463.jpg,/Users/mobcoderid-296/Desktop/fire-smoke/fire-smoke-cpu/data/raw/hf_candidates/LibreYOLO_smoke-uvylj_hf_snapshot/train/labels/frame_000250-5_jpg.rf.51ea5ffbf8e58a21d5e842e08aa8d463.txt,640,640,VALID_SMOKE,train,False,False,True,0,smoke,True,b24c824028c55fd1a3cfd07f2bb20022f0a0d0ff255a3ff99a60641db72ae9bb,030300227fffffff,huggingface_snapshot,pending_review,hf_snapshot_revision_recorded,True,
libreyolo_train_frame_000250_jpg.rf.0861f48c5a4181b9c2e02bb8de22461f,/Users/mobcoderid-296/Desktop/fire-smoke/fire-smoke-cpu/data/raw/hf_candidates/LibreYOLO_smoke-uvylj_hf_snapshot/train/images/frame_000250_jpg.rf.0861f48c5a4181b9c2e02bb8de22461f.jpg,/Users/mobcoderid-296/Desktop/fire-smoke/fire-smoke-cpu/data/raw/hf_candidates/LibreYOLO_smoke-uvylj_hf_snapshot/train/labels/frame_000250_jpg.rf.0861f48c5a4181b9c2e02bb8de22461f.txt,640,640,VALID_SMOKE,train,False,False,True,0,smoke,True,9872cff60cc4a0b7e6761176ff787548df7d655e46fa75d9e1269deffdc4f509,1c1c141c9fe1ffff,huggingface_snapshot,pending_review,hf_snapshot_revision_recorded,True,
libreyolo_train_frame_000255-3_jpg.rf.58489740f443f3eeda4a2953557852c4,/Users/mobcoderid-296/Desktop/fire-smoke/fire-smoke-cpu/data/raw/hf_candidates/LibreYOLO_smoke-uvylj_hf_snapshot/train/images/frame_000255-3_jpg.rf.58489740f443f3eeda4a2953557852c4.jpg,/Users/mobcoderid-296/Desktop/fire-smoke/fire-smoke-cpu/data/raw/hf_candidates/LibreYOLO_smoke-uvylj_hf_snapshot/train/labels/frame_000255-3_jpg.rf.58489740f443f3eeda4a2953557852c4.txt,640,640,VALID_SMOKE,train,False,False,True,0,smoke,True,2664e54db42b6dfd1ada65f9482af5100dee2616eb287f6fc4fd7587d048f987,fe0f044105070f3f,huggingface_snapshot,pending_review,hf_snapshot_revision_recorded,True,
libreyolo_train_frame_000255-5_jpg.rf.aa9ff655ea40078fc94871588d7d9c27,/Users/mobcoderid-296/Desktop/fire-smoke/fire-smoke-cpu/data/raw/hf_candidates/LibreYOLO_smoke-uvylj_hf_snapshot/train/images/frame_000255-5_jpg.rf.aa9ff655ea40078fc94871588d7d9c27.jpg,/Users/mobcoderid-296/Desktop/fire-smoke/fire-smoke-cpu/data/raw/hf_candidates/LibreYOLO_smoke-uvylj_hf_snapshot/train/labels/frame_000255-5_jpg.rf.aa9ff655ea40078fc94871588d7d9c27.txt,640,640,VALID_SMOKE,train,False,False,True,0,smoke,True,602b55afa7d3887406f602c997c3eda855e0282972604177e64bd6b9bf84851f,030300227fffffff,huggingface_snapshot,pending_review,hf_snapshot_revision_recorded,True,
libreyolo_train_frame_000255_jpg.rf.8480c819c0ace60cabcdea7a99d1722d,/Users/mobcoderid-296/Desktop/fire-smoke/fire-smoke-cpu/data/raw/hf_candidates/LibreYOLO_smoke-uvylj_hf_snapshot/train/images/frame_000255_jpg.rf.8480c819c0ace60cabcdea7a99d1722d.jpg,/Users/mobcoderid-296/Desktop/fire-smoke/fire-smoke-cpu/data/raw/hf_candidates/LibreYOLO_smoke-uvylj_hf_snapshot/train/labels/frame_000255_jpg.rf.8480c819c0ace60cabcdea7a99d1722d.txt,640,640,VALID_SMOKE,train,False,False,True,0,smoke,True,012bbaf051cf493a6ac7b9815dc92476b28987be83c141a9bfd6c0943febd097,bfcfe61e0c0e8e64,huggingface_snapshot,pending_review,hf_snapshot_revision_recorded,True,
libreyolo_train_frame_000260-3_jpg.rf.fee9b05697815fd92e1ad384dd29b34d,/Users/mobcoderid-296/Desktop/fire-smoke/fire-smoke-cpu/data/raw/hf_candidates/LibreYOLO_smoke-uvylj_hf_snapshot/train/images/frame_000260-3_jpg.rf.fee9b05697815fd92e1ad384dd29b34d.jpg,/Users/mobcoderid-296/Desktop/fire-smoke/fire-smoke-cpu/data/raw/hf_candidates/LibreYOLO_smoke-uvylj_hf_snapshot/train/labels/frame_000260-3_jpg.rf.fee9b05697815fd92e1ad384dd29b34d.txt,640,640,VALID_SMOKE,train,False,False,True,0,smoke,True,f5683ce49744824d4ec95ea696fd71bb96be7f24d56ac4ecc1ca2212ee252c59,fe0f4e450507173f,huggingface_snapshot,pending_review,hf_snapshot_revision_recorded,True,
libreyolo_train_frame_000260-5_jpg.rf.6e623337b79bdda8e26c8e1b964b36c0,/Users/mobcoderid-296/Desktop/fire-smoke/fire-smoke-cpu/data/raw/hf_candidates/LibreYOLO_smoke-uvylj_hf_snapshot/train/images/frame_000260-5_jpg.rf.6e623337b79bdda8e26c8e1b964b36c0.jpg,/Users/mobcoderid-296/Desktop/fire-smoke/fire-smoke-cpu/data/raw/hf_candidates/LibreYOLO_smoke-uvylj_hf_snapshot/train/labels/frame_000260-5_jpg.rf.6e623337b79bdda8e26c8e1b964b36c0.txt,640,640,VALID_SMOKE,train,False,False,True,0,smoke,True,86ce17e3a2b746301e7a1e826dd496e3c1f8c3093faff1a8a4a954713d24d87a,030300a27fffffff,huggingface_snapshot,pending_review,hf_snapshot_revision_recorded,True,
libreyolo_train_frame_000265-3_jpg.rf.1084f19a79331eb02839800934cac04b,/Users/mobcoderid-296/Desktop/fire-smoke/fire-smoke-cpu/data/raw/hf_candidates/LibreYOLO_smoke-uvylj_hf_snapshot/train/images/frame_000265-3_jpg.rf.1084f19a79331eb02839800934cac04b.jpg,/Users/mobcoderid-296/Desktop/fire-smoke/fire-smoke-cpu/data/raw/hf_candidates/LibreYOLO_smoke-uvylj_hf_snapshot/train/labels/frame_000265-3_jpg.rf.1084f19a79331eb02839800934cac04b.txt,640,640,VALID_SMOKE,train,False,False,True,0,smoke,True,e97dec429dc85fb15846d84ec785b0b44dcecb4a7e1963d3528594ff9e694444,fe0f4e4407071f3f,huggingface_snapshot,pending_review,hf_snapshot_revision_recorded,True,
libreyolo_train_frame_000265-5_jpg.rf.8895ec71952e4886505a0bd2d7bb8b94,/Users/mobcoderid-296/Desktop/fire-smoke/fire-smoke-cpu/data/raw/hf_candidates/LibreYOLO_smoke-uvylj_hf_snapshot/train/images/frame_000265-5_jpg.rf.8895ec71952e4886505a0bd2d7bb8b94.jpg,/Users/mobcoderid-296/Desktop/fire-smoke/fire-smoke-cpu/data/raw/hf_candidates/LibreYOLO_smoke-uvylj_hf_snapshot/train/labels/frame_000265-5_jpg.rf.8895ec71952e4886505a0bd2d7bb8b94.txt,640,640,VALID_SMOKE,train,False,False,True,0,smoke,True,d0cd42e1dfd4aa57a06746c4252ea6c817d896100f0fc62c61673ad1ecf7deaa,030300a27fffffff,huggingface_snapshot,pending_review,hf_snapshot_revision_recorded,True,
libreyolo_train_frame_000265_jpg.rf.4575ace7cfa48c0e617089fab79171ba,/Users/mobcoderid-296/Desktop/fire-smoke/fire-smoke-cpu/data/raw/hf_candidates/LibreYOLO_smoke-uvylj_hf_snapshot/train/images/frame_000265_jpg.rf.4575ace7cfa48c0e617089fab79171ba.jpg,/Users/mobcoderid-296/Desktop/fire-smoke/fire-smoke-cpu/data/raw/hf_candidates/LibreYOLO_smoke-uvylj_hf_snapshot/train/labels/frame_000265_jpg.rf.4575ace7cfa48c0e617089fab79171ba.txt,640,640,VALID_SMOKE,train,False,False,True,0,smoke,True,128fa45eed462130f490f102f190e0795349efaef207efba523fe28a6c844fb8,bfcfe61e0c0c8e6c,huggingface_snapshot,pending_review,hf_snapshot_revision_recorded,True,
libreyolo_train_frame_000265_jpg.rf.59886f8a9ecff9a23185c524fcb7c187,/Users/mobcoderid-296/Desktop/fire-smoke/fire-smoke-cpu/data/raw/hf_candidates/LibreYOLO_smoke-uvylj_hf_snapshot/train/images/frame_000265_jpg.rf.59886f8a9ecff9a23185c524fcb7c187.jpg,/Users/mobcoderid-296/Desktop/fire-smoke/fire-smoke-cpu/data/raw/hf_candidates/LibreYOLO_smoke-uvylj_hf_snapshot/train/labels/frame_000265_jpg.rf.59886f8a9ecff9a23185c524fcb7c187.txt,640,640,VALID_SMOKE,train,False,False,True,0,smoke,True,a87c58ca2bc35ef391b0e815369f6780a89c78f859de17d7dbe127fff41da5c7,1c1c0c1c0ef0ffff,huggingface_snapshot,pending_review,hf_snapshot_revision_recorded,True,
libreyolo_train_frame_000270-3_jpg.rf.31cf8dcb27c51b043e5d324f52380027,/Users/mobcoderid-296/Desktop/fire-smoke/fire-smoke-cpu/data/raw/hf_candidates/LibreYOLO_smoke-uvylj_hf_snapshot/train/images/frame_000270-3_jpg.rf.31cf8dcb27c51b043e5d324f52380027.jpg,/Users/mobcoderid-296/Desktop/fire-smoke/fire-smoke-cpu/data/raw/hf_candidates/LibreYOLO_smoke-uvylj_hf_snapshot/train/labels/frame_000270-3_jpg.rf.31cf8dcb27c51b043e5d324f52380027.txt,640,640,VALID_SMOKE,train,False,False,True,0,smoke,True,17a37138de375513eec6a76dbb783efa7dadbe28b59db557ff78ef8dccd10830,fe0f4e4607031f3f,huggingface_snapshot,pending_review,hf_snapshot_revision_recorded,True,
libreyolo_train_frame_000270-5_jpg.rf.dd289e34696c34b2cccd2f9598fe9a3c,/Users/mobcoderid-296/Desktop/fire-smoke/fire-smoke-cpu/data/raw/hf_candidates/LibreYOLO_smoke-uvylj_hf_snapshot/train/images/frame_000270-5_jpg.rf.dd289e34696c34b2cccd2f9598fe9a3c.jpg,/Users/mobcoderid-296/Desktop/fire-smoke/fire-smoke-cpu/data/raw/hf_candidates/LibreYOLO_smoke-uvylj_hf_snapshot/train/labels/frame_000270-5_jpg.rf.dd289e34696c34b2cccd2f9598fe9a3c.txt,640,640,VALID_SMOKE,train,False,False,True,0,smoke,True,bb1d507f16d5a948b1b9970ecd4ee688f36f67898fa0cd3f08492d81d16ea609,030300a2ffffffff,huggingface_snapshot,pending_review,hf_snapshot_revision_recorded,True,
libreyolo_train_frame_000270_jpg.rf.3db6d7ad17ac9fd23131be75a5d2af65,/Users/mobcoderid-296/Desktop/fire-smoke/fire-smoke-cpu/data/raw/hf_candidates/LibreYOLO_smoke-uvylj_hf_snapshot/train/images/frame_000270_jpg.rf.3db6d7ad17ac9fd23131be75a5d2af65.jpg,/Users/mobcoderid-296/Desktop/fire-smoke/fire-smoke-cpu/data/raw/hf_candidates/LibreYOLO_smoke-uvylj_hf_snapshot/train/labels/frame_000270_jpg.rf.3db6d7ad17ac9fd23131be75a5d2af65.txt,640,640,VALID_SMOKE,train,False,False,True,0,smoke,True,26d16aca89883484cb161e87a95ecdf62183666e61def332d6f657717d0cc122,3c1c1c1c1ef2ffff,huggingface_snapshot,pending_review,hf_snapshot_revision_recorded,True,
libreyolo_train_frame_000275-3_jpg.rf.b2488240e5f1aa925e65876154896829,/Users/mobcoderid-296/Desktop/fire-smoke/fire-smoke-cpu/data/raw/hf_candidates/LibreYOLO_smoke-uvylj_hf_snapshot/train/images/frame_000275-3_jpg.rf.b2488240e5f1aa925e65876154896829.jpg,/Users/mobcoderid-296/Desktop/fire-smoke/fire-smoke-cpu/data/raw/hf_candidates/LibreYOLO_smoke-uvylj_hf_snapshot/train/labels/frame_000275-3_jpg.rf.b2488240e5f1aa925e65876154896829.txt,640,640,VALID_SMOKE,train,False,False,True,0,smoke,True,c22f992302d651d2528e00eac864e59c69c1ad6b983f8689ced8b3add7338e7d,fe1f4ec603031f3f,huggingface_snapshot,pending_review,hf_snapshot_revision_recorded,True,
libreyolo_train_frame_000275_jpg.rf.435b09b9ad04ef6a272b8f95f5a32ea1,/Users/mobcoderid-296/Desktop/fire-smoke/fire-smoke-cpu/data/raw/hf_candidates/LibreYOLO_smoke-uvylj_hf_snapshot/train/images/frame_000275_jpg.rf.435b09b9ad04ef6a272b8f95f5a32ea1.jpg,/Users/mobcoderid-296/Desktop/fire-smoke/fire-smoke-cpu/data/raw/hf_candidates/LibreYOLO_smoke-uvylj_hf_snapshot/train/labels/frame_000275_jpg.rf.435b09b9ad04ef6a272b8f95f5a32ea1.txt,640,640,VALID_SMOKE,train,False,False,True,0,smoke,True,a27ea4f823ec8617ea869ff2e7cb7958fde57148c62ca471ec2967130e70bed7,3c1c1c1c1efbffff,huggingface_snapshot,pending_review,hf_snapshot_revision_recorded,True,
libreyolo_train_frame_000280-5_jpg.rf.4ea75d6f8f1cfdad830123467934e831,/Users/mobcoderid-296/Desktop/fire-smoke/fire-smoke-cpu/data/raw/hf_candidates/LibreYOLO_smoke-uvylj_hf_snapshot/train/images/frame_000280-5_jpg.rf.4ea75d6f8f1cfdad830123467934e831.jpg,/Users/mobcoderid-296/Desktop/fire-smoke/fire-smoke-cpu/data/raw/hf_candidates/LibreYOLO_smoke-uvylj_hf_snapshot/train/labels/frame_000280-5_jpg.rf.4ea75d6f8f1cfdad830123467934e831.txt,640,640,VALID_SMOKE,train,False,False,True,0,smoke,True,879a6aabe62062a010c0fba3d038abde7b08d75b6eb34f8dc9ce60b3eaf93bbf,030300a2ffffffff,huggingface_snapshot,pending_review,hf_snapshot_revision_recorded,True,
libreyolo_train_frame_000280_jpg.rf.04eca450461649a8b2425abde1d17930,/Users/mobcoderid-296/Desktop/fire-smoke/fire-smoke-cpu/data/raw/hf_candidates/LibreYOLO_smoke-uvylj_hf_snapshot/train/images/frame_000280_jpg.rf.04eca450461649a8b2425abde1d17930.jpg,/Users/mobcoderid-296/Desktop/fire-smoke/fire-smoke-cpu/data/raw/hf_candidates/LibreYOLO_smoke-uvylj_hf_snapshot/train/labels/frame_000280_jpg.rf.04eca450461649a8b2425abde1d17930.txt,640,640,VALID_SMOKE,train,False,False,True,0,smoke,True,8b526a27c25742f9693f5d54079c8fa08ae983adbfa4c40272b96e72c5f91854,bfcfe61e0c0e9eec,huggingface_snapshot,pending_review,hf_snapshot_revision_recorded,True,
libreyolo_train_frame_000280_jpg.rf.6a44e88f15efdab3626084fccf403c43,/Users/mobcoderid-296/Desktop/fire-smoke/fire-smoke-cpu/data/raw/hf_candidates/LibreYOLO_smoke-uvylj_hf_snapshot/train/images/frame_000280_jpg.rf.6a44e88f15efdab3626084fccf403c43.jpg,/Users/mobcoderid-296/Desktop/fire-smoke/fire-smoke-cpu/data/raw/hf_candidates/LibreYOLO_smoke-uvylj_hf_snapshot/train/labels/frame_000280_jpg.rf.6a44e88f15efdab3626084fccf403c43.txt,640,640,VALID_SMOKE,train,False,False,True,0,smoke,True,e786a6a559f47a58065c4baa5e899fdaaa19ecd844db5765f142addd64a3d256,3c3c1c1c1efbffff,huggingface_snapshot,pending_review,hf_snapshot_revision_recorded,True,
libreyolo_train_frame_000285-3_jpg.rf.26723c2c06eb9e02b9eec69695bc7485,/Users/mobcoderid-296/Desktop/fire-smoke/fire-smoke-cpu/data/raw/hf_candidates/LibreYOLO_smoke-uvylj_hf_snapshot/train/images/frame_000285-3_jpg.rf.26723c2c06eb9e02b9eec69695bc7485.jpg,/Users/mobcoderid-296/Desktop/fire-smoke/fire-smoke-cpu/data/raw/hf_candidates/LibreYOLO_smoke-uvylj_hf_snapshot/train/labels/frame_000285-3_jpg.rf.26723c2c06eb9e02b9eec69695bc7485.txt,640,640,VALID_SMOKE,train,False,False,True,0,smoke,True,fb590cc7ddf1b11cc301cc073f68f61495f7151b882431a662801afae65f0bf2,fe1f4f4301071f3f,huggingface_snapshot,pending_review,hf_snapshot_revision_recorded,True,
libreyolo_train_frame_000285-5_jpg.rf.4f5d9cd4fedbdf9604f037e6e0bd3982,/Users/mobcoderid-296/Desktop/fire-smoke/fire-smoke-cpu/data/raw/hf_candidates/LibreYOLO_smoke-uvylj_hf_snapshot/train/images/frame_000285-5_jpg.rf.4f5d9cd4fedbdf9604f037e6e0bd3982.jpg,/Users/mobcoderid-296/Desktop/fire-smoke/fire-smoke-cpu/data/raw/hf_candidates/LibreYOLO_smoke-uvylj_hf_snapshot/train/labels/frame_000285-5_jpg.rf.4f5d9cd4fedbdf9604f037e6e0bd3982.txt,640,640,VALID_SMOKE,train,False,False,True,0,smoke,True,c9759ce46f20947362e183e402db4f4e0836bbdde1a4d40b210969b32a2f0700,030300a2ffffffff,huggingface_snapshot,pending_review,hf_snapshot_revision_recorded,True,
libreyolo_train_frame_000285_jpg.rf.7b02a03a4a8edbe838e4c749365ea0db,/Users/mobcoderid-296/Desktop/fire-smoke/fire-smoke-cpu/data/raw/hf_candidates/LibreYOLO_smoke-uvylj_hf_snapshot/train/images/frame_000285_jpg.rf.7b02a03a4a8edbe838e4c749365ea0db.jpg,/Users/mobcoderid-296/Desktop/fire-smoke/fire-smoke-cpu/data/raw/hf_candidates/LibreYOLO_smoke-uvylj_hf_snapshot/train/labels/frame_000285_jpg.rf.7b02a03a4a8edbe838e4c749365ea0db.txt,640,640,VALID_SMOKE,train,False,False,True,0,smoke,True,85b837bb7745aa7e5f5f981c08338bb85a7e7d459ea1729e6d03d1d5a9b89907,1c3c1c1c1efbffff,huggingface_snapshot,pending_review,hf_snapshot_revision_recorded,True,
libreyolo_train_frame_000290-3_jpg.rf.a56871be190f747f9f1fc0239341240c,/Users/mobcoderid-296/Desktop/fire-smoke/fire-smoke-cpu/data/raw/hf_candidates/LibreYOLO_smoke-uvylj_hf_snapshot/train/images/frame_000290-3_jpg.rf.a56871be190f747f9f1fc0239341240c.jpg,/Users/mobcoderid-296/Desktop/fire-smoke/fire-smoke-cpu/data/raw/hf_candidates/LibreYOLO_smoke-uvylj_hf_snapshot/train/labels/frame_000290-3_jpg.rf.a56871be190f747f9f1fc0239341240c.txt,640,640,VALID_SMOKE,train,False,False,True,0,smoke,True,7b68d756675d63b9bab78c595866c6f021280901756224346333e457fbec60bb,fe1f4f4301071f3f,huggingface_snapshot,pending_review,hf_snapshot_revision_recorded,True,
libreyolo_train_frame_000290_jpg.rf.2d4486967490e5c6cb69dfa69d8da90e,/Users/mobcoderid-296/Desktop/fire-smoke/fire-smoke-cpu/data/raw/hf_candidates/LibreYOLO_smoke-uvylj_hf_snapshot/train/images/frame_000290_jpg.rf.2d4486967490e5c6cb69dfa69d8da90e.jpg,/Users/mobcoderid-296/Desktop/fire-smoke/fire-smoke-cpu/data/raw/hf_candidates/LibreYOLO_smoke-uvylj_hf_snapshot/train/labels/frame_000290_jpg.rf.2d4486967490e5c6cb69dfa69d8da90e.txt,640,640,VALID_SMOKE,train,False,False,True,0,smoke,True,9fa6a381cde853ff897900569f415292cb4499670164b4b32c240a2552f268bb,1c3c1c1c1ffbffff,huggingface_snapshot,pending_review,hf_snapshot_revision_recorded,True,
libreyolo_train_frame_000295-3_jpg.rf.31403041a085ab4a358f00ddf5bf8e68,/Users/mobcoderid-296/Desktop/fire-smoke/fire-smoke-cpu/data/raw/hf_candidates/LibreYOLO_smoke-uvylj_hf_snapshot/train/images/frame_000295-3_jpg.rf.31403041a085ab4a358f00ddf5bf8e68.jpg,/Users/mobcoderid-296/Desktop/fire-smoke/fire-smoke-cpu/data/raw/hf_candidates/LibreYOLO_smoke-uvylj_hf_snapshot/train/labels/frame_000295-3_jpg.rf.31403041a085ab4a358f00ddf5bf8e68.txt,640,640,VALID_SMOKE,train,False,False,True,0,smoke,True,1c351ca34d68a33462260a085e5bf1b6fab46a637253b52e29ff219c2f029b34,fe1f4f4103031f3f,huggingface_snapshot,pending_review,hf_snapshot_revision_recorded,True,
libreyolo_train_frame_000295-5_jpg.rf.31860539d8489239d9abaaf6e9801722,/Users/mobcoderid-296/Desktop/fire-smoke/fire-smoke-cpu/data/raw/hf_candidates/LibreYOLO_smoke-uvylj_hf_snapshot/train/images/frame_000295-5_jpg.rf.31860539d8489239d9abaaf6e9801722.jpg,/Users/mobcoderid-296/Desktop/fire-smoke/fire-smoke-cpu/data/raw/hf_candidates/LibreYOLO_smoke-uvylj_hf_snapshot/train/labels/frame_000295-5_jpg.rf.31860539d8489239d9abaaf6e9801722.txt,640,640,VALID_SMOKE,train,False,False,True,0,smoke,True,eb4186e384e0f9b33f0e6c04bb11e32d7896ab00c4d685b45275958df77073e5,03030002fffeffff,huggingface_snapshot,pending_review,hf_snapshot_revision_recorded,True,
libreyolo_train_frame_000295_jpg.rf.72d26ebd5340e5fa73c6ac3e18ad1ed3,/Users/mobcoderid-296/Desktop/fire-smoke/fire-smoke-cpu/data/raw/hf_candidates/LibreYOLO_smoke-uvylj_hf_snapshot/train/images/frame_000295_jpg.rf.72d26ebd5340e5fa73c6ac3e18ad1ed3.jpg,/Users/mobcoderid-296/Desktop/fire-smoke/fire-smoke-cpu/data/raw/hf_candidates/LibreYOLO_smoke-uvylj_hf_snapshot/train/labels/frame_000295_jpg.rf.72d26ebd5340e5fa73c6ac3e18ad1ed3.txt,640,640,VALID_SMOKE,train,False,False,True,0,smoke,True,a68e0ff4cfd66ceb70ebb1da02017de25814c15a4761b3d672bee1af06c32f5a,1c3c1c1c1fffffff,huggingface_snapshot,pending_review,hf_snapshot_revision_recorded,True,
libreyolo_train_frame_000295_jpg.rf.cf714df8c037e60d1ca892e3d2b54c13,/Users/mobcoderid-296/Desktop/fire-smoke/fire-smoke-cpu/data/raw/hf_candidates/LibreYOLO_smoke-uvylj_hf_snapshot/train/images/frame_000295_jpg.rf.cf714df8c037e60d1ca892e3d2b54c13.jpg,/Users/mobcoderid-296/Desktop/fire-smoke/fire-smoke-cpu/data/raw/hf_candidates/LibreYOLO_smoke-uvylj_hf_snapshot/train/labels/frame_000295_jpg.rf.cf714df8c037e60d1ca892e3d2b54c13.txt,640,640,VALID_SMOKE,train,False,False,True,0,smoke,True,a6a4e961acfe329de9e12ca87f725d47300dfcfd7f15ff923280e664622eba97,9fcfee1e0e0e9eec,huggingface_snapshot,pending_review,hf_snapshot_revision_recorded,True,
libreyolo_train_frame_000300-5_jpg.rf.666585d3d9519320d70e3643f3474d0f,/Users/mobcoderid-296/Desktop/fire-smoke/fire-smoke-cpu/data/raw/hf_candidates/LibreYOLO_smoke-uvylj_hf_snapshot/train/images/frame_000300-5_jpg.rf.666585d3d9519320d70e3643f3474d0f.jpg,/Users/mobcoderid-296/Desktop/fire-smoke/fire-smoke-cpu/data/raw/hf_candidates/LibreYOLO_smoke-uvylj_hf_snapshot/train/labels/frame_000300-5_jpg.rf.666585d3d9519320d70e3643f3474d0f.txt,640,640,VALID_SMOKE,train,False,False,True,0,smoke,True,b99a4fcbeaac251388512c0e541e0cd4d3f8e5307526b8e9583c44e6be18e474,03070042fffeffff,huggingface_snapshot,pending_review,hf_snapshot_revision_recorded,True,
libreyolo_train_frame_000300_jpg.rf.18bddc928bc3f394f6edba4729bddb64,/Users/mobcoderid-296/Desktop/fire-smoke/fire-smoke-cpu/data/raw/hf_candidates/LibreYOLO_smoke-uvylj_hf_snapshot/train/images/frame_000300_jpg.rf.18bddc928bc3f394f6edba4729bddb64.jpg,/Users/mobcoderid-296/Desktop/fire-smoke/fire-smoke-cpu/data/raw/hf_candidates/LibreYOLO_smoke-uvylj_hf_snapshot/train/labels/frame_000300_jpg.rf.18bddc928bc3f394f6edba4729bddb64.txt,640,640,VALID_SMOKE,train,False,False,True,0,smoke,True,0509de35a6817a6123788ebc07dc67b670e9a72becdf4fd3fec4704619ba1655,1c3c1c1c1fffffff,huggingface_snapshot,pending_review,hf_snapshot_revision_recorded,True,
libreyolo_train_frame_000305-3_jpg.rf.03cff0b36d2a795ec8e633d057684d49,/Users/mobcoderid-296/Desktop/fire-smoke/fire-smoke-cpu/data/raw/hf_candidates/LibreYOLO_smoke-uvylj_hf_snapshot/train/images/frame_000305-3_jpg.rf.03cff0b36d2a795ec8e633d057684d49.jpg,/Users/mobcoderid-296/Desktop/fire-smoke/fire-smoke-cpu/data/raw/hf_candidates/LibreYOLO_smoke-uvylj_hf_snapshot/train/labels/frame_000305-3_jpg.rf.03cff0b36d2a795ec8e633d057684d49.txt,640,640,VALID_SMOKE,train,False,False,True,0,smoke,True,3d4797e9b3411571aac72bef6d1e210e682887b27d6027fb77cca0277ac1a29a,fe0f4f4007071f3f,huggingface_snapshot,pending_review,hf_snapshot_revision_recorded,True,
libreyolo_train_frame_000305-5_jpg.rf.2f02a221ec75aac3edb351fbed9c2b40,/Users/mobcoderid-296/Desktop/fire-smoke/fire-smoke-cpu/data/raw/hf_candidates/LibreYOLO_smoke-uvylj_hf_snapshot/train/images/frame_000305-5_jpg.rf.2f02a221ec75aac3edb351fbed9c2b40.jpg,/Users/mobcoderid-296/Desktop/fire-smoke/fire-smoke-cpu/data/raw/hf_candidates/LibreYOLO_smoke-uvylj_hf_snapshot/train/labels/frame_000305-5_jpg.rf.2f02a221ec75aac3edb351fbed9c2b40.txt,640,640,VALID_SMOKE,train,False,False,True,0,smoke,True,6b64108bed47455cc35d78c4b1d0b44e049effddc0e0caeb4f19e7993782321e,07070244f6ffffff,huggingface_snapshot,pending_review,hf_snapshot_revision_recorded,True,
libreyolo_train_frame_000305_jpg.rf.13b018c46145d89eab0bf781fcc32563,/Users/mobcoderid-296/Desktop/fire-smoke/fire-smoke-cpu/data/raw/hf_candidates/LibreYOLO_smoke-uvylj_hf_snapshot/train/images/frame_000305_jpg.rf.13b018c46145d89eab0bf781fcc32563.jpg,/Users/mobcoderid-296/Desktop/fire-smoke/fire-smoke-cpu/data/raw/hf_candidates/LibreYOLO_smoke-uvylj_hf_snapshot/train/labels/frame_000305_jpg.rf.13b018c46145d89eab0bf781fcc32563.txt,640,640,VALID_SMOKE,train,False,False,True,0,smoke,True,1cb9c71f3e3ed0f9503b1e2162a420eb8f3af77496c21590a677d20ec19b1437,1c3c1c1c1bffffff,huggingface_snapshot,pending_review,hf_snapshot_revision_recorded,True,
libreyolo_train_frame_000305_jpg.rf.5339c05cc20f4e5ba835768fc2b11035,/Users/mobcoderid-296/Desktop/fire-smoke/fire-smoke-cpu/data/raw/hf_candidates/LibreYOLO_smoke-uvylj_hf_snapshot/train/images/frame_000305_jpg.rf.5339c05cc20f4e5ba835768fc2b11035.jpg,/Users/mobcoderid-296/Desktop/fire-smoke/fire-smoke-cpu/data/raw/hf_candidates/LibreYOLO_smoke-uvylj_hf_snapshot/train/labels/frame_000305_jpg.rf.5339c05cc20f4e5ba835768fc2b11035.txt,640,640,VALID_SMOKE,train,False,False,True,0,smoke,True,2eadcfce159d730367ade9a409673d58f6126a3a429f449d3355b13302f29896,9fcf4e1e0e1e1cec,huggingface_snapshot,pending_review,hf_snapshot_revision_recorded,True,
libreyolo_train_frame_000310-5_jpg.rf.17ba803e5dfe2d3d99fc832a2938c4bd,/Users/mobcoderid-296/Desktop/fire-smoke/fire-smoke-cpu/data/raw/hf_candidates/LibreYOLO_smoke-uvylj_hf_snapshot/train/images/frame_000310-5_jpg.rf.17ba803e5dfe2d3d99fc832a2938c4bd.jpg,/Users/mobcoderid-296/Desktop/fire-smoke/fire-smoke-cpu/data/raw/hf_candidates/LibreYOLO_smoke-uvylj_hf_snapshot/train/labels/frame_000310-5_jpg.rf.17ba803e5dfe2d3d99fc832a2938c4bd.txt,640,640,VALID_SMOKE,train,False,False,True,0,smoke,True,26bf7caa24b9a58cb9128a09eed54f641e80b9da4763a9f8c500c00203ba924a,0f070300f7beffff,huggingface_snapshot,pending_review,hf_snapshot_revision_recorded,True,
libreyolo_train_frame_000310_jpg.rf.570a50ab07cdbb037e1a3a0c30d78038,/Users/mobcoderid-296/Desktop/fire-smoke/fire-smoke-cpu/data/raw/hf_candidates/LibreYOLO_smoke-uvylj_hf_snapshot/train/images/frame_000310_jpg.rf.570a50ab07cdbb037e1a3a0c30d78038.jpg,/Users/mobcoderid-296/Desktop/fire-smoke/fire-smoke-cpu/data/raw/hf_candidates/LibreYOLO_smoke-uvylj_hf_snapshot/train/labels/frame_000310_jpg.rf.570a50ab07cdbb037e1a3a0c30d78038.txt,640,640,VALID_SMOKE,train,False,False,True,0,smoke,True,6a565bf514dff8471fb740402b4702a0a8b7b62da8add1362d8bd465e3541893,1c1c1c1c1dffffff,huggingface_snapshot,pending_review,hf_snapshot_revision_recorded,True,
libreyolo_train_frame_000315-3_jpg.rf.ba35c2003b79f7eba19b0df6efa644a1,/Users/mobcoderid-296/Desktop/fire-smoke/fire-smoke-cpu/data/raw/hf_candidates/LibreYOLO_smoke-uvylj_hf_snapshot/train/images/frame_000315-3_jpg.rf.ba35c2003b79f7eba19b0df6efa644a1.jpg,/Users/mobcoderid-296/Desktop/fire-smoke/fire-smoke-cpu/data/raw/hf_candidates/LibreYOLO_smoke-uvylj_hf_snapshot/train/labels/frame_000315-3_jpg.rf.ba35c2003b79f7eba19b0df6efa644a1.txt,640,640,VALID_SMOKE,train,False,False,True,0,smoke,True,cf8b093307fa97ab5064c78e0bdc229ed4f7b523ac82e692c77a82d870f5c0af,fe0f0f4303071f3f,huggingface_snapshot,pending_review,hf_snapshot_revision_recorded,True,
libreyolo_train_frame_000320-3_jpg.rf.bdb3ac15ef44ca840b990d6b31348345,/Users/mobcoderid-296/Desktop/fire-smoke/fire-smoke-cpu/data/raw/hf_candidates/LibreYOLO_smoke-uvylj_hf_snapshot/train/images/frame_000320-3_jpg.rf.bdb3ac15ef44ca840b990d6b31348345.jpg,/Users/mobcoderid-296/Desktop/fire-smoke/fire-smoke-cpu/data/raw/hf_candidates/LibreYOLO_smoke-uvylj_hf_snapshot/train/labels/frame_000320-3_jpg.rf.bdb3ac15ef44ca840b990d6b31348345.txt,640,640,VALID_SMOKE,train,False,False,True,0,smoke,True,ec31be0f02631b2a54d3c998e1dde90e41b530999c7ec4d3cfd744f9fb06c0fe,fc1f0f4703071f3f,huggingface_snapshot,pending_review,hf_snapshot_revision_recorded,True,
libreyolo_train_frame_000320-5_jpg.rf.c28070373ae46a53d47244a894b42ec2,/Users/mobcoderid-296/Desktop/fire-smoke/fire-smoke-cpu/data/raw/hf_candidates/LibreYOLO_smoke-uvylj_hf_snapshot/train/images/frame_000320-5_jpg.rf.c28070373ae46a53d47244a894b42ec2.jpg,/Users/mobcoderid-296/Desktop/fire-smoke/fire-smoke-cpu/data/raw/hf_candidates/LibreYOLO_smoke-uvylj_hf_snapshot/train/labels/frame_000320-5_jpg.rf.c28070373ae46a53d47244a894b42ec2.txt,640,640,VALID_SMOKE,train,False,False,True,0,smoke,True,d46c3d8203f0c3b719f1a6e463ee77a20e11485a80895ddaa8c2c824e8e8e0c2,070301807fbeffff,huggingface_snapshot,pending_review,hf_snapshot_revision_recorded,True,
libreyolo_train_frame_000320_jpg.rf.734f0f8d1bcecf55a470ff4f7f36aa72,/Users/mobcoderid-296/Desktop/fire-smoke/fire-smoke-cpu/data/raw/hf_candidates/LibreYOLO_smoke-uvylj_hf_snapshot/train/images/frame_000320_jpg.rf.734f0f8d1bcecf55a470ff4f7f36aa72.jpg,/Users/mobcoderid-296/Desktop/fire-smoke/fire-smoke-cpu/data/raw/hf_candidates/LibreYOLO_smoke-uvylj_hf_snapshot/train/labels/frame_000320_jpg.rf.734f0f8d1bcecf55a470ff4f7f36aa72.txt,640,640,VALID_SMOKE,train,False,False,True,0,smoke,True,fb57f48d119ee7d805a28e74f095919121cdf399c43412a731dc6ac2e3d26847,9fcf4e1e0e0e1efe,huggingface_snapshot,pending_review,hf_snapshot_revision_recorded,True,
libreyolo_train_frame_000325-3_jpg.rf.3065f955d2273213367f19344fd58398,/Users/mobcoderid-296/Desktop/fire-smoke/fire-smoke-cpu/data/raw/hf_candidates/LibreYOLO_smoke-uvylj_hf_snapshot/train/images/frame_000325-3_jpg.rf.3065f955d2273213367f19344fd58398.jpg,/Users/mobcoderid-296/Desktop/fire-smoke/fire-smoke-cpu/data/raw/hf_candidates/LibreYOLO_smoke-uvylj_hf_snapshot/train/labels/frame_000325-3_jpg.rf.3065f955d2273213367f19344fd58398.txt,640,640,VALID_SMOKE,train,False,False,True,0,smoke,True,a9aef29d48eb771afccce33885864c2638f88a0819bb49525e89db8673b03239,fc1f0f4743071f3f,huggingface_snapshot,pending_review,hf_snapshot_revision_recorded,True,
libreyolo_train_frame_000325-5_jpg.rf.314880e2c4eeed14b0725e8bf4db192e,/Users/mobcoderid-296/Desktop/fire-smoke/fire-smoke-cpu/data/raw/hf_candidates/LibreYOLO_smoke-uvylj_hf_snapshot/train/images/frame_000325-5_jpg.rf.314880e2c4eeed14b0725e8bf4db192e.jpg,/Users/mobcoderid-296/Desktop/fire-smoke/fire-smoke-cpu/data/raw/hf_candidates/LibreYOLO_smoke-uvylj_hf_snapshot/train/labels/frame_000325-5_jpg.rf.314880e2c4eeed14b0725e8bf4db192e.txt,640,640,VALID_SMOKE,train,False,False,True,0,smoke,True,fc48421c80db3e290d93c9781a2a8b9ffb49dddc2e281e7e80016195402a18ed,070301827fbeffff,huggingface_snapshot,pending_review,hf_snapshot_revision_recorded,True,
libreyolo_train_frame_000325_jpg.rf.407198c84d9c865a7d23754b72e0f092,/Users/mobcoderid-296/Desktop/fire-smoke/fire-smoke-cpu/data/raw/hf_candidates/LibreYOLO_smoke-uvylj_hf_snapshot/train/images/frame_000325_jpg.rf.407198c84d9c865a7d23754b72e0f092.jpg,/Users/mobcoderid-296/Desktop/fire-smoke/fire-smoke-cpu/data/raw/hf_candidates/LibreYOLO_smoke-uvylj_hf_snapshot/train/labels/frame_000325_jpg.rf.407198c84d9c865a7d23754b72e0f092.txt,640,640,VALID_SMOKE,train,False,False,True,0,smoke,True,2429a15953848b4a9084ada34407cffa22fcb49496c809fc3272e39a9f96668a,1c1c1c3c3fffffff,huggingface_snapshot,pending_review,hf_snapshot_revision_recorded,True,
libreyolo_train_frame_000325_jpg.rf.8c9296cf2404dd662ce3924272388c4b,/Users/mobcoderid-296/Desktop/fire-smoke/fire-smoke-cpu/data/raw/hf_candidates/LibreYOLO_smoke-uvylj_hf_snapshot/train/images/frame_000325_jpg.rf.8c9296cf2404dd662ce3924272388c4b.jpg,/Users/mobcoderid-296/Desktop/fire-smoke/fire-smoke-cpu/data/raw/hf_candidates/LibreYOLO_smoke-uvylj_hf_snapshot/train/labels/frame_000325_jpg.rf.8c9296cf2404dd662ce3924272388c4b.txt,640,640,VALID_SMOKE,train,False,False,True,0,smoke,True,feb668b52cbe9239cf87b8b6c25cbee8c7f792a4324d69f00bf61b99b028e445,9fcf4e1e0e0e1efe,huggingface_snapshot,pending_review,hf_snapshot_revision_recorded,True,
libreyolo_train_frame_000330-3_jpg.rf.3c48187b827f9d13295a03176ceb1ae6,/Users/mobcoderid-296/Desktop/fire-smoke/fire-smoke-cpu/data/raw/hf_candidates/LibreYOLO_smoke-uvylj_hf_snapshot/train/images/frame_000330-3_jpg.rf.3c48187b827f9d13295a03176ceb1ae6.jpg,/Users/mobcoderid-296/Desktop/fire-smoke/fire-smoke-cpu/data/raw/hf_candidates/LibreYOLO_smoke-uvylj_hf_snapshot/train/labels/frame_000330-3_jpg.rf.3c48187b827f9d13295a03176ceb1ae6.txt,640,640,VALID_SMOKE,train,False,False,True,0,smoke,True,faec1a6ddde4993e3ff90dff8b2f6f855adc74a6d6530ed2444f4933254fbd31,fc1f0f4343071f3f,huggingface_snapshot,pending_review,hf_snapshot_revision_recorded,True,
libreyolo_train_frame_000330-5_jpg.rf.c9663b5baad29ed93c03d8e55c470dd3,/Users/mobcoderid-296/Desktop/fire-smoke/fire-smoke-cpu/data/raw/hf_candidates/LibreYOLO_smoke-uvylj_hf_snapshot/train/images/frame_000330-5_jpg.rf.c9663b5baad29ed93c03d8e55c470dd3.jpg,/Users/mobcoderid-296/Desktop/fire-smoke/fire-smoke-cpu/data/raw/hf_candidates/LibreYOLO_smoke-uvylj_hf_snapshot/train/labels/frame_000330-5_jpg.rf.c9663b5baad29ed93c03d8e55c470dd3.txt,640,640,VALID_SMOKE,train,False,False,True,0,smoke,True,a50bcdfda9d3bbf1ad671b9eb96167de3cb914d57bb8ca8611c1a2a7e5898c10,070301807fbeffff,huggingface_snapshot,pending_review,hf_snapshot_revision_recorded,True,
libreyolo_train_frame_000330_jpg.rf.babc7c99526cea093e718734094fb18c,/Users/mobcoderid-296/Desktop/fire-smoke/fire-smoke-cpu/data/raw/hf_candidates/LibreYOLO_smoke-uvylj_hf_snapshot/train/images/frame_000330_jpg.rf.babc7c99526cea093e718734094fb18c.jpg,/Users/mobcoderid-296/Desktop/fire-smoke/fire-smoke-cpu/data/raw/hf_candidates/LibreYOLO_smoke-uvylj_hf_snapshot/train/labels/frame_000330_jpg.rf.babc7c99526cea093e718734094fb18c.txt,640,640,VALID_SMOKE,train,False,False,True,0,smoke,True,774fdbbd3c0fa1804f94652b98c75bd5400564fce427ba561d336bc9f5133d37,1c1c1c3c3fffffff,huggingface_snapshot,pending_review,hf_snapshot_revision_recorded,True,
libreyolo_train_frame_000330_jpg.rf.d4cfe6e6fd15f1fb7aa8f947bcba8ed0,/Users/mobcoderid-296/Desktop/fire-smoke/fire-smoke-cpu/data/raw/hf_candidates/LibreYOLO_smoke-uvylj_hf_snapshot/train/images/frame_000330_jpg.rf.d4cfe6e6fd15f1fb7aa8f947bcba8ed0.jpg,/Users/mobcoderid-296/Desktop/fire-smoke/fire-smoke-cpu/data/raw/hf_candidates/LibreYOLO_smoke-uvylj_hf_snapshot/train/labels/frame_000330_jpg.rf.d4cfe6e6fd15f1fb7aa8f947bcba8ed0.txt,640,640,VALID_SMOKE,train,False,False,True,0,smoke,True,6caacfe7d64df28ea799bc25e1059b4670586df635ccdb054091428ab3189e82,9fcf4e1e0e0e0efe,huggingface_snapshot,pending_review,hf_snapshot_revision_recorded,True,
libreyolo_train_frame_000335-3_jpg.rf.8740a379a1fce14fe6350a47fa19899c,/Users/mobcoderid-296/Desktop/fire-smoke/fire-smoke-cpu/data/raw/hf_candidates/LibreYOLO_smoke-uvylj_hf_snapshot/train/images/frame_000335-3_jpg.rf.8740a379a1fce14fe6350a47fa19899c.jpg,/Users/mobcoderid-296/Desktop/fire-smoke/fire-smoke-cpu/data/raw/hf_candidates/LibreYOLO_smoke-uvylj_hf_snapshot/train/labels/frame_000335-3_jpg.rf.8740a379a1fce14fe6350a47fa19899c.txt,640,640,VALID_SMOKE,train,False,False,True,0,smoke,True,6ad3f5823f11e99a12fbd54be3ff57a1d1f7f8242ae67ccf3ba587dae2ea8960,fe1f0f4143031f3f,huggingface_snapshot,pending_review,hf_snapshot_revision_recorded,True,
libreyolo_train_frame_000335-5_jpg.rf.008e4672f36b81ec9c06fc20ccc6c0ce,/Users/mobcoderid-296/Desktop/fire-smoke/fire-smoke-cpu/data/raw/hf_candidates/LibreYOLO_smoke-uvylj_hf_snapshot/train/images/frame_000335-5_jpg.rf.008e4672f36b81ec9c06fc20ccc6c0ce.jpg,/Users/mobcoderid-296/Desktop/fire-smoke/fire-smoke-cpu/data/raw/hf_candidates/LibreYOLO_smoke-uvylj_hf_snapshot/train/labels/frame_000335-5_jpg.rf.008e4672f36b81ec9c06fc20ccc6c0ce.txt,640,640,VALID_SMOKE,train,False,False,True,0,smoke,True,3bca02925132b7efa0cc6ecc3bd2de288d162a24a986aa4e85e6ccc4c4848235,070303007f7effff,huggingface_snapshot,pending_review,hf_snapshot_revision_recorded,True,
libreyolo_train_frame_000335_jpg.rf.7f66373f65737a773a76c782be430b23,/Users/mobcoderid-296/Desktop/fire-smoke/fire-smoke-cpu/data/raw/hf_candidates/LibreYOLO_smoke-uvylj_hf_snapshot/train/images/frame_000335_jpg.rf.7f66373f65737a773a76c782be430b23.jpg,/Users/mobcoderid-296/Desktop/fire-smoke/fire-smoke-cpu/data/raw/hf_candidates/LibreYOLO_smoke-uvylj_hf_snapshot/train/labels/frame_000335_jpg.rf.7f66373f65737a773a76c782be430b23.txt,640,640,VALID_SMOKE,train,False,False,True,0,smoke,True,6c1f0b0a1622c27a5bb9e463d750121ddfe900ebc5c69e85d53316517790a50d,1c1c1c3c3fffffff,huggingface_snapshot,pending_review,hf_snapshot_revision_recorded,True,
libreyolo_train_frame_000340-3_jpg.rf.e3aa739a6799995b292b67b448661958,/Users/mobcoderid-296/Desktop/fire-smoke/fire-smoke-cpu/data/raw/hf_candidates/LibreYOLO_smoke-uvylj_hf_snapshot/train/images/frame_000340-3_jpg.rf.e3aa739a6799995b292b67b448661958.jpg,/Users/mobcoderid-296/Desktop/fire-smoke/fire-smoke-cpu/data/raw/hf_candidates/LibreYOLO_smoke-uvylj_hf_snapshot/train/labels/frame_000340-3_jpg.rf.e3aa739a6799995b292b67b448661958.txt,640,640,VALID_SMOKE,train,False,False,True,0,smoke,True,87f979a486c3e2a6946ab2677d5c2bca6ef3322e68896ddbb1f9548eac4ecd96,fe0f0f4143031f3f,huggingface_snapshot,pending_review,hf_snapshot_revision_recorded,True,
libreyolo_train_frame_000340-5_jpg.rf.3013d22905f20c89633b27d00cc14612,/Users/mobcoderid-296/Desktop/fire-smoke/fire-smoke-cpu/data/raw/hf_candidates/LibreYOLO_smoke-uvylj_hf_snapshot/train/images/frame_000340-5_jpg.rf.3013d22905f20c89633b27d00cc14612.jpg,/Users/mobcoderid-296/Desktop/fire-smoke/fire-smoke-cpu/data/raw/hf_candidates/LibreYOLO_smoke-uvylj_hf_snapshot/train/labels/frame_000340-5_jpg.rf.3013d22905f20c89633b27d00cc14612.txt,640,640,VALID_SMOKE,train,False,False,True,0,smoke,True,a73bd28b688b30e4bc413ec490d7d4695f53ca29bc60069d7b55a83a8f1bb017,030303007f7effff,huggingface_snapshot,pending_review,hf_snapshot_revision_recorded,True,
libreyolo_train_frame_000340_jpg.rf.c22e7b1a2d4547b6570c151d868a4ef9,/Users/mobcoderid-296/Desktop/fire-smoke/fire-smoke-cpu/data/raw/hf_candidates/LibreYOLO_smoke-uvylj_hf_snapshot/train/images/frame_000340_jpg.rf.c22e7b1a2d4547b6570c151d868a4ef9.jpg,/Users/mobcoderid-296/Desktop/fire-smoke/fire-smoke-cpu/data/raw/hf_candidates/LibreYOLO_smoke-uvylj_hf_snapshot/train/labels/frame_000340_jpg.rf.c22e7b1a2d4547b6570c151d868a4ef9.txt,640,640,VALID_SMOKE,train,False,False,True,0,smoke,True,91368d32c641cbaa812781c6402a5eb25359ddbfaf5bef652a38c676d1a2f85e,9fcf4e1e0e0e1efe,huggingface_snapshot,pending_review,hf_snapshot_revision_recorded,True,
libreyolo_train_frame_000340_jpg.rf.c7b90ab95f33541a9676666b2471d899,/Users/mobcoderid-296/Desktop/fire-smoke/fire-smoke-cpu/data/raw/hf_candidates/LibreYOLO_smoke-uvylj_hf_snapshot/train/images/frame_000340_jpg.rf.c7b90ab95f33541a9676666b2471d899.jpg,/Users/mobcoderid-296/Desktop/fire-smoke/fire-smoke-cpu/data/raw/hf_candidates/LibreYOLO_smoke-uvylj_hf_snapshot/train/labels/frame_000340_jpg.rf.c7b90ab95f33541a9676666b2471d899.txt,640,640,VALID_SMOKE,train,False,False,True,0,smoke,True,cc5c2838fa71627abae1f0f433691bc63f9a078648a596740c11b546d368c4c6,1c1c1c3c3fffffff,huggingface_snapshot,pending_review,hf_snapshot_revision_recorded,True,
libreyolo_train_frame_000345-3_jpg.rf.e1f413bc105d70239479255fab665dd2,/Users/mobcoderid-296/Desktop/fire-smoke/fire-smoke-cpu/data/raw/hf_candidates/LibreYOLO_smoke-uvylj_hf_snapshot/train/images/frame_000345-3_jpg.rf.e1f413bc105d70239479255fab665dd2.jpg,/Users/mobcoderid-296/Desktop/fire-smoke/fire-smoke-cpu/data/raw/hf_candidates/LibreYOLO_smoke-uvylj_hf_snapshot/train/labels/frame_000345-3_jpg.rf.e1f413bc105d70239479255fab665dd2.txt,640,640,VALID_SMOKE,train,False,False,True,0,smoke,True,cbba2d2610378a93196728caad3fe379dba52793afd0ab5e3ea6d90665163f35,fe0f0f4143070f3f,huggingface_snapshot,pending_review,hf_snapshot_revision_recorded,True,
libreyolo_train_frame_000345-5_jpg.rf.69857c7fad7118016a45862977634786,/Users/mobcoderid-296/Desktop/fire-smoke/fire-smoke-cpu/data/raw/hf_candidates/LibreYOLO_smoke-uvylj_hf_snapshot/train/images/frame_000345-5_jpg.rf.69857c7fad7118016a45862977634786.jpg,/Users/mobcoderid-296/Desktop/fire-smoke/fire-smoke-cpu/data/raw/hf_candidates/LibreYOLO_smoke-uvylj_hf_snapshot/train/labels/frame_000345-5_jpg.rf.69857c7fad7118016a45862977634786.txt,640,640,VALID_SMOKE,train,False,False,True,0,smoke,True,3a1b5dc7017d354ff8304a72fdd1b9fdc5ac52d4e762a9c268b970e91ddffcc5,030301007f7effff,huggingface_snapshot,pending_review,hf_snapshot_revision_recorded,True,
libreyolo_train_frame_000345_jpg.rf.5d9488f9c44021f7596396c353161dbf,/Users/mobcoderid-296/Desktop/fire-smoke/fire-smoke-cpu/data/raw/hf_candidates/LibreYOLO_smoke-uvylj_hf_snapshot/train/images/frame_000345_jpg.rf.5d9488f9c44021f7596396c353161dbf.jpg,/Users/mobcoderid-296/Desktop/fire-smoke/fire-smoke-cpu/data/raw/hf_candidates/LibreYOLO_smoke-uvylj_hf_snapshot/train/labels/frame_000345_jpg.rf.5d9488f9c44021f7596396c353161dbf.txt,640,640,VALID_SMOKE,train,False,False,True,0,smoke,True,6f822f301da479745abc74cc354b2ac021d095f3218c645af8708e7aa277b9a2,1c1c1c3c3fffffff,huggingface_snapshot,pending_review,hf_snapshot_revision_recorded,True,
libreyolo_train_frame_000345_jpg.rf.fd2c55eb661283d31a0c9bebaf62e7de,/Users/mobcoderid-296/Desktop/fire-smoke/fire-smoke-cpu/data/raw/hf_candidates/LibreYOLO_smoke-uvylj_hf_snapshot/train/images/frame_000345_jpg.rf.fd2c55eb661283d31a0c9bebaf62e7de.jpg,/Users/mobcoderid-296/Desktop/fire-smoke/fire-smoke-cpu/data/raw/hf_candidates/LibreYOLO_smoke-uvylj_hf_snapshot/train/labels/frame_000345_jpg.rf.fd2c55eb661283d31a0c9bebaf62e7de.txt,640,640,VALID_SMOKE,train,False,False,True,0,smoke,True,75382c4c3f10c7c1eaef6cac3a26892e3ade73e9a79af2d00d2d4bfc4b492df2,9fcf4e1e0e0e0cfe,huggingface_snapshot,pending_review,hf_snapshot_revision_recorded,True,
libreyolo_train_frame_000350-3_jpg.rf.9a404ddd205a6399edbfbd5165c70a45,/Users/mobcoderid-296/Desktop/fire-smoke/fire-smoke-cpu/data/raw/hf_candidates/LibreYOLO_smoke-uvylj_hf_snapshot/train/images/frame_000350-3_jpg.rf.9a404ddd205a6399edbfbd5165c70a45.jpg,/Users/mobcoderid-296/Desktop/fire-smoke/fire-smoke-cpu/data/raw/hf_candidates/LibreYOLO_smoke-uvylj_hf_snapshot/train/labels/frame_000350-3_jpg.rf.9a404ddd205a6399edbfbd5165c70a45.txt,640,640,VALID_SMOKE,train,False,False,True,0,smoke,True,64bbf30f2b8f075b5b1958ef76c2b2c580286d82cb5d4f656b6d585b844a5a4e,fe0f0f4143070f3f,huggingface_snapshot,pending_review,hf_snapshot_revision_recorded,True,
libreyolo_train_frame_000350-5_jpg.rf.84ec746c84de1b2b347271f645426647,/Users/mobcoderid-296/Desktop/fire-smoke/fire-smoke-cpu/data/raw/hf_candidates/LibreYOLO_smoke-uvylj_hf_snapshot/train/images/frame_000350-5_jpg.rf.84ec746c84de1b2b347271f645426647.jpg,/Users/mobcoderid-296/Desktop/fire-smoke/fire-smoke-cpu/data/raw/hf_candidates/LibreYOLO_smoke-uvylj_hf_snapshot/train/labels/frame_000350-5_jpg.rf.84ec746c84de1b2b347271f645426647.txt,640,640,VALID_SMOKE,train,False,False,True,0,smoke,True,513883c050ca5a62f8480b5ff00933dd6eb003137e8ccfc3e5f9f0a9fe282c7a,030301827ffeffff,huggingface_snapshot,pending_review,hf_snapshot_revision_recorded,True,
libreyolo_train_frame_000350_jpg.rf.ff5ad7363e1d65a7c3e095281d6eda64,/Users/mobcoderid-296/Desktop/fire-smoke/fire-smoke-cpu/data/raw/hf_candidates/LibreYOLO_smoke-uvylj_hf_snapshot/train/images/frame_000350_jpg.rf.ff5ad7363e1d65a7c3e095281d6eda64.jpg,/Users/mobcoderid-296/Desktop/fire-smoke/fire-smoke-cpu/data/raw/hf_candidates/LibreYOLO_smoke-uvylj_hf_snapshot/train/labels/frame_000350_jpg.rf.ff5ad7363e1d65a7c3e095281d6eda64.txt,640,640,VALID_SMOKE,train,False,False,True,0,smoke,True,ec74e1d529caa6a09fa6f3188032b8b154f2b71656b4c0195406fa05348746e5,1c1c1c3c3fffffff,huggingface_snapshot,pending_review,hf_snapshot_revision_recorded,True,
libreyolo_train_frame_000355-5_jpg.rf.679353f28e76a3c586f06f8bd104f450,/Users/mobcoderid-296/Desktop/fire-smoke/fire-smoke-cpu/data/raw/hf_candidates/LibreYOLO_smoke-uvylj_hf_snapshot/train/images/frame_000355-5_jpg.rf.679353f28e76a3c586f06f8bd104f450.jpg,/Users/mobcoderid-296/Desktop/fire-smoke/fire-smoke-cpu/data/raw/hf_candidates/LibreYOLO_smoke-uvylj_hf_snapshot/train/labels/frame_000355-5_jpg.rf.679353f28e76a3c586f06f8bd104f450.txt,640,640,VALID_SMOKE,train,False,False,True,0,smoke,True,a63bbe53af7ec8eca45bc532a5fc1eb909fd8c9f20a9afc5f5db071a359cb00b,030301823ffeffff,huggingface_snapshot,pending_review,hf_snapshot_revision_recorded,True,
libreyolo_train_frame_000355_jpg.rf.781826de365177d927fe98b7a97e5d5c,/Users/mobcoderid-296/Desktop/fire-smoke/fire-smoke-cpu/data/raw/hf_candidates/LibreYOLO_smoke-uvylj_hf_snapshot/train/images/frame_000355_jpg.rf.781826de365177d927fe98b7a97e5d5c.jpg,/Users/mobcoderid-296/Desktop/fire-smoke/fire-smoke-cpu/data/raw/hf_candidates/LibreYOLO_smoke-uvylj_hf_snapshot/train/labels/frame_000355_jpg.rf.781826de365177d927fe98b7a97e5d5c.txt,640,640,VALID_SMOKE,train,False,False,True,0,smoke,True,5254787e723dbcebaf012ade60fc646e9d1a7d28b83adeed51d5946b19064d56,9fcf6e0e0e0e0cfe,huggingface_snapshot,pending_review,hf_snapshot_revision_recorded,True,
libreyolo_train_frame_000360-3_jpg.rf.4444eeff111a347ba6f47b87896004e1,/Users/mobcoderid-296/Desktop/fire-smoke/fire-smoke-cpu/data/raw/hf_candidates/LibreYOLO_smoke-uvylj_hf_snapshot/train/images/frame_000360-3_jpg.rf.4444eeff111a347ba6f47b87896004e1.jpg,/Users/mobcoderid-296/Desktop/fire-smoke/fire-smoke-cpu/data/raw/hf_candidates/LibreYOLO_smoke-uvylj_hf_snapshot/train/labels/frame_000360-3_jpg.rf.4444eeff111a347ba6f47b87896004e1.txt,640,640,VALID_SMOKE,train,False,False,True,0,smoke,True,07f8f209643e1248b8b5aea903919ebb6890119178337555a97af6ead38dca83,fe1f0f474307073f,huggingface_snapshot,pending_review,hf_snapshot_revision_recorded,True,
libreyolo_train_frame_000360-5_jpg.rf.71bfaf4ea1ca637846d0f2a91963278a,/Users/mobcoderid-296/Desktop/fire-smoke/fire-smoke-cpu/data/raw/hf_candidates/LibreYOLO_smoke-uvylj_hf_snapshot/train/images/frame_000360-5_jpg.rf.71bfaf4ea1ca637846d0f2a91963278a.jpg,/Users/mobcoderid-296/Desktop/fire-smoke/fire-smoke-cpu/data/raw/hf_candidates/LibreYOLO_smoke-uvylj_hf_snapshot/train/labels/frame_000360-5_jpg.rf.71bfaf4ea1ca637846d0f2a91963278a.txt,640,640,VALID_SMOKE,train,False,False,True,0,smoke,True,c47109ed3d726aa7492e502a524b298d5722dc96a1986b5255c9c5ae9d278ddf,030301a27ffeffff,huggingface_snapshot,pending_review,hf_snapshot_revision_recorded,True,
libreyolo_train_frame_000360_jpg.rf.c1e9311919fd044512a2df310a413720,/Users/mobcoderid-296/Desktop/fire-smoke/fire-smoke-cpu/data/raw/hf_candidates/LibreYOLO_smoke-uvylj_hf_snapshot/train/images/frame_000360_jpg.rf.c1e9311919fd044512a2df310a413720.jpg,/Users/mobcoderid-296/Desktop/fire-smoke/fire-smoke-cpu/data/raw/hf_candidates/LibreYOLO_smoke-uvylj_hf_snapshot/train/labels/frame_000360_jpg.rf.c1e9311919fd044512a2df310a413720.txt,640,640,VALID_SMOKE,train,False,False,True,0,smoke,True,06c29a9b130da9e1b29dc8298397f40e5d085fb124d43e67764d5065e570bc31,1c1c383c7fffffff,huggingface_snapshot,pending_review,hf_snapshot_revision_recorded,True,
libreyolo_train_frame_000365-3_jpg.rf.e07b7e08bc6d8def324ed1da3e513558,/Users/mobcoderid-296/Desktop/fire-smoke/fire-smoke-cpu/data/raw/hf_candidates/LibreYOLO_smoke-uvylj_hf_snapshot/train/images/frame_000365-3_jpg.rf.e07b7e08bc6d8def324ed1da3e513558.jpg,/Users/mobcoderid-296/Desktop/fire-smoke/fire-smoke-cpu/data/raw/hf_candidates/LibreYOLO_smoke-uvylj_hf_snapshot/train/labels/frame_000365-3_jpg.rf.e07b7e08bc6d8def324ed1da3e513558.txt,640,640,VALID_SMOKE,train,False,False,True,0,smoke,True,7005b919174196123f1246a5a0b6942ce82059e80cd39c1c30549bf5df69974f,fe1f0f474307073f,huggingface_snapshot,pending_review,hf_snapshot_revision_recorded,True,
libreyolo_train_frame_000365-5_jpg.rf.161eb8ca802d31937fa103af0af71fe6,/Users/mobcoderid-296/Desktop/fire-smoke/fire-smoke-cpu/data/raw/hf_candidates/LibreYOLO_smoke-uvylj_hf_snapshot/train/images/frame_000365-5_jpg.rf.161eb8ca802d31937fa103af0af71fe6.jpg,/Users/mobcoderid-296/Desktop/fire-smoke/fire-smoke-cpu/data/raw/hf_candidates/LibreYOLO_smoke-uvylj_hf_snapshot/train/labels/frame_000365-5_jpg.rf.161eb8ca802d31937fa103af0af71fe6.txt,640,640,VALID_SMOKE,train,False,False,True,0,smoke,True,acff5ca5b6da731955b153d15feb6c2fd77f008bb90b46137066bcfb4ec84ecb,030301a27ffeffff,huggingface_snapshot,pending_review,hf_snapshot_revision_recorded,True,
libreyolo_train_frame_000365_jpg.rf.1f69211dd4d2fc04fe181d91b7462489,/Users/mobcoderid-296/Desktop/fire-smoke/fire-smoke-cpu/data/raw/hf_candidates/LibreYOLO_smoke-uvylj_hf_snapshot/train/images/frame_000365_jpg.rf.1f69211dd4d2fc04fe181d91b7462489.jpg,/Users/mobcoderid-296/Desktop/fire-smoke/fire-smoke-cpu/data/raw/hf_candidates/LibreYOLO_smoke-uvylj_hf_snapshot/train/labels/frame_000365_jpg.rf.1f69211dd4d2fc04fe181d91b7462489.txt,640,640,VALID_SMOKE,train,False,False,True,0,smoke,True,75f12f8e7057bc79933e678ea9a8389328510ff205960a9f3e33b2ed4b2d1f5a,1c1c38387fffffff,huggingface_snapshot,pending_review,hf_snapshot_revision_recorded,True,
libreyolo_train_frame_000365_jpg.rf.8cffe01ad955f98187fda02e2269bac1,/Users/mobcoderid-296/Desktop/fire-smoke/fire-smoke-cpu/data/raw/hf_candidates/LibreYOLO_smoke-uvylj_hf_snapshot/train/images/frame_000365_jpg.rf.8cffe01ad955f98187fda02e2269bac1.jpg,/Users/mobcoderid-296/Desktop/fire-smoke/fire-smoke-cpu/data/raw/hf_candidates/LibreYOLO_smoke-uvylj_hf_snapshot/train/labels/frame_000365_jpg.rf.8cffe01ad955f98187fda02e2269bac1.txt,640,640,VALID_SMOKE,train,False,False,True,0,smoke,True,0fd9db5e7eaafc9842cdeb14413ae271e2553e93f808fb1c3e0bc16456f487e1,9fcf6e0e0e0e8cfe,huggingface_snapshot,pending_review,hf_snapshot_revision_recorded,True,
libreyolo_train_frame_000370-3_jpg.rf.c8da36ba62f71bd1a9dd0eba5bebf0f9,/Users/mobcoderid-296/Desktop/fire-smoke/fire-smoke-cpu/data/raw/hf_candidates/LibreYOLO_smoke-uvylj_hf_snapshot/train/images/frame_000370-3_jpg.rf.c8da36ba62f71bd1a9dd0eba5bebf0f9.jpg,/Users/mobcoderid-296/Desktop/fire-smoke/fire-smoke-cpu/data/raw/hf_candidates/LibreYOLO_smoke-uvylj_hf_snapshot/train/labels/frame_000370-3_jpg.rf.c8da36ba62f71bd1a9dd0eba5bebf0f9.txt,640,640,VALID_SMOKE,train,False,False,True,0,smoke,True,097db3de0d5fc5d82e13ecd75a32b6e96b29318893f1813d28973e73b70c397e,fe1f0f474303073f,huggingface_snapshot,pending_review,hf_snapshot_revision_recorded,True,
libreyolo_train_frame_000370_jpg.rf.ccb9c39914cdc2f82211d3dba7e29f65,/Users/mobcoderid-296/Desktop/fire-smoke/fire-smoke-cpu/data/raw/hf_candidates/LibreYOLO_smoke-uvylj_hf_snapshot/train/images/frame_000370_jpg.rf.ccb9c39914cdc2f82211d3dba7e29f65.jpg,/Users/mobcoderid-296/Desktop/fire-smoke/fire-smoke-cpu/data/raw/hf_candidates/LibreYOLO_smoke-uvylj_hf_snapshot/train/labels/frame_000370_jpg.rf.ccb9c39914cdc2f82211d3dba7e29f65.txt,640,640,VALID_SMOKE,train,False,False,True,0,smoke,True,ea4a8f6db041601b399cc78ca675e6cb3a3a8f3faf48f0e34d843100e4b72549,1c1c383c7ffbffff,huggingface_snapshot,pending_review,hf_snapshot_revision_recorded,True,
libreyolo_train_frame_000370_jpg.rf.e27b5d81e5479648d9b2b6aff104fa43,/Users/mobcoderid-296/Desktop/fire-smoke/fire-smoke-cpu/data/raw/hf_candidates/LibreYOLO_smoke-uvylj_hf_snapshot/train/images/frame_000370_jpg.rf.e27b5d81e5479648d9b2b6aff104fa43.jpg,/Users/mobcoderid-296/Desktop/fire-smoke/fire-smoke-cpu/data/raw/hf_candidates/LibreYOLO_smoke-uvylj_hf_snapshot/train/labels/frame_000370_jpg.rf.e27b5d81e5479648d9b2b6aff104fa43.txt,640,640,VALID_SMOKE,train,False,False,True,0,smoke,True,9e69f7f75d510ef8c22a5e2f0c95e55a97107940670a9ca09287c6b01aa29d7e,9fcf6e0e0e0e8cfe,huggingface_snapshot,pending_review,hf_snapshot_revision_recorded,True,
libreyolo_train_frame_000375-3_jpg.rf.22df194098ee07a0f379c8cc1d5f9115,/Users/mobcoderid-296/Desktop/fire-smoke/fire-smoke-cpu/data/raw/hf_candidates/LibreYOLO_smoke-uvylj_hf_snapshot/train/images/frame_000375-3_jpg.rf.22df194098ee07a0f379c8cc1d5f9115.jpg,/Users/mobcoderid-296/Desktop/fire-smoke/fire-smoke-cpu/data/raw/hf_candidates/LibreYOLO_smoke-uvylj_hf_snapshot/train/labels/frame_000375-3_jpg.rf.22df194098ee07a0f379c8cc1d5f9115.txt,640,640,VALID_SMOKE,train,False,False,True,0,smoke,True,1f311bcda892800ae49e48a8f40f3bedcf91054a8e3694a078ac47c7d01c700d,fe0f0f414303173f,huggingface_snapshot,pending_review,hf_snapshot_revision_recorded,True,
libreyolo_train_frame_000375-5_jpg.rf.a14b862aeefd2f420f17557c60024ecc,/Users/mobcoderid-296/Desktop/fire-smoke/fire-smoke-cpu/data/raw/hf_candidates/LibreYOLO_smoke-uvylj_hf_snapshot/train/images/frame_000375-5_jpg.rf.a14b862aeefd2f420f17557c60024ecc.jpg,/Users/mobcoderid-296/Desktop/fire-smoke/fire-smoke-cpu/data/raw/hf_candidates/LibreYOLO_smoke-uvylj_hf_snapshot/train/labels/frame_000375-5_jpg.rf.a14b862aeefd2f420f17557c60024ecc.txt,640,640,VALID_SMOKE,train,False,False,True,0,smoke,True,04a20724760ae95d99177ad96169e828c559d3945908ad84f4dfc90180fd6a17,030301a27fffffff,huggingface_snapshot,pending_review,hf_snapshot_revision_recorded,True,
libreyolo_train_frame_000375_jpg.rf.5a1e299b817b87b41689afd64e582267,/Users/mobcoderid-296/Desktop/fire-smoke/fire-smoke-cpu/data/raw/hf_candidates/LibreYOLO_smoke-uvylj_hf_snapshot/train/images/frame_000375_jpg.rf.5a1e299b817b87b41689afd64e582267.jpg,/Users/mobcoderid-296/Desktop/fire-smoke/fire-smoke-cpu/data/raw/hf_candidates/LibreYOLO_smoke-uvylj_hf_snapshot/train/labels/frame_000375_jpg.rf.5a1e299b817b87b41689afd64e582267.txt,640,640,VALID_SMOKE,train,False,False,True,0,smoke,True,8b078201f497e18686b2c2dd213650a5b50c0c5eabb4fbc176d63013ce1258ba,1c1c383c7ffbffff,huggingface_snapshot,pending_review,hf_snapshot_revision_recorded,True,
libreyolo_train_frame_000375_jpg.rf.7cc16cb77915075c1ade0c1dc437b3f5,/Users/mobcoderid-296/Desktop/fire-smoke/fire-smoke-cpu/data/raw/hf_candidates/LibreYOLO_smoke-uvylj_hf_snapshot/train/images/frame_000375_jpg.rf.7cc16cb77915075c1ade0c1dc437b3f5.jpg,/Users/mobcoderid-296/Desktop/fire-smoke/fire-smoke-cpu/data/raw/hf_candidates/LibreYOLO_smoke-uvylj_hf_snapshot/train/labels/frame_000375_jpg.rf.7cc16cb77915075c1ade0c1dc437b3f5.txt,640,640,UNKNOWN_CLASS_OR_INVALID_ANNOTATION,train,False,False,False,,,False,d0143b86de45637c326cc380c2d455c1fc5762f1543acc58418af0500b947e29,9fcfee0e0e0e0efe,huggingface_snapshot,pending_review,hf_snapshot_revision_recorded,False,unknown_class_or_invalid_annotation
libreyolo_train_frame_000380-3_jpg.rf.8996d0987b7e6a5af4a05801e4db4164,/Users/mobcoderid-296/Desktop/fire-smoke/fire-smoke-cpu/data/raw/hf_candidates/LibreYOLO_smoke-uvylj_hf_snapshot/train/images/frame_000380-3_jpg.rf.8996d0987b7e6a5af4a05801e4db4164.jpg,/Users/mobcoderid-296/Desktop/fire-smoke/fire-smoke-cpu/data/raw/hf_candidates/LibreYOLO_smoke-uvylj_hf_snapshot/train/labels/frame_000380-3_jpg.rf.8996d0987b7e6a5af4a05801e4db4164.txt,640,640,VALID_SMOKE,train,False,False,True,0,smoke,True,ffba8c161bc55a4fbe626f887c51d371bad994373a007cdd0d8df19f22973b95,fe0f0d4143011b3f,huggingface_snapshot,pending_review,hf_snapshot_revision_recorded,True,
libreyolo_train_frame_000380-5_jpg.rf.b11eca2a106d03e5b34cbcf6f71b1b1d,/Users/mobcoderid-296/Desktop/fire-smoke/fire-smoke-cpu/data/raw/hf_candidates/LibreYOLO_smoke-uvylj_hf_snapshot/train/images/frame_000380-5_jpg.rf.b11eca2a106d03e5b34cbcf6f71b1b1d.jpg,/Users/mobcoderid-296/Desktop/fire-smoke/fire-smoke-cpu/data/raw/hf_candidates/LibreYOLO_smoke-uvylj_hf_snapshot/train/labels/frame_000380-5_jpg.rf.b11eca2a106d03e5b34cbcf6f71b1b1d.txt,640,640,VALID_SMOKE,train,False,False,True,0,smoke,True,98d85de54cd45d7b467bad1dbb16ff7cc24726e8a08a3adbcebca85ff6806066,030301a27fffffff,huggingface_snapshot,pending_review,hf_snapshot_revision_recorded,True,
libreyolo_train_frame_000380_jpg.rf.20b995dde3141d687a7135b2f2d85310,/Users/mobcoderid-296/Desktop/fire-smoke/fire-smoke-cpu/data/raw/hf_candidates/LibreYOLO_smoke-uvylj_hf_snapshot/train/images/frame_000380_jpg.rf.20b995dde3141d687a7135b2f2d85310.jpg,/Users/mobcoderid-296/Desktop/fire-smoke/fire-smoke-cpu/data/raw/hf_candidates/LibreYOLO_smoke-uvylj_hf_snapshot/train/labels/frame_000380_jpg.rf.20b995dde3141d687a7135b2f2d85310.txt,640,640,VALID_SMOKE,train,False,False,True,0,smoke,True,b68ccb07aa632acfd16be53333b7fbfb90bba7be17c784c054adf2231b98d2a5,1c1c3c3cfffbffff,huggingface_snapshot,pending_review,hf_snapshot_revision_recorded,True,
libreyolo_train_frame_000385-3_jpg.rf.57c55abf897f6065ab423019f316ea0e,/Users/mobcoderid-296/Desktop/fire-smoke/fire-smoke-cpu/data/raw/hf_candidates/LibreYOLO_smoke-uvylj_hf_snapshot/train/images/frame_000385-3_jpg.rf.57c55abf897f6065ab423019f316ea0e.jpg,/Users/mobcoderid-296/Desktop/fire-smoke/fire-smoke-cpu/data/raw/hf_candidates/LibreYOLO_smoke-uvylj_hf_snapshot/train/labels/frame_000385-3_jpg.rf.57c55abf897f6065ab423019f316ea0e.txt,640,640,VALID_SMOKE,train,False,False,True,0,smoke,True,1781a7de5e1dc292668d9bc191fad18136be7a875d67e07d37e587c7b5ddd5d0,fe0f0d4141011f3f,huggingface_snapshot,pending_review,hf_snapshot_revision_recorded,True,
libreyolo_train_frame_000390-3_jpg.rf.5ebfbf87e3d440be98952e8f798b520e,/Users/mobcoderid-296/Desktop/fire-smoke/fire-smoke-cpu/data/raw/hf_candidates/LibreYOLO_smoke-uvylj_hf_snapshot/train/images/frame_000390-3_jpg.rf.5ebfbf87e3d440be98952e8f798b520e.jpg,/Users/mobcoderid-296/Desktop/fire-smoke/fire-smoke-cpu/data/raw/hf_candidates/LibreYOLO_smoke-uvylj_hf_snapshot/train/labels/frame_000390-3_jpg.rf.5ebfbf87e3d440be98952e8f798b520e.txt,640,640,VALID_SMOKE,train,False,False,True,0,smoke,True,8d83f7073c5e557d528605b82bc349504e4e241c106941c642a5e37f9c6ca7eb,fe0f0d4101070f3f,huggingface_snapshot,pending_review,hf_snapshot_revision_recorded,True,
libreyolo_train_frame_000390_jpg.rf.22da5b5303acbdd562ac2104bfc6cbb4,/Users/mobcoderid-296/Desktop/fire-smoke/fire-smoke-cpu/data/raw/hf_candidates/LibreYOLO_smoke-uvylj_hf_snapshot/train/images/frame_000390_jpg.rf.22da5b5303acbdd562ac2104bfc6cbb4.jpg,/Users/mobcoderid-296/Desktop/fire-smoke/fire-smoke-cpu/data/raw/hf_candidates/LibreYOLO_smoke-uvylj_hf_snapshot/train/labels/frame_000390_jpg.rf.22da5b5303acbdd562ac2104bfc6cbb4.txt,640,640,VALID_SMOKE,train,False,False,True,0,smoke,True,dc4117d0f91c9262c038cd52307aebeb2bccee714e234bf7f623a0fe6047b647,1c1c343cfffbfffe,huggingface_snapshot,pending_review,hf_snapshot_revision_recorded,True,
libreyolo_train_frame_000395-3_jpg.rf.94557d4dfaf28306f6978cd72af94f69,/Users/mobcoderid-296/Desktop/fire-smoke/fire-smoke-cpu/data/raw/hf_candidates/LibreYOLO_smoke-uvylj_hf_snapshot/train/images/frame_000395-3_jpg.rf.94557d4dfaf28306f6978cd72af94f69.jpg,/Users/mobcoderid-296/Desktop/fire-smoke/fire-smoke-cpu/data/raw/hf_candidates/LibreYOLO_smoke-uvylj_hf_snapshot/train/labels/frame_000395-3_jpg.rf.94557d4dfaf28306f6978cd72af94f69.txt,640,640,VALID_SMOKE,train,False,False,True,0,smoke,True,206e7adf6e721d40d984901f074ad45b05943c0d90eb1b85bbd11d2be2c7168d,fe0f054101070f3f,huggingface_snapshot,pending_review,hf_snapshot_revision_recorded,True,
libreyolo_train_frame_000395-5_jpg.rf.dfb22de0eeb068bfe66c7c41a5694a3b,/Users/mobcoderid-296/Desktop/fire-smoke/fire-smoke-cpu/data/raw/hf_candidates/LibreYOLO_smoke-uvylj_hf_snapshot/train/images/frame_000395-5_jpg.rf.dfb22de0eeb068bfe66c7c41a5694a3b.jpg,/Users/mobcoderid-296/Desktop/fire-smoke/fire-smoke-cpu/data/raw/hf_candidates/LibreYOLO_smoke-uvylj_hf_snapshot/train/labels/frame_000395-5_jpg.rf.dfb22de0eeb068bfe66c7c41a5694a3b.txt,640,640,VALID_SMOKE,train,False,False,True,0,smoke,True,8521decdfd3f35eacd6fb5633227bc7a37b45046ac0ee43908c6dde526cdab70,030301a27fffffff,huggingface_snapshot,pending_review,hf_snapshot_revision_recorded,True,
libreyolo_train_frame_000395_jpg.rf.be2ace162c4be0f3d5b119935715938d,/Users/mobcoderid-296/Desktop/fire-smoke/fire-smoke-cpu/data/raw/hf_candidates/LibreYOLO_smoke-uvylj_hf_snapshot/train/images/frame_000395_jpg.rf.be2ace162c4be0f3d5b119935715938d.jpg,/Users/mobcoderid-296/Desktop/fire-smoke/fire-smoke-cpu/data/raw/hf_candidates/LibreYOLO_smoke-uvylj_hf_snapshot/train/labels/frame_000395_jpg.rf.be2ace162c4be0f3d5b119935715938d.txt,640,640,VALID_SMOKE,train,False,False,True,0,smoke,True,763d2674263451a00af420068371d0fa1b0019610bb96fb4b085ff3ded702b8e,1c1c743cfffbfffe,huggingface_snapshot,pending_review,hf_snapshot_revision_recorded,True,
libreyolo_train_frame_000400-5_jpg.rf.3550a954003cb2712b29a3ab599659cf,/Users/mobcoderid-296/Desktop/fire-smoke/fire-smoke-cpu/data/raw/hf_candidates/LibreYOLO_smoke-uvylj_hf_snapshot/train/images/frame_000400-5_jpg.rf.3550a954003cb2712b29a3ab599659cf.jpg,/Users/mobcoderid-296/Desktop/fire-smoke/fire-smoke-cpu/data/raw/hf_candidates/LibreYOLO_smoke-uvylj_hf_snapshot/train/labels/frame_000400-5_jpg.rf.3550a954003cb2712b29a3ab599659cf.txt,640,640,VALID_SMOKE,train,False,False,True,0,smoke,True,2dcdbf927c4e1aa8caf2c506fb1395fd771c5c7e64e8a34d8b9951a1e04eedbe,070301a2fffeffff,huggingface_snapshot,pending_review,hf_snapshot_revision_recorded,True,
libreyolo_train_frame_000400_jpg.rf.959005d9951bdd0b474a201efff626b2,/Users/mobcoderid-296/Desktop/fire-smoke/fire-smoke-cpu/data/raw/hf_candidates/LibreYOLO_smoke-uvylj_hf_snapshot/train/images/frame_000400_jpg.rf.959005d9951bdd0b474a201efff626b2.jpg,/Users/mobcoderid-296/Desktop/fire-smoke/fire-smoke-cpu/data/raw/hf_candidates/LibreYOLO_smoke-uvylj_hf_snapshot/train/labels/frame_000400_jpg.rf.959005d9951bdd0b474a201efff626b2.txt,640,640,VALID_SMOKE,train,False,False,True,0,smoke,True,119844bbf1af3bb9bdd20e9a89e7a76888f5c8cb40aaf1e5d678baaffa818f28,1c1c743cfffbfffe,huggingface_snapshot,pending_review,hf_snapshot_revision_recorded,True,
libreyolo_train_frame_000415-3_jpg.rf.cbce083296482bb8640ac02f8d8f24a0,/Users/mobcoderid-296/Desktop/fire-smoke/fire-smoke-cpu/data/raw/hf_candidates/LibreYOLO_smoke-uvylj_hf_snapshot/train/images/frame_000415-3_jpg.rf.cbce083296482bb8640ac02f8d8f24a0.jpg,/Users/mobcoderid-296/Desktop/fire-smoke/fire-smoke-cpu/data/raw/hf_candidates/LibreYOLO_smoke-uvylj_hf_snapshot/train/labels/frame_000415-3_jpg.rf.cbce083296482bb8640ac02f8d8f24a0.txt,640,640,VALID_SMOKE,train,False,False,True,0,smoke,True,7701d73372aab61455dc9de172964e7d35bd049812c78ab42cf1a193d2c72eec,fe0f8f8101030f3f,huggingface_snapshot,pending_review,hf_snapshot_revision_recorded,True,
libreyolo_train_frame_000415_jpg.rf.a47684f6d1cefed00ebeaaed969ce33b,/Users/mobcoderid-296/Desktop/fire-smoke/fire-smoke-cpu/data/raw/hf_candidates/LibreYOLO_smoke-uvylj_hf_snapshot/train/images/frame_000415_jpg.rf.a47684f6d1cefed00ebeaaed969ce33b.jpg,/Users/mobcoderid-296/Desktop/fire-smoke/fire-smoke-cpu/data/raw/hf_candidates/LibreYOLO_smoke-uvylj_hf_snapshot/train/labels/frame_000415_jpg.rf.a47684f6d1cefed00ebeaaed969ce33b.txt,640,640,VALID_SMOKE,train,False,False,True,0,smoke,True,4a76bda285fa45dffdd226824e7d01f94d4f309c8a13fd7b257cd17b538dbb33,1c1c5cbcfffbfefe,huggingface_snapshot,pending_review,hf_snapshot_revision_recorded,True,
libreyolo_train_frame_000420-3_jpg.rf.1bcb6696b3517059b8fbe408a4dbdbc8,/Users/mobcoderid-296/Desktop/fire-smoke/fire-smoke-cpu/data/raw/hf_candidates/LibreYOLO_smoke-uvylj_hf_snapshot/train/images/frame_000420-3_jpg.rf.1bcb6696b3517059b8fbe408a4dbdbc8.jpg,/Users/mobcoderid-296/Desktop/fire-smoke/fire-smoke-cpu/data/raw/hf_candidates/LibreYOLO_smoke-uvylj_hf_snapshot/train/labels/frame_000420-3_jpg.rf.1bcb6696b3517059b8fbe408a4dbdbc8.txt,640,640,VALID_SMOKE,train,False,False,True,0,smoke,True,94b6815033338c80654ab4c3cb15b2145f5811c9732c2c1d1edccd78e88f1b7d,fe0f8f8101010f3f,huggingface_snapshot,pending_review,hf_snapshot_revision_recorded,True,
libreyolo_train_frame_000425-3_jpg.rf.01fe0b616ef3865f1120dc872b0326fb,/Users/mobcoderid-296/Desktop/fire-smoke/fire-smoke-cpu/data/raw/hf_candidates/LibreYOLO_smoke-uvylj_hf_snapshot/train/images/frame_000425-3_jpg.rf.01fe0b616ef3865f1120dc872b0326fb.jpg,/Users/mobcoderid-296/Desktop/fire-smoke/fire-smoke-cpu/data/raw/hf_candidates/LibreYOLO_smoke-uvylj_hf_snapshot/train/labels/frame_000425-3_jpg.rf.01fe0b616ef3865f1120dc872b0326fb.txt,640,640,VALID_SMOKE,train,False,False,True,0,smoke,True,aa09d600d0164e970236796496d01acd5c9dd8032d185d161453ab201f4cbedd,fe0f0f8181030f3f,huggingface_snapshot,pending_review,hf_snapshot_revision_recorded,True,
libreyolo_train_frame_000425_jpg.rf.38d231be175ef60f737b6f17e151b29f,/Users/mobcoderid-296/Desktop/fire-smoke/fire-smoke-cpu/data/raw/hf_candidates/LibreYOLO_smoke-uvylj_hf_snapshot/train/images/frame_000425_jpg.rf.38d231be175ef60f737b6f17e151b29f.jpg,/Users/mobcoderid-296/Desktop/fire-smoke/fire-smoke-cpu/data/raw/hf_candidates/LibreYOLO_smoke-uvylj_hf_snapshot/train/labels/frame_000425_jpg.rf.38d231be175ef60f737b6f17e151b29f.txt,640,640,VALID_SMOKE,train,False,False,True,0,smoke,True,2149981406789e86e25aeb9bf437670b68b039c5badf7e0c0a37b1e6fdb2cfee,1c1c5c7cfff3fefc,huggingface_snapshot,pending_review,hf_snapshot_revision_recorded,True,
libreyolo_train_frame_000430-3_jpg.rf.7acd7d7cc29471285a6d5007dac97dba,/Users/mobcoderid-296/Desktop/fire-smoke/fire-smoke-cpu/data/raw/hf_candidates/LibreYOLO_smoke-uvylj_hf_snapshot/train/images/frame_000430-3_jpg.rf.7acd7d7cc29471285a6d5007dac97dba.jpg,/Users/mobcoderid-296/Desktop/fire-smoke/fire-smoke-cpu/data/raw/hf_candidates/LibreYOLO_smoke-uvylj_hf_snapshot/train/labels/frame_000430-3_jpg.rf.7acd7d7cc29471285a6d5007dac97dba.txt,640,640,VALID_SMOKE,train,False,False,True,0,smoke,True,7c8a95f9e9c5546afcfd36d4ef169392dbd5b05749b74cb205656485f48843f1,fe0f0f8181010f3f,huggingface_snapshot,pending_review,hf_snapshot_revision_recorded,True,
libreyolo_train_frame_000430_jpg.rf.ed4add141ec1fab551a2f86636d62730,/Users/mobcoderid-296/Desktop/fire-smoke/fire-smoke-cpu/data/raw/hf_candidates/LibreYOLO_smoke-uvylj_hf_snapshot/train/images/frame_000430_jpg.rf.ed4add141ec1fab551a2f86636d62730.jpg,/Users/mobcoderid-296/Desktop/fire-smoke/fire-smoke-cpu/data/raw/hf_candidates/LibreYOLO_smoke-uvylj_hf_snapshot/train/labels/frame_000430_jpg.rf.ed4add141ec1fab551a2f86636d62730.txt,640,640,VALID_SMOKE,train,False,False,True,0,smoke,True,d54202483376d5d9f8c863cf50d12b0327818dd2dedd3d30176c1c4c2dd61b82,1c1c5c7cfff3fef8,huggingface_snapshot,pending_review,hf_snapshot_revision_recorded,True,
libreyolo_train_frame_000435-3_jpg.rf.312dd6ac5c05aca1b57c02ea630ba335,/Users/mobcoderid-296/Desktop/fire-smoke/fire-smoke-cpu/data/raw/hf_candidates/LibreYOLO_smoke-uvylj_hf_snapshot/train/images/frame_000435-3_jpg.rf.312dd6ac5c05aca1b57c02ea630ba335.jpg,/Users/mobcoderid-296/Desktop/fire-smoke/fire-smoke-cpu/data/raw/hf_candidates/LibreYOLO_smoke-uvylj_hf_snapshot/train/labels/frame_000435-3_jpg.rf.312dd6ac5c05aca1b57c02ea630ba335.txt,640,640,VALID_SMOKE,train,False,False,True,0,smoke,True,22a250c813ed528f2ec50a1cca8538e2796a8e75860ddfe124c4fdf58fbf8ac9,fe1f0f8707050f3f,huggingface_snapshot,pending_review,hf_snapshot_revision_recorded,True,
libreyolo_train_frame_000440_jpg.rf.8fdbcccf6011d55fc501b9f1bf872e36,/Users/mobcoderid-296/Desktop/fire-smoke/fire-smoke-cpu/data/raw/hf_candidates/LibreYOLO_smoke-uvylj_hf_snapshot/train/images/frame_000440_jpg.rf.8fdbcccf6011d55fc501b9f1bf872e36.jpg,/Users/mobcoderid-296/Desktop/fire-smoke/fire-smoke-cpu/data/raw/hf_candidates/LibreYOLO_smoke-uvylj_hf_snapshot/train/labels/frame_000440_jpg.rf.8fdbcccf6011d55fc501b9f1bf872e36.txt,640,640,VALID_SMOKE,train,False,False,True,0,smoke,True,91cfa615773d60c77c71e1bcad047491c0441c3ddc0042b42b5cad3e8a968522,1c1c5cfcfff3fef8,huggingface_snapshot,pending_review,hf_snapshot_revision_recorded,True,
libreyolo_train_frame_000445-3_jpg.rf.53f79e173b842a6e27f5c8e5495a83b4,/Users/mobcoderid-296/Desktop/fire-smoke/fire-smoke-cpu/data/raw/hf_candidates/LibreYOLO_smoke-uvylj_hf_snapshot/train/images/frame_000445-3_jpg.rf.53f79e173b842a6e27f5c8e5495a83b4.jpg,/Users/mobcoderid-296/Desktop/fire-smoke/fire-smoke-cpu/data/raw/hf_candidates/LibreYOLO_smoke-uvylj_hf_snapshot/train/labels/frame_000445-3_jpg.rf.53f79e173b842a6e27f5c8e5495a83b4.txt,640,640,VALID_SMOKE,train,False,False,True,0,smoke,True,a58bb80f5b4c088b153b8c769bda6006639ff64c7374211b0c014bf63725badc,fe1f0f4747030f3f,huggingface_snapshot,pending_review,hf_snapshot_revision_recorded,True,
libreyolo_train_frame_000445_jpg.rf.afa271c661bd16de220550c390ee3cc2,/Users/mobcoderid-296/Desktop/fire-smoke/fire-smoke-cpu/data/raw/hf_candidates/LibreYOLO_smoke-uvylj_hf_snapshot/train/images/frame_000445_jpg.rf.afa271c661bd16de220550c390ee3cc2.jpg,/Users/mobcoderid-296/Desktop/fire-smoke/fire-smoke-cpu/data/raw/hf_candidates/LibreYOLO_smoke-uvylj_hf_snapshot/train/labels/frame_000445_jpg.rf.afa271c661bd16de220550c390ee3cc2.txt,640,640,VALID_SMOKE,train,False,False,True,0,smoke,True,77e590847e4a7180c961a0dd33dbc741eeda2051da8590e42d26cf37f9332525,1c1c5cfcfff3fef8,huggingface_snapshot,pending_review,hf_snapshot_revision_recorded,True,
libreyolo_train_frame_000450-3_jpg.rf.249d8621628dc5e666941664365723e6,/Users/mobcoderid-296/Desktop/fire-smoke/fire-smoke-cpu/data/raw/hf_candidates/LibreYOLO_smoke-uvylj_hf_snapshot/train/images/frame_000450-3_jpg.rf.249d8621628dc5e666941664365723e6.jpg,/Users/mobcoderid-296/Desktop/fire-smoke/fire-smoke-cpu/data/raw/hf_candidates/LibreYOLO_smoke-uvylj_hf_snapshot/train/labels/frame_000450-3_jpg.rf.249d8621628dc5e666941664365723e6.txt,640,640,VALID_SMOKE,train,False,False,True,0,smoke,True,b162d43a0679ac2bd870be5e5c7034e0159e6bc295b42d5baec5fe44aad850ee,fe1f0f4747010f3f,huggingface_snapshot,pending_review,hf_snapshot_revision_recorded,True,
libreyolo_train_frame_000455-3_jpg.rf.6b6c7be96214f20d942eaba9aa84f2d4,/Users/mobcoderid-296/Desktop/fire-smoke/fire-smoke-cpu/data/raw/hf_candidates/LibreYOLO_smoke-uvylj_hf_snapshot/train/images/frame_000455-3_jpg.rf.6b6c7be96214f20d942eaba9aa84f2d4.jpg,/Users/mobcoderid-296/Desktop/fire-smoke/fire-smoke-cpu/data/raw/hf_candidates/LibreYOLO_smoke-uvylj_hf_snapshot/train/labels/frame_000455-3_jpg.rf.6b6c7be96214f20d942eaba9aa84f2d4.txt,640,640,VALID_SMOKE,train,False,False,True,0,smoke,True,42c9000a91bfbe8cf820d4fe839da14539ff8c0b8b2a2ce8bf6e6eee561bbf08,fe9f0f47470107bf,huggingface_snapshot,pending_review,hf_snapshot_revision_recorded,True,
libreyolo_train_frame_000455_jpg.rf.0e3a27955fd07a9d43131c8f69fe532f,/Users/mobcoderid-296/Desktop/fire-smoke/fire-smoke-cpu/data/raw/hf_candidates/LibreYOLO_smoke-uvylj_hf_snapshot/train/images/frame_000455_jpg.rf.0e3a27955fd07a9d43131c8f69fe532f.jpg,/Users/mobcoderid-296/Desktop/fire-smoke/fire-smoke-cpu/data/raw/hf_candidates/LibreYOLO_smoke-uvylj_hf_snapshot/train/labels/frame_000455_jpg.rf.0e3a27955fd07a9d43131c8f69fe532f.txt,640,640,VALID_SMOKE,train,False,False,True,0,smoke,True,a8f8c6a0174b03073426af1942c2015577e594fe902eddcd260aa58e7668470d,1c1c5cfcfff3fef0,huggingface_snapshot,pending_review,hf_snapshot_revision_recorded,True,
libreyolo_train_frame_000460-3_jpg.rf.883b60f8077fb9e167493653b4d745f4,/Users/mobcoderid-296/Desktop/fire-smoke/fire-smoke-cpu/data/raw/hf_candidates/LibreYOLO_smoke-uvylj_hf_snapshot/train/images/frame_000460-3_jpg.rf.883b60f8077fb9e167493653b4d745f4.jpg,/Users/mobcoderid-296/Desktop/fire-smoke/fire-smoke-cpu/data/raw/hf_candidates/LibreYOLO_smoke-uvylj_hf_snapshot/train/labels/frame_000460-3_jpg.rf.883b60f8077fb9e167493653b4d745f4.txt,640,640,VALID_SMOKE,train,False,False,True,0,smoke,True,93aba57de31a8774e1d96a7fc73833157f6b5a5c1ccb8d5a9e164a4713254e36,fe9f0f4747030fbf,huggingface_snapshot,pending_review,hf_snapshot_revision_recorded,True,
libreyolo_train_frame_000460_jpg.rf.b17ad1584a8545f4fb773c7e28379655,/Users/mobcoderid-296/Desktop/fire-smoke/fire-smoke-cpu/data/raw/hf_candidates/LibreYOLO_smoke-uvylj_hf_snapshot/train/images/frame_000460_jpg.rf.b17ad1584a8545f4fb773c7e28379655.jpg,/Users/mobcoderid-296/Desktop/fire-smoke/fire-smoke-cpu/data/raw/hf_candidates/LibreYOLO_smoke-uvylj_hf_snapshot/train/labels/frame_000460_jpg.rf.b17ad1584a8545f4fb773c7e28379655.txt,640,640,VALID_SMOKE,train,False,False,True,0,smoke,True,2bbcf3467cdb0e6e13b216ec1f4e0e01493d51a8689d254f1330200ddf57967e,1c1c1cfcfff3fef0,huggingface_snapshot,pending_review,hf_snapshot_revision_recorded,True,
libreyolo_train_frame_000465-3_jpg.rf.6d85994487d542064cbb195d22d18565,/Users/mobcoderid-296/Desktop/fire-smoke/fire-smoke-cpu/data/raw/hf_candidates/LibreYOLO_smoke-uvylj_hf_snapshot/train/images/frame_000465-3_jpg.rf.6d85994487d542064cbb195d22d18565.jpg,/Users/mobcoderid-296/Desktop/fire-smoke/fire-smoke-cpu/data/raw/hf_candidates/LibreYOLO_smoke-uvylj_hf_snapshot/train/labels/frame_000465-3_jpg.rf.6d85994487d542064cbb195d22d18565.txt,640,640,VALID_SMOKE,train,False,False,True,0,smoke,True,81a8029bb5b554298ff5c2b0c157c405505da666c5f06ac0bc42af83695b2750,fe1f0f4743030f3f,huggingface_snapshot,pending_review,hf_snapshot_revision_recorded,True,
libreyolo_train_frame_000465_jpg.rf.22f0ecb759fe6af227e9a8d17a54b512,/Users/mobcoderid-296/Desktop/fire-smoke/fire-smoke-cpu/data/raw/hf_candidates/LibreYOLO_smoke-uvylj_hf_snapshot/train/images/frame_000465_jpg.rf.22f0ecb759fe6af227e9a8d17a54b512.jpg,/Users/mobcoderid-296/Desktop/fire-smoke/fire-smoke-cpu/data/raw/hf_candidates/LibreYOLO_smoke-uvylj_hf_snapshot/train/labels/frame_000465_jpg.rf.22f0ecb759fe6af227e9a8d17a54b512.txt,640,640,VALID_SMOKE,train,False,False,True,0,smoke,True,65ae1cd66ffd67915ab3c1ed6383c3536d9a3442b92ad809e94a4bc61cdf3046,1c1c9cfcfff3fef0,huggingface_snapshot,pending_review,hf_snapshot_revision_recorded,True,
libreyolo_train_frame_000470_jpg.rf.4170de67822007892680af7b101df989,/Users/mobcoderid-296/Desktop/fire-smoke/fire-smoke-cpu/data/raw/hf_candidates/LibreYOLO_smoke-uvylj_hf_snapshot/train/images/frame_000470_jpg.rf.4170de67822007892680af7b101df989.jpg,/Users/mobcoderid-296/Desktop/fire-smoke/fire-smoke-cpu/data/raw/hf_candidates/LibreYOLO_smoke-uvylj_hf_snapshot/train/labels/frame_000470_jpg.rf.4170de67822007892680af7b101df989.txt,640,640,VALID_SMOKE,train,False,False,True,0,smoke,True,74c616c6f17b6ff7fbeddb71b5d4004c4a6fee71cb6e6f54c7e15a48dc2cb551,1c1cbcfcfff3fef0,huggingface_snapshot,pending_review,hf_snapshot_revision_recorded,True,
libreyolo_train_frame_000475-3_jpg.rf.decc0c9144ec6512b7ea4dfd1bc08497,/Users/mobcoderid-296/Desktop/fire-smoke/fire-smoke-cpu/data/raw/hf_candidates/LibreYOLO_smoke-uvylj_hf_snapshot/train/images/frame_000475-3_jpg.rf.decc0c9144ec6512b7ea4dfd1bc08497.jpg,/Users/mobcoderid-296/Desktop/fire-smoke/fire-smoke-cpu/data/raw/hf_candidates/LibreYOLO_smoke-uvylj_hf_snapshot/train/labels/frame_000475-3_jpg.rf.decc0c9144ec6512b7ea4dfd1bc08497.txt,640,640,VALID_SMOKE,train,False,False,True,0,smoke,True,fc909d103ca74e3e908b69ecf9de2214914f457fb674a29fa13a9ccc3a685c27,fe1f0f4747031f3f,huggingface_snapshot,pending_review,hf_snapshot_revision_recorded,True,
libreyolo_train_frame_000475_jpg.rf.bf7bd273a6fc86a723560f1a2a4c4987,/Users/mobcoderid-296/Desktop/fire-smoke/fire-smoke-cpu/data/raw/hf_candidates/LibreYOLO_smoke-uvylj_hf_snapshot/train/images/frame_000475_jpg.rf.bf7bd273a6fc86a723560f1a2a4c4987.jpg,/Users/mobcoderid-296/Desktop/fire-smoke/fire-smoke-cpu/data/raw/hf_candidates/LibreYOLO_smoke-uvylj_hf_snapshot/train/labels/frame_000475_jpg.rf.bf7bd273a6fc86a723560f1a2a4c4987.txt,640,640,VALID_SMOKE,train,False,False,True,0,smoke,True,b40b1423c2560f4f021d3ec1360c0d671b768be8db86dfd0eee104979e123092,1c1cbcfcfff3fef0,huggingface_snapshot,pending_review,hf_snapshot_revision_recorded,True,
libreyolo_train_frame_000480_jpg.rf.57193e9c66596cdd91e8e8a46373fdf4,/Users/mobcoderid-296/Desktop/fire-smoke/fire-smoke-cpu/data/raw/hf_candidates/LibreYOLO_smoke-uvylj_hf_snapshot/train/images/frame_000480_jpg.rf.57193e9c66596cdd91e8e8a46373fdf4.jpg,/Users/mobcoderid-296/Desktop/fire-smoke/fire-smoke-cpu/data/raw/hf_candidates/LibreYOLO_smoke-uvylj_hf_snapshot/train/labels/frame_000480_jpg.rf.57193e9c66596cdd91e8e8a46373fdf4.txt,640,640,VALID_SMOKE,train,False,False,True,0,smoke,True,7b7de61377a5371b9658a0de4db3ebc3833c69356c6181f5bde4d2192eb264df,1c1cbcfcfff3fef0,huggingface_snapshot,pending_review,hf_snapshot_revision_recorded,True,
libreyolo_train_frame_000485_jpg.rf.7a19e0b965d4d30578579db2de0e800b,/Users/mobcoderid-296/Desktop/fire-smoke/fire-smoke-cpu/data/raw/hf_candidates/LibreYOLO_smoke-uvylj_hf_snapshot/train/images/frame_000485_jpg.rf.7a19e0b965d4d30578579db2de0e800b.jpg,/Users/mobcoderid-296/Desktop/fire-smoke/fire-smoke-cpu/data/raw/hf_candidates/LibreYOLO_smoke-uvylj_hf_snapshot/train/labels/frame_000485_jpg.rf.7a19e0b965d4d30578579db2de0e800b.txt,640,640,VALID_SMOKE,train,False,False,True,0,smoke,True,d3d8c90846b303b4121ac6ee4b220d295c370218ebfa1f63cc590292370a7dc8,1c1cbcfcfff3fef0,huggingface_snapshot,pending_review,hf_snapshot_revision_recorded,True,
libreyolo_train_frame_000490_jpg.rf.416b652b97f76ed575fa0a33e6b147c4,/Users/mobcoderid-296/Desktop/fire-smoke/fire-smoke-cpu/data/raw/hf_candidates/LibreYOLO_smoke-uvylj_hf_snapshot/train/images/frame_000490_jpg.rf.416b652b97f76ed575fa0a33e6b147c4.jpg,/Users/mobcoderid-296/Desktop/fire-smoke/fire-smoke-cpu/data/raw/hf_candidates/LibreYOLO_smoke-uvylj_hf_snapshot/train/labels/frame_000490_jpg.rf.416b652b97f76ed575fa0a33e6b147c4.txt,640,640,VALID_SMOKE,train,False,False,True,0,smoke,True,0f379fcae55f3938310d011e1bc53985dcc71180e45f4366dbf2fe5680b59b68,1c1cbcfcfff3fef0,huggingface_snapshot,pending_review,hf_snapshot_revision_recorded,True,
libreyolo_train_frame_000495-3_jpg.rf.d0b277cf993e232320948a6b28c67a03,/Users/mobcoderid-296/Desktop/fire-smoke/fire-smoke-cpu/data/raw/hf_candidates/LibreYOLO_smoke-uvylj_hf_snapshot/train/images/frame_000495-3_jpg.rf.d0b277cf993e232320948a6b28c67a03.jpg,/Users/mobcoderid-296/Desktop/fire-smoke/fire-smoke-cpu/data/raw/hf_candidates/LibreYOLO_smoke-uvylj_hf_snapshot/train/labels/frame_000495-3_jpg.rf.d0b277cf993e232320948a6b28c67a03.txt,640,640,VALID_SMOKE,train,False,False,True,0,smoke,True,9d3e2d73a01818b87bd25c60299c038b678427bd71c31486c7ac673c456794e6,fe1f0f8783010f3f,huggingface_snapshot,pending_review,hf_snapshot_revision_recorded,True,
libreyolo_train_frame_000495_jpg.rf.9a4ddcb7ba3e76a634eecc96dcc84da8,/Users/mobcoderid-296/Desktop/fire-smoke/fire-smoke-cpu/data/raw/hf_candidates/LibreYOLO_smoke-uvylj_hf_snapshot/train/images/frame_000495_jpg.rf.9a4ddcb7ba3e76a634eecc96dcc84da8.jpg,/Users/mobcoderid-296/Desktop/fire-smoke/fire-smoke-cpu/data/raw/hf_candidates/LibreYOLO_smoke-uvylj_hf_snapshot/train/labels/frame_000495_jpg.rf.9a4ddcb7ba3e76a634eecc96dcc84da8.txt,640,640,VALID_SMOKE,train,False,False,True,0,smoke,True,ed904864f1bc7176f034b5f4789b5156666c07e1de046865ee1a557aaa24b8a0,1c1c9cfcfff3fef0,huggingface_snapshot,pending_review,hf_snapshot_revision_recorded,True,
libreyolo_train_frame_000500-3_jpg.rf.b178840efbb6c25f742a2c939e7d29d9,/Users/mobcoderid-296/Desktop/fire-smoke/fire-smoke-cpu/data/raw/hf_candidates/LibreYOLO_smoke-uvylj_hf_snapshot/train/images/frame_000500-3_jpg.rf.b178840efbb6c25f742a2c939e7d29d9.jpg,/Users/mobcoderid-296/Desktop/fire-smoke/fire-smoke-cpu/data/raw/hf_candidates/LibreYOLO_smoke-uvylj_hf_snapshot/train/labels/frame_000500-3_jpg.rf.b178840efbb6c25f742a2c939e7d29d9.txt,640,640,VALID_SMOKE,train,False,False,True,0,smoke,True,917e6e4ed82377fa040072537bec6fa00b3c87be435005e83df811ca4e2ea683,fe1f0f8703050f3f,huggingface_snapshot,pending_review,hf_snapshot_revision_recorded,True,
libreyolo_train_frame_000500_jpg.rf.e32c91904ce19eb51d2921b366ffa4f0,/Users/mobcoderid-296/Desktop/fire-smoke/fire-smoke-cpu/data/raw/hf_candidates/LibreYOLO_smoke-uvylj_hf_snapshot/train/images/frame_000500_jpg.rf.e32c91904ce19eb51d2921b366ffa4f0.jpg,/Users/mobcoderid-296/Desktop/fire-smoke/fire-smoke-cpu/data/raw/hf_candidates/LibreYOLO_smoke-uvylj_hf_snapshot/train/labels/frame_000500_jpg.rf.e32c91904ce19eb51d2921b366ffa4f0.txt,640,640,VALID_SMOKE,train,False,False,True,0,smoke,True,c4f2a33b706364ed06a1fdde71f24f789f1187e63dbc5e0a6c721af80aa18659,1c1c9cfcfff3fef0,huggingface_snapshot,pending_review,hf_snapshot_revision_recorded,True,
libreyolo_train_frame_000505-3_jpg.rf.e185fd75b650e3f1823190118d90eb96,/Users/mobcoderid-296/Desktop/fire-smoke/fire-smoke-cpu/data/raw/hf_candidates/LibreYOLO_smoke-uvylj_hf_snapshot/train/images/frame_000505-3_jpg.rf.e185fd75b650e3f1823190118d90eb96.jpg,/Users/mobcoderid-296/Desktop/fire-smoke/fire-smoke-cpu/data/raw/hf_candidates/LibreYOLO_smoke-uvylj_hf_snapshot/train/labels/frame_000505-3_jpg.rf.e185fd75b650e3f1823190118d90eb96.txt,640,640,VALID_SMOKE,train,False,False,True,0,smoke,True,b7499ca6dcecfc44ca45da3e01c1115d4243e72a9b1f3305ac183510167b2f66,fe1f0f0703030f3f,huggingface_snapshot,pending_review,hf_snapshot_revision_recorded,True,
libreyolo_train_frame_000505_jpg.rf.946b8da6faa0a3000005571834b99ad3,/Users/mobcoderid-296/Desktop/fire-smoke/fire-smoke-cpu/data/raw/hf_candidates/LibreYOLO_smoke-uvylj_hf_snapshot/train/images/frame_000505_jpg.rf.946b8da6faa0a3000005571834b99ad3.jpg,/Users/mobcoderid-296/Desktop/fire-smoke/fire-smoke-cpu/data/raw/hf_candidates/LibreYOLO_smoke-uvylj_hf_snapshot/train/labels/frame_000505_jpg.rf.946b8da6faa0a3000005571834b99ad3.txt,640,640,VALID_SMOKE,train,False,False,True,0,smoke,True,72df11d8f5e179e83ad58ba4c43bf8fe78d24871093a2a3055b75013ab82aafa,1c1c9cfcfff3fef0,huggingface_snapshot,pending_review,hf_snapshot_revision_recorded,True,
libreyolo_train_frame_000510-3_jpg.rf.c4ebd56edb30c303d71b1ac9ae51fd18,/Users/mobcoderid-296/Desktop/fire-smoke/fire-smoke-cpu/data/raw/hf_candidates/LibreYOLO_smoke-uvylj_hf_snapshot/train/images/frame_000510-3_jpg.rf.c4ebd56edb30c303d71b1ac9ae51fd18.jpg,/Users/mobcoderid-296/Desktop/fire-smoke/fire-smoke-cpu/data/raw/hf_candidates/LibreYOLO_smoke-uvylj_hf_snapshot/train/labels/frame_000510-3_jpg.rf.c4ebd56edb30c303d71b1ac9ae51fd18.txt,640,640,VALID_SMOKE,train,False,False,True,0,smoke,True,c3fd11db0e9a964de2a32eb6c1d96778ae268b4cd7be5828534a9a0fef17dd6c,fe1f0f0703030f3f,huggingface_snapshot,pending_review,hf_snapshot_revision_recorded,True,
libreyolo_train_frame_000510_jpg.rf.e16ef10247ad5aa4e2aa1d43d1210b52,/Users/mobcoderid-296/Desktop/fire-smoke/fire-smoke-cpu/data/raw/hf_candidates/LibreYOLO_smoke-uvylj_hf_snapshot/train/images/frame_000510_jpg.rf.e16ef10247ad5aa4e2aa1d43d1210b52.jpg,/Users/mobcoderid-296/Desktop/fire-smoke/fire-smoke-cpu/data/raw/hf_candidates/LibreYOLO_smoke-uvylj_hf_snapshot/train/labels/frame_000510_jpg.rf.e16ef10247ad5aa4e2aa1d43d1210b52.txt,640,640,VALID_SMOKE,train,False,False,True,0,smoke,True,7e6dcc9cb823ec484b383737a2d53ad359a064853aeff8dd7c2d3ab3299acf5d,1c1c9cfcfff3fef0,huggingface_snapshot,pending_review,hf_snapshot_revision_recorded,True,
libreyolo_train_frame_000515-3_jpg.rf.b03fea5de602f7224d36d8b8ee2a8fd2,/Users/mobcoderid-296/Desktop/fire-smoke/fire-smoke-cpu/data/raw/hf_candidates/LibreYOLO_smoke-uvylj_hf_snapshot/train/images/frame_000515-3_jpg.rf.b03fea5de602f7224d36d8b8ee2a8fd2.jpg,/Users/mobcoderid-296/Desktop/fire-smoke/fire-smoke-cpu/data/raw/hf_candidates/LibreYOLO_smoke-uvylj_hf_snapshot/train/labels/frame_000515-3_jpg.rf.b03fea5de602f7224d36d8b8ee2a8fd2.txt,640,640,VALID_SMOKE,train,False,False,True,0,smoke,True,7add9c2321735603bd1a711cfc091420da51aadece4226b79d9c49c4fcade2a4,fe1f0f4703070f3f,huggingface_snapshot,pending_review,hf_snapshot_revision_recorded,True,
libreyolo_train_frame_000515_jpg.rf.cd844da115066191b18183d7f2ef6838,/Users/mobcoderid-296/Desktop/fire-smoke/fire-smoke-cpu/data/raw/hf_candidates/LibreYOLO_smoke-uvylj_hf_snapshot/train/images/frame_000515_jpg.rf.cd844da115066191b18183d7f2ef6838.jpg,/Users/mobcoderid-296/Desktop/fire-smoke/fire-smoke-cpu/data/raw/hf_candidates/LibreYOLO_smoke-uvylj_hf_snapshot/train/labels/frame_000515_jpg.rf.cd844da115066191b18183d7f2ef6838.txt,640,640,VALID_SMOKE,train,False,False,True,0,smoke,True,61593d7f7eabca724af316bfcffee2a34742e1e4c5ca601843aee25537bb9933,1c1c9cfcfff3fef0,huggingface_snapshot,pending_review,hf_snapshot_revision_recorded,True,
libreyolo_train_frame_000520-3_jpg.rf.4102443ddcb799a566bc8a6f459774d6,/Users/mobcoderid-296/Desktop/fire-smoke/fire-smoke-cpu/data/raw/hf_candidates/LibreYOLO_smoke-uvylj_hf_snapshot/train/images/frame_000520-3_jpg.rf.4102443ddcb799a566bc8a6f459774d6.jpg,/Users/mobcoderid-296/Desktop/fire-smoke/fire-smoke-cpu/data/raw/hf_candidates/LibreYOLO_smoke-uvylj_hf_snapshot/train/labels/frame_000520-3_jpg.rf.4102443ddcb799a566bc8a6f459774d6.txt,640,640,VALID_SMOKE,train,False,False,True,0,smoke,True,5720795c97da5b9c70e4a9dd8962c96d5b61748fa93ebbcbb1553e25dbfbadc4,fe1f0f4703030f3f,huggingface_snapshot,pending_review,hf_snapshot_revision_recorded,True,
libreyolo_train_frame_000520_jpg.rf.f2b5598df208fff5bcfc1705da6e1658,/Users/mobcoderid-296/Desktop/fire-smoke/fire-smoke-cpu/data/raw/hf_candidates/LibreYOLO_smoke-uvylj_hf_snapshot/train/images/frame_000520_jpg.rf.f2b5598df208fff5bcfc1705da6e1658.jpg,/Users/mobcoderid-296/Desktop/fire-smoke/fire-smoke-cpu/data/raw/hf_candidates/LibreYOLO_smoke-uvylj_hf_snapshot/train/labels/frame_000520_jpg.rf.f2b5598df208fff5bcfc1705da6e1658.txt,640,640,VALID_SMOKE,train,False,False,True,0,smoke,True,37793150461b2467a4d8c847652a3324fb48d31a362378fb47565d4e80fd4caa,1c1c9cfcfff3fef0,huggingface_snapshot,pending_review,hf_snapshot_revision_recorded,True,
libreyolo_train_frame_000525_jpg.rf.e5d462de6172d54e739ecf9f3515179c,/Users/mobcoderid-296/Desktop/fire-smoke/fire-smoke-cpu/data/raw/hf_candidates/LibreYOLO_smoke-uvylj_hf_snapshot/train/images/frame_000525_jpg.rf.e5d462de6172d54e739ecf9f3515179c.jpg,/Users/mobcoderid-296/Desktop/fire-smoke/fire-smoke-cpu/data/raw/hf_candidates/LibreYOLO_smoke-uvylj_hf_snapshot/train/labels/frame_000525_jpg.rf.e5d462de6172d54e739ecf9f3515179c.txt,640,640,VALID_SMOKE,train,False,False,True,0,smoke,True,017dc99c71513c03ec140a851cd00a54ad15c955a4ed2bbd43b1934f26114639,1c1c9cfcfffbfef0,huggingface_snapshot,pending_review,hf_snapshot_revision_recorded,True,
libreyolo_train_frame_000530-3_jpg.rf.964761761c7f104bbb59b6a0a4d9659f,/Users/mobcoderid-296/Desktop/fire-smoke/fire-smoke-cpu/data/raw/hf_candidates/LibreYOLO_smoke-uvylj_hf_snapshot/train/images/frame_000530-3_jpg.rf.964761761c7f104bbb59b6a0a4d9659f.jpg,/Users/mobcoderid-296/Desktop/fire-smoke/fire-smoke-cpu/data/raw/hf_candidates/LibreYOLO_smoke-uvylj_hf_snapshot/train/labels/frame_000530-3_jpg.rf.964761761c7f104bbb59b6a0a4d9659f.txt,640,640,VALID_SMOKE,train,False,False,True,0,smoke,True,befbda1fbf30a713be41691e3d377b71a98b491ea311ec21e8f28319cdac68ef,ff0f0f464303073f,huggingface_snapshot,pending_review,hf_snapshot_revision_recorded,True,
libreyolo_train_frame_000530_jpg.rf.82bf7dbd9e3eece1fccc93b81d4e27b1,/Users/mobcoderid-296/Desktop/fire-smoke/fire-smoke-cpu/data/raw/hf_candidates/LibreYOLO_smoke-uvylj_hf_snapshot/train/images/frame_000530_jpg.rf.82bf7dbd9e3eece1fccc93b81d4e27b1.jpg,/Users/mobcoderid-296/Desktop/fire-smoke/fire-smoke-cpu/data/raw/hf_candidates/LibreYOLO_smoke-uvylj_hf_snapshot/train/labels/frame_000530_jpg.rf.82bf7dbd9e3eece1fccc93b81d4e27b1.txt,640,640,VALID_SMOKE,train,False,False,True,0,smoke,True,9ef15e3cd571405c35f4fd8a75519639803c0b8c54c17741b5e3e83c00a36d38,1c1c9cfcfffbfef0,huggingface_snapshot,pending_review,hf_snapshot_revision_recorded,True,
libreyolo_train_frame_000535_jpg.rf.f4998324700cf5fa04b48318c75c4cb8,/Users/mobcoderid-296/Desktop/fire-smoke/fire-smoke-cpu/data/raw/hf_candidates/LibreYOLO_smoke-uvylj_hf_snapshot/train/images/frame_000535_jpg.rf.f4998324700cf5fa04b48318c75c4cb8.jpg,/Users/mobcoderid-296/Desktop/fire-smoke/fire-smoke-cpu/data/raw/hf_candidates/LibreYOLO_smoke-uvylj_hf_snapshot/train/labels/frame_000535_jpg.rf.f4998324700cf5fa04b48318c75c4cb8.txt,640,640,VALID_SMOKE,train,False,False,True,0,smoke,True,06fe612be1192484f352c0816cc32fe1bc979978dad3f96ad8b99e5a0a13b817,1c1c9cfcfffbfef8,huggingface_snapshot,pending_review,hf_snapshot_revision_recorded,True,
libreyolo_train_frame_000540-3_jpg.rf.2df1d9ac3cb45c6913844a47cca87e4b,/Users/mobcoderid-296/Desktop/fire-smoke/fire-smoke-cpu/data/raw/hf_candidates/LibreYOLO_smoke-uvylj_hf_snapshot/train/images/frame_000540-3_jpg.rf.2df1d9ac3cb45c6913844a47cca87e4b.jpg,/Users/mobcoderid-296/Desktop/fire-smoke/fire-smoke-cpu/data/raw/hf_candidates/LibreYOLO_smoke-uvylj_hf_snapshot/train/labels/frame_000540-3_jpg.rf.2df1d9ac3cb45c6913844a47cca87e4b.txt,640,640,VALID_SMOKE,train,False,False,True,0,smoke,True,d3894a8892c7457c6c04e0ab5d8c5845ef9367d5877a6b98e34b107305a9010f,ff0f0f4703010f3f,huggingface_snapshot,pending_review,hf_snapshot_revision_recorded,True,
libreyolo_train_frame_000540_jpg.rf.711f898e852f076b595f59f5e5862b42,/Users/mobcoderid-296/Desktop/fire-smoke/fire-smoke-cpu/data/raw/hf_candidates/LibreYOLO_smoke-uvylj_hf_snapshot/train/images/frame_000540_jpg.rf.711f898e852f076b595f59f5e5862b42.jpg,/Users/mobcoderid-296/Desktop/fire-smoke/fire-smoke-cpu/data/raw/hf_candidates/LibreYOLO_smoke-uvylj_hf_snapshot/train/labels/frame_000540_jpg.rf.711f898e852f076b595f59f5e5862b42.txt,640,640,VALID_SMOKE,train,False,False,True,0,smoke,True,286db8e8c8b40614486ff5a85eb3d7726bc2be13c62a25762c1e79f03867e2ab,1c1c9cfcfffbfef0,huggingface_snapshot,pending_review,hf_snapshot_revision_recorded,True,
libreyolo_train_frame_000545-3_jpg.rf.6329bcb5aaae14a7d6e2d1287a052d55,/Users/mobcoderid-296/Desktop/fire-smoke/fire-smoke-cpu/data/raw/hf_candidates/LibreYOLO_smoke-uvylj_hf_snapshot/train/images/frame_000545-3_jpg.rf.6329bcb5aaae14a7d6e2d1287a052d55.jpg,/Users/mobcoderid-296/Desktop/fire-smoke/fire-smoke-cpu/data/raw/hf_candidates/LibreYOLO_smoke-uvylj_hf_snapshot/train/labels/frame_000545-3_jpg.rf.6329bcb5aaae14a7d6e2d1287a052d55.txt,640,640,VALID_SMOKE,train,False,False,True,0,smoke,True,594dfe5aeb96403ed89c675461f1c813dff8e27bd1bd81dbf564760b33357b26,ff0f0f0703010f3f,huggingface_snapshot,pending_review,hf_snapshot_revision_recorded,True,
libreyolo_train_frame_000550-3_jpg.rf.09e52d2edb4b628da1cf947409f479e7,/Users/mobcoderid-296/Desktop/fire-smoke/fire-smoke-cpu/data/raw/hf_candidates/LibreYOLO_smoke-uvylj_hf_snapshot/train/images/frame_000550-3_jpg.rf.09e52d2edb4b628da1cf947409f479e7.jpg,/Users/mobcoderid-296/Desktop/fire-smoke/fire-smoke-cpu/data/raw/hf_candidates/LibreYOLO_smoke-uvylj_hf_snapshot/train/labels/frame_000550-3_jpg.rf.09e52d2edb4b628da1cf947409f479e7.txt,640,640,VALID_SMOKE,train,False,False,True,0,smoke,True,e31da7ac326dbcb01ddebeff54515189ce9863eec536ed4fb78e7dd3e4b94f1d,ff1f0f870301073f,huggingface_snapshot,pending_review,hf_snapshot_revision_recorded,True,
libreyolo_train_frame_000550_jpg.rf.b68f959a2bf681d15609555302f33099,/Users/mobcoderid-296/Desktop/fire-smoke/fire-smoke-cpu/data/raw/hf_candidates/LibreYOLO_smoke-uvylj_hf_snapshot/train/images/frame_000550_jpg.rf.b68f959a2bf681d15609555302f33099.jpg,/Users/mobcoderid-296/Desktop/fire-smoke/fire-smoke-cpu/data/raw/hf_candidates/LibreYOLO_smoke-uvylj_hf_snapshot/train/labels/frame_000550_jpg.rf.b68f959a2bf681d15609555302f33099.txt,640,640,VALID_SMOKE,train,False,False,True,0,smoke,True,d613986ebb1e05598d6fc8ecf77f0a8563e3f14f1efa8d2b2f3b3a9af0dc08be,1c1c9cfcfffbfef0,huggingface_snapshot,pending_review,hf_snapshot_revision_recorded,True,
libreyolo_train_frame_000555-3_jpg.rf.44a89f5fcb223741b47527bc4a8adfea,/Users/mobcoderid-296/Desktop/fire-smoke/fire-smoke-cpu/data/raw/hf_candidates/LibreYOLO_smoke-uvylj_hf_snapshot/train/images/frame_000555-3_jpg.rf.44a89f5fcb223741b47527bc4a8adfea.jpg,/Users/mobcoderid-296/Desktop/fire-smoke/fire-smoke-cpu/data/raw/hf_candidates/LibreYOLO_smoke-uvylj_hf_snapshot/train/labels/frame_000555-3_jpg.rf.44a89f5fcb223741b47527bc4a8adfea.txt,640,640,VALID_SMOKE,train,False,False,True,0,smoke,True,8a467d18610c90b4299c16b60f289d5d19eb80d7707c064fcff814ba0e576034,ff1f0f8703001f3f,huggingface_snapshot,pending_review,hf_snapshot_revision_recorded,True,
libreyolo_train_frame_000560_jpg.rf.b9af92808920396ead7c7df7c9f6238c,/Users/mobcoderid-296/Desktop/fire-smoke/fire-smoke-cpu/data/raw/hf_candidates/LibreYOLO_smoke-uvylj_hf_snapshot/train/images/frame_000560_jpg.rf.b9af92808920396ead7c7df7c9f6238c.jpg,/Users/mobcoderid-296/Desktop/fire-smoke/fire-smoke-cpu/data/raw/hf_candidates/LibreYOLO_smoke-uvylj_hf_snapshot/train/labels/frame_000560_jpg.rf.b9af92808920396ead7c7df7c9f6238c.txt,640,640,VALID_SMOKE,train,False,False,True,0,smoke,True,93b179c8bd9672ac9e3b1a6dd7f966cccaa621c38eed2ad17c20dfbe4ff456dc,1c9c9cfcfff3fef0,huggingface_snapshot,pending_review,hf_snapshot_revision_recorded,True,
libreyolo_train_frame_000565_jpg.rf.e6faf9ea8286ae036c4f6daeb5ce6b46,/Users/mobcoderid-296/Desktop/fire-smoke/fire-smoke-cpu/data/raw/hf_candidates/LibreYOLO_smoke-uvylj_hf_snapshot/train/images/frame_000565_jpg.rf.e6faf9ea8286ae036c4f6daeb5ce6b46.jpg,/Users/mobcoderid-296/Desktop/fire-smoke/fire-smoke-cpu/data/raw/hf_candidates/LibreYOLO_smoke-uvylj_hf_snapshot/train/labels/frame_000565_jpg.rf.e6faf9ea8286ae036c4f6daeb5ce6b46.txt,640,640,VALID_SMOKE,train,False,False,True,0,smoke,True,fb2efc41a3e957be63410c2e86fb2ded68316dc810fe54433834a5f6b9a54d7d,1c9c9cfcfff3fef0,huggingface_snapshot,pending_review,hf_snapshot_revision_recorded,True,
libreyolo_train_frame_000570-3_jpg.rf.9c28a686399df3d5828071883b338a28,/Users/mobcoderid-296/Desktop/fire-smoke/fire-smoke-cpu/data/raw/hf_candidates/LibreYOLO_smoke-uvylj_hf_snapshot/train/images/frame_000570-3_jpg.rf.9c28a686399df3d5828071883b338a28.jpg,/Users/mobcoderid-296/Desktop/fire-smoke/fire-smoke-cpu/data/raw/hf_candidates/LibreYOLO_smoke-uvylj_hf_snapshot/train/labels/frame_000570-3_jpg.rf.9c28a686399df3d5828071883b338a28.txt,640,640,VALID_SMOKE,train,False,False,True,0,smoke,True,f7b476cc977b84d7310182522651c41a2c7170089552160b8b6f959142af13fe,ff0f0f454103073f,huggingface_snapshot,pending_review,hf_snapshot_revision_recorded,True,
libreyolo_train_frame_000575-3_jpg.rf.7e350c8f9d98aebaf2a57c1842c87c1a,/Users/mobcoderid-296/Desktop/fire-smoke/fire-smoke-cpu/data/raw/hf_candidates/LibreYOLO_smoke-uvylj_hf_snapshot/train/images/frame_000575-3_jpg.rf.7e350c8f9d98aebaf2a57c1842c87c1a.jpg,/Users/mobcoderid-296/Desktop/fire-smoke/fire-smoke-cpu/data/raw/hf_candidates/LibreYOLO_smoke-uvylj_hf_snapshot/train/labels/frame_000575-3_jpg.rf.7e350c8f9d98aebaf2a57c1842c87c1a.txt,640,640,VALID_SMOKE,train,False,False,True,0,smoke,True,49d047b5fe21e6c66f3129dc6787a529a0fde2982a42992e77b6e91071bad4dd,ff0f0f4541030f3f,huggingface_snapshot,pending_review,hf_snapshot_revision_recorded,True,
libreyolo_train_frame_000575_jpg.rf.75c04cc65a65c17047771dd4a0aba541,/Users/mobcoderid-296/Desktop/fire-smoke/fire-smoke-cpu/data/raw/hf_candidates/LibreYOLO_smoke-uvylj_hf_snapshot/train/images/frame_000575_jpg.rf.75c04cc65a65c17047771dd4a0aba541.jpg,/Users/mobcoderid-296/Desktop/fire-smoke/fire-smoke-cpu/data/raw/hf_candidates/LibreYOLO_smoke-uvylj_hf_snapshot/train/labels/frame_000575_jpg.rf.75c04cc65a65c17047771dd4a0aba541.txt,640,640,VALID_SMOKE,train,False,False,True,0,smoke,True,74cc18853713d1cb6fe217f5330f4268afcae9a2d3f039ec65e6b76c2d00a215,1c1cdcfcfff3fef0,huggingface_snapshot,pending_review,hf_snapshot_revision_recorded,True,
libreyolo_train_frame_000580-3_jpg.rf.01497fb0f0f769c6013fac70c9e7e8c0,/Users/mobcoderid-296/Desktop/fire-smoke/fire-smoke-cpu/data/raw/hf_candidates/LibreYOLO_smoke-uvylj_hf_snapshot/train/images/frame_000580-3_jpg.rf.01497fb0f0f769c6013fac70c9e7e8c0.jpg,/Users/mobcoderid-296/Desktop/fire-smoke/fire-smoke-cpu/data/raw/hf_candidates/LibreYOLO_smoke-uvylj_hf_snapshot/train/labels/frame_000580-3_jpg.rf.01497fb0f0f769c6013fac70c9e7e8c0.txt,640,640,VALID_SMOKE,train,False,False,True,0,smoke,True,50d83e28afd16f81cb42dc198f42793ac80d4256cb42fc53f7aa6b0515c18789,ff0f0f4541010f3f,huggingface_snapshot,pending_review,hf_snapshot_revision_recorded,True,
libreyolo_train_frame_000580_jpg.rf.62a16b627eb30b25a0dd6cf10648c089,/Users/mobcoderid-296/Desktop/fire-smoke/fire-smoke-cpu/data/raw/hf_candidates/LibreYOLO_smoke-uvylj_hf_snapshot/train/images/frame_000580_jpg.rf.62a16b627eb30b25a0dd6cf10648c089.jpg,/Users/mobcoderid-296/Desktop/fire-smoke/fire-smoke-cpu/data/raw/hf_candidates/LibreYOLO_smoke-uvylj_hf_snapshot/train/labels/frame_000580_jpg.rf.62a16b627eb30b25a0dd6cf10648c089.txt,640,640,VALID_SMOKE,train,False,False,True,0,smoke,True,a3785fdbefc985ba2bc62bb0191fbd525bdbd61036eaab68a51296a22a6ac493,1c1cd8fcffe3fef0,huggingface_snapshot,pending_review,hf_snapshot_revision_recorded,True,
libreyolo_train_frame_000585-3_jpg.rf.b90dfc156665e65dbaeaace72ab7e657,/Users/mobcoderid-296/Desktop/fire-smoke/fire-smoke-cpu/data/raw/hf_candidates/LibreYOLO_smoke-uvylj_hf_snapshot/train/images/frame_000585-3_jpg.rf.b90dfc156665e65dbaeaace72ab7e657.jpg,/Users/mobcoderid-296/Desktop/fire-smoke/fire-smoke-cpu/data/raw/hf_candidates/LibreYOLO_smoke-uvylj_hf_snapshot/train/labels/frame_000585-3_jpg.rf.b90dfc156665e65dbaeaace72ab7e657.txt,640,640,VALID_SMOKE,train,False,False,True,0,smoke,True,cc45408d0389dcc2df3086f5d470a326b97fbb68b396fd280515754b5dd07c62,ff0f0f454103073f,huggingface_snapshot,pending_review,hf_snapshot_revision_recorded,True,
libreyolo_train_frame_000590-3_jpg.rf.a23de2f78092469ba3dd501ef9b65310,/Users/mobcoderid-296/Desktop/fire-smoke/fire-smoke-cpu/data/raw/hf_candidates/LibreYOLO_smoke-uvylj_hf_snapshot/train/images/frame_000590-3_jpg.rf.a23de2f78092469ba3dd501ef9b65310.jpg,/Users/mobcoderid-296/Desktop/fire-smoke/fire-smoke-cpu/data/raw/hf_candidates/LibreYOLO_smoke-uvylj_hf_snapshot/train/labels/frame_000590-3_jpg.rf.a23de2f78092469ba3dd501ef9b65310.txt,640,640,VALID_SMOKE,train,False,False,True,0,smoke,True,f6ab494716df1b483c5b94e29d206da69011750bf2dd5af1cdc64c3507d64101,ff0f0f454103073f,huggingface_snapshot,pending_review,hf_snapshot_revision_recorded,True,
libreyolo_train_frame_000590_jpg.rf.d83c0c5d6d940e4989a8149b9c7da168,/Users/mobcoderid-296/Desktop/fire-smoke/fire-smoke-cpu/data/raw/hf_candidates/LibreYOLO_smoke-uvylj_hf_snapshot/train/images/frame_000590_jpg.rf.d83c0c5d6d940e4989a8149b9c7da168.jpg,/Users/mobcoderid-296/Desktop/fire-smoke/fire-smoke-cpu/data/raw/hf_candidates/LibreYOLO_smoke-uvylj_hf_snapshot/train/labels/frame_000590_jpg.rf.d83c0c5d6d940e4989a8149b9c7da168.txt,640,640,VALID_SMOKE,train,False,False,True,0,smoke,True,48486e8fad562974c4f576fec82fe2b49f12ee48d8184563aa48baf247d2c2fd,1c1cd8fcffe3fef0,huggingface_snapshot,pending_review,hf_snapshot_revision_recorded,True,
libreyolo_train_frame_000595-3_jpg.rf.d148ebb6d650156ee93d21978fc12836,/Users/mobcoderid-296/Desktop/fire-smoke/fire-smoke-cpu/data/raw/hf_candidates/LibreYOLO_smoke-uvylj_hf_snapshot/train/images/frame_000595-3_jpg.rf.d148ebb6d650156ee93d21978fc12836.jpg,/Users/mobcoderid-296/Desktop/fire-smoke/fire-smoke-cpu/data/raw/hf_candidates/LibreYOLO_smoke-uvylj_hf_snapshot/train/labels/frame_000595-3_jpg.rf.d148ebb6d650156ee93d21978fc12836.txt,640,640,VALID_SMOKE,train,False,False,True,0,smoke,True,fd976d960ac6e4c517c7c6a69b1ba26e8fc4c3bfd3eda5b5e50320183078430e,ff1f0f454301073f,huggingface_snapshot,pending_review,hf_snapshot_revision_recorded,True,
libreyolo_train_frame_000595_jpg.rf.514d32393a9b0d5861db67c135c8bbb6,/Users/mobcoderid-296/Desktop/fire-smoke/fire-smoke-cpu/data/raw/hf_candidates/LibreYOLO_smoke-uvylj_hf_snapshot/train/images/frame_000595_jpg.rf.514d32393a9b0d5861db67c135c8bbb6.jpg,/Users/mobcoderid-296/Desktop/fire-smoke/fire-smoke-cpu/data/raw/hf_candidates/LibreYOLO_smoke-uvylj_hf_snapshot/train/labels/frame_000595_jpg.rf.514d32393a9b0d5861db67c135c8bbb6.txt,640,640,VALID_SMOKE,train,False,False,True,0,smoke,True,05b0a9e91b76f8720cccbc6f7fa9dc5f9ca89efa9339be777e85e360f746d8b6,1c1cd8fcffe3fef0,huggingface_snapshot,pending_review,hf_snapshot_revision_recorded,True,
libreyolo_train_frame_000600-3_jpg.rf.a17ca8e730537e090c0c495a8b26e51f,/Users/mobcoderid-296/Desktop/fire-smoke/fire-smoke-cpu/data/raw/hf_candidates/LibreYOLO_smoke-uvylj_hf_snapshot/train/images/frame_000600-3_jpg.rf.a17ca8e730537e090c0c495a8b26e51f.jpg,/Users/mobcoderid-296/Desktop/fire-smoke/fire-smoke-cpu/data/raw/hf_candidates/LibreYOLO_smoke-uvylj_hf_snapshot/train/labels/frame_000600-3_jpg.rf.a17ca8e730537e090c0c495a8b26e51f.txt,640,640,VALID_SMOKE,train,False,False,True,0,smoke,True,a4198060ec6991de49e0cc46045274c68cbd0fe0943a71ba031a8d7fb99a34ec,ff1f0f454301073f,huggingface_snapshot,pending_review,hf_snapshot_revision_recorded,True,
libreyolo_train_frame_000600_jpg.rf.e5eb44a1b50ce2c76ad1ae480640470a,/Users/mobcoderid-296/Desktop/fire-smoke/fire-smoke-cpu/data/raw/hf_candidates/LibreYOLO_smoke-uvylj_hf_snapshot/train/images/frame_000600_jpg.rf.e5eb44a1b50ce2c76ad1ae480640470a.jpg,/Users/mobcoderid-296/Desktop/fire-smoke/fire-smoke-cpu/data/raw/hf_candidates/LibreYOLO_smoke-uvylj_hf_snapshot/train/labels/frame_000600_jpg.rf.e5eb44a1b50ce2c76ad1ae480640470a.txt,640,640,VALID_SMOKE,train,False,False,True,0,smoke,True,38e2eeefa5ed388bde0dc0936b37c14c81a99b04efc756cb9b8a61531d65723e,1c1cdcfcffe3fcf0,huggingface_snapshot,pending_review,hf_snapshot_revision_recorded,True,
libreyolo_train_frame_000605-3_jpg.rf.d14b5db458781d19be5cbf19bac55d66,/Users/mobcoderid-296/Desktop/fire-smoke/fire-smoke-cpu/data/raw/hf_candidates/LibreYOLO_smoke-uvylj_hf_snapshot/train/images/frame_000605-3_jpg.rf.d14b5db458781d19be5cbf19bac55d66.jpg,/Users/mobcoderid-296/Desktop/fire-smoke/fire-smoke-cpu/data/raw/hf_candidates/LibreYOLO_smoke-uvylj_hf_snapshot/train/labels/frame_000605-3_jpg.rf.d14b5db458781d19be5cbf19bac55d66.txt,640,640,VALID_SMOKE,train,False,False,True,0,smoke,True,0807e5b546f053b4bd03f5f7da08c2c2205a14e68058a1c428ed779e96ab3747,ff1f0fc583010f3f,huggingface_snapshot,pending_review,hf_snapshot_revision_recorded,True,
libreyolo_train_frame_000605_jpg.rf.08e894304cdabbc08b87bfe1d0af1120,/Users/mobcoderid-296/Desktop/fire-smoke/fire-smoke-cpu/data/raw/hf_candidates/LibreYOLO_smoke-uvylj_hf_snapshot/train/images/frame_000605_jpg.rf.08e894304cdabbc08b87bfe1d0af1120.jpg,/Users/mobcoderid-296/Desktop/fire-smoke/fire-smoke-cpu/data/raw/hf_candidates/LibreYOLO_smoke-uvylj_hf_snapshot/train/labels/frame_000605_jpg.rf.08e894304cdabbc08b87bfe1d0af1120.txt,640,640,VALID_SMOKE,train,False,False,True,0,smoke,True,3ff39081f25d0ff211b9c008ce3ba7c0368047c4c151abdd2a0f0ca4641f08ad,1c5cdcfcffe3f4f0,huggingface_snapshot,pending_review,hf_snapshot_revision_recorded,True,
libreyolo_train_frame_000610-3_jpg.rf.2798ae10ab4ace776942fb9f0f9e70d1,/Users/mobcoderid-296/Desktop/fire-smoke/fire-smoke-cpu/data/raw/hf_candidates/LibreYOLO_smoke-uvylj_hf_snapshot/train/images/frame_000610-3_jpg.rf.2798ae10ab4ace776942fb9f0f9e70d1.jpg,/Users/mobcoderid-296/Desktop/fire-smoke/fire-smoke-cpu/data/raw/hf_candidates/LibreYOLO_smoke-uvylj_hf_snapshot/train/labels/frame_000610-3_jpg.rf.2798ae10ab4ace776942fb9f0f9e70d1.txt,640,640,VALID_SMOKE,train,False,False,True,0,smoke,True,339c2f0097d878b7578eb8149d4704e38f3fa9802804bfb21bdf02a7d8fbc1ba,ff0f0f858301073f,huggingface_snapshot,pending_review,hf_snapshot_revision_recorded,True,
libreyolo_train_frame_000610_jpg.rf.49d2260860d3e2492433f05e1c6a255a,/Users/mobcoderid-296/Desktop/fire-smoke/fire-smoke-cpu/data/raw/hf_candidates/LibreYOLO_smoke-uvylj_hf_snapshot/train/images/frame_000610_jpg.rf.49d2260860d3e2492433f05e1c6a255a.jpg,/Users/mobcoderid-296/Desktop/fire-smoke/fire-smoke-cpu/data/raw/hf_candidates/LibreYOLO_smoke-uvylj_hf_snapshot/train/labels/frame_000610_jpg.rf.49d2260860d3e2492433f05e1c6a255a.txt,640,640,VALID_SMOKE,train,False,False,True,0,smoke,True,f18ff0e8d8eb8dca0557abca27163704fc9b75199ee4047f9e5cd44eed8f9806,1c5cdcfcffe3d0e0,huggingface_snapshot,pending_review,hf_snapshot_revision_recorded,True,
libreyolo_train_frame_000615-3_jpg.rf.b5e807e4f520e38ef2eaf98d9f343fe2,/Users/mobcoderid-296/Desktop/fire-smoke/fire-smoke-cpu/data/raw/hf_candidates/LibreYOLO_smoke-uvylj_hf_snapshot/train/images/frame_000615-3_jpg.rf.b5e807e4f520e38ef2eaf98d9f343fe2.jpg,/Users/mobcoderid-296/Desktop/fire-smoke/fire-smoke-cpu/data/raw/hf_candidates/LibreYOLO_smoke-uvylj_hf_snapshot/train/labels/frame_000615-3_jpg.rf.b5e807e4f520e38ef2eaf98d9f343fe2.txt,640,640,VALID_SMOKE,train,False,False,True,0,smoke,True,8e4ed484bb35c9c84690e416f6d5e290f7629431716f143589efa91f8af4bde0,ff0f0f858301073f,huggingface_snapshot,pending_review,hf_snapshot_revision_recorded,True,
libreyolo_train_frame_000620-3_jpg.rf.fb6b06bd4bae17b1bcd2b51e35863cd7,/Users/mobcoderid-296/Desktop/fire-smoke/fire-smoke-cpu/data/raw/hf_candidates/LibreYOLO_smoke-uvylj_hf_snapshot/train/images/frame_000620-3_jpg.rf.fb6b06bd4bae17b1bcd2b51e35863cd7.jpg,/Users/mobcoderid-296/Desktop/fire-smoke/fire-smoke-cpu/data/raw/hf_candidates/LibreYOLO_smoke-uvylj_hf_snapshot/train/labels/frame_000620-3_jpg.rf.fb6b06bd4bae17b1bcd2b51e35863cd7.txt,640,640,VALID_SMOKE,train,False,False,True,0,smoke,True,6c1378179887806866dad67c15d6fcba16d3e71a056da376609401fa79dbf064,ff0f0fc583010f3f,huggingface_snapshot,pending_review,hf_snapshot_revision_recorded,True,
libreyolo_train_frame_000620_jpg.rf.d509d9434740cc9029a333ffe8e73cde,/Users/mobcoderid-296/Desktop/fire-smoke/fire-smoke-cpu/data/raw/hf_candidates/LibreYOLO_smoke-uvylj_hf_snapshot/train/images/frame_000620_jpg.rf.d509d9434740cc9029a333ffe8e73cde.jpg,/Users/mobcoderid-296/Desktop/fire-smoke/fire-smoke-cpu/data/raw/hf_candidates/LibreYOLO_smoke-uvylj_hf_snapshot/train/labels/frame_000620_jpg.rf.d509d9434740cc9029a333ffe8e73cde.txt,640,640,VALID_SMOKE,train,False,False,True,0,smoke,True,6427553851f67a89013998d305c9b19d988f79c8ae52e387166adfbc5cf8cf2e,1c5cd4fcffe3c0e0,huggingface_snapshot,pending_review,hf_snapshot_revision_recorded,True,
libreyolo_train_frame_000625-3_jpg.rf.7f31f1e87a1daea599ef3ec4ea9239a9,/Users/mobcoderid-296/Desktop/fire-smoke/fire-smoke-cpu/data/raw/hf_candidates/LibreYOLO_smoke-uvylj_hf_snapshot/train/images/frame_000625-3_jpg.rf.7f31f1e87a1daea599ef3ec4ea9239a9.jpg,/Users/mobcoderid-296/Desktop/fire-smoke/fire-smoke-cpu/data/raw/hf_candidates/LibreYOLO_smoke-uvylj_hf_snapshot/train/labels/frame_000625-3_jpg.rf.7f31f1e87a1daea599ef3ec4ea9239a9.txt,640,640,VALID_SMOKE,train,False,False,True,0,smoke,True,7f35c3b7f0e4b8866dbd6705f35bc408cea276f62ac00464db3ce4e2d3b3f4ab,ff0f0f4703010f3f,huggingface_snapshot,pending_review,hf_snapshot_revision_recorded,True,
libreyolo_train_frame_000625_jpg.rf.d29379faeedd296d9688b226189d5ec3,/Users/mobcoderid-296/Desktop/fire-smoke/fire-smoke-cpu/data/raw/hf_candidates/LibreYOLO_smoke-uvylj_hf_snapshot/train/images/frame_000625_jpg.rf.d29379faeedd296d9688b226189d5ec3.jpg,/Users/mobcoderid-296/Desktop/fire-smoke/fire-smoke-cpu/data/raw/hf_candidates/LibreYOLO_smoke-uvylj_hf_snapshot/train/labels/frame_000625_jpg.rf.d29379faeedd296d9688b226189d5ec3.txt,640,640,VALID_SMOKE,train,False,False,True,0,smoke,True,63324e71353f4516416a397b507fc2f5937678e129bb4a7fcd61dcac8ad4fcf3,1c5cd4fcffe3c0e0,huggingface_snapshot,pending_review,hf_snapshot_revision_recorded,True,
libreyolo_train_frame_000635-3_jpg.rf.862a20ee8904982a36c3d9b48a73ede2,/Users/mobcoderid-296/Desktop/fire-smoke/fire-smoke-cpu/data/raw/hf_candidates/LibreYOLO_smoke-uvylj_hf_snapshot/train/images/frame_000635-3_jpg.rf.862a20ee8904982a36c3d9b48a73ede2.jpg,/Users/mobcoderid-296/Desktop/fire-smoke/fire-smoke-cpu/data/raw/hf_candidates/LibreYOLO_smoke-uvylj_hf_snapshot/train/labels/frame_000635-3_jpg.rf.862a20ee8904982a36c3d9b48a73ede2.txt,640,640,VALID_SMOKE,train,False,False,True,0,smoke,True,b200df49262aa454c3194dff90d46ef2131bdf9076f579ec9e13338178fe03ae,ff1f0f474703073f,huggingface_snapshot,pending_review,hf_snapshot_revision_recorded,True,
libreyolo_train_frame_000635_jpg.rf.105ee652242267f72843300ee2849554,/Users/mobcoderid-296/Desktop/fire-smoke/fire-smoke-cpu/data/raw/hf_candidates/LibreYOLO_smoke-uvylj_hf_snapshot/train/images/frame_000635_jpg.rf.105ee652242267f72843300ee2849554.jpg,/Users/mobcoderid-296/Desktop/fire-smoke/fire-smoke-cpu/data/raw/hf_candidates/LibreYOLO_smoke-uvylj_hf_snapshot/train/labels/frame_000635_jpg.rf.105ee652242267f72843300ee2849554.txt,640,640,VALID_SMOKE,train,False,False,True,0,smoke,True,8198cf9866c79f8995d0a685899f65a3c532c25084553a22d23278c013875631,1c1cd4fcffe3c0c0,huggingface_snapshot,pending_review,hf_snapshot_revision_recorded,True,
libreyolo_train_frame_000640-3_jpg.rf.160420ba534bab2e23d788538294e398,/Users/mobcoderid-296/Desktop/fire-smoke/fire-smoke-cpu/data/raw/hf_candidates/LibreYOLO_smoke-uvylj_hf_snapshot/train/images/frame_000640-3_jpg.rf.160420ba534bab2e23d788538294e398.jpg,/Users/mobcoderid-296/Desktop/fire-smoke/fire-smoke-cpu/data/raw/hf_candidates/LibreYOLO_smoke-uvylj_hf_snapshot/train/labels/frame_000640-3_jpg.rf.160420ba534bab2e23d788538294e398.txt,640,640,VALID_SMOKE,train,False,False,True,0,smoke,True,944192a08650459609788dcedccff44d4f27344dba3d733acad29f37701ffef4,fe1f0f4f4703073f,huggingface_snapshot,pending_review,hf_snapshot_revision_recorded,True,
libreyolo_train_frame_000640_jpg.rf.b51530f6a3b53474fddf03b8bfc39ce2,/Users/mobcoderid-296/Desktop/fire-smoke/fire-smoke-cpu/data/raw/hf_candidates/LibreYOLO_smoke-uvylj_hf_snapshot/train/images/frame_000640_jpg.rf.b51530f6a3b53474fddf03b8bfc39ce2.jpg,/Users/mobcoderid-296/Desktop/fire-smoke/fire-smoke-cpu/data/raw/hf_candidates/LibreYOLO_smoke-uvylj_hf_snapshot/train/labels/frame_000640_jpg.rf.b51530f6a3b53474fddf03b8bfc39ce2.txt,640,640,VALID_SMOKE,train,False,False,True,0,smoke,True,9e264a528cbeda918e702591a6ef2414a82c2f79449ce62cb8c207ef42fa30e2,1c1cdcfcffc100c0,huggingface_snapshot,pending_review,hf_snapshot_revision_recorded,True,
libreyolo_train_frame_000655-3_jpg.rf.1e15cb77973afde9c40d3758ed33cb36,/Users/mobcoderid-296/Desktop/fire-smoke/fire-smoke-cpu/data/raw/hf_candidates/LibreYOLO_smoke-uvylj_hf_snapshot/train/images/frame_000655-3_jpg.rf.1e15cb77973afde9c40d3758ed33cb36.jpg,/Users/mobcoderid-296/Desktop/fire-smoke/fire-smoke-cpu/data/raw/hf_candidates/LibreYOLO_smoke-uvylj_hf_snapshot/train/labels/frame_000655-3_jpg.rf.1e15cb77973afde9c40d3758ed33cb36.txt,640,640,VALID_SMOKE,train,False,False,True,0,smoke,True,b1d5a41da0550464226bce3471bdd1c274e39e6cddc89b4319019ecd65f0cc8c,fe1f0f470703073f,huggingface_snapshot,pending_review,hf_snapshot_revision_recorded,True,
libreyolo_train_frame_000665-3_jpg.rf.8cabe98508d13541e9d56d0d667e6c9d,/Users/mobcoderid-296/Desktop/fire-smoke/fire-smoke-cpu/data/raw/hf_candidates/LibreYOLO_smoke-uvylj_hf_snapshot/train/images/frame_000665-3_jpg.rf.8cabe98508d13541e9d56d0d667e6c9d.jpg,/Users/mobcoderid-296/Desktop/fire-smoke/fire-smoke-cpu/data/raw/hf_candidates/LibreYOLO_smoke-uvylj_hf_snapshot/train/labels/frame_000665-3_jpg.rf.8cabe98508d13541e9d56d0d667e6c9d.txt,640,640,VALID_SMOKE,train,False,False,True,0,smoke,True,50cb2cf349c6b6438be6790303961900835c0acd0cfd9232c6ba413ebf0758bf,ff1f0f0f07010f3f,huggingface_snapshot,pending_review,hf_snapshot_revision_recorded,True,
libreyolo_train_frame_000670_jpg.rf.eae78190d2d62d60a6a29e02b6be9f9e,/Users/mobcoderid-296/Desktop/fire-smoke/fire-smoke-cpu/data/raw/hf_candidates/LibreYOLO_smoke-uvylj_hf_snapshot/train/images/frame_000670_jpg.rf.eae78190d2d62d60a6a29e02b6be9f9e.jpg,/Users/mobcoderid-296/Desktop/fire-smoke/fire-smoke-cpu/data/raw/hf_candidates/LibreYOLO_smoke-uvylj_hf_snapshot/train/labels/frame_000670_jpg.rf.eae78190d2d62d60a6a29e02b6be9f9e.txt,640,640,VALID_SMOKE,train,False,False,True,0,smoke,True,3c2fcbf1683b9466c28ba464486dfba7e74ea64264836dcac1dd69bbe4312ad9,1c9cfcfcffc10080,huggingface_snapshot,pending_review,hf_snapshot_revision_recorded,True,
libreyolo_train_frame_000680-3_jpg.rf.d4439eb4bd9b346a5c9bf2d6364e874f,/Users/mobcoderid-296/Desktop/fire-smoke/fire-smoke-cpu/data/raw/hf_candidates/LibreYOLO_smoke-uvylj_hf_snapshot/train/images/frame_000680-3_jpg.rf.d4439eb4bd9b346a5c9bf2d6364e874f.jpg,/Users/mobcoderid-296/Desktop/fire-smoke/fire-smoke-cpu/data/raw/hf_candidates/LibreYOLO_smoke-uvylj_hf_snapshot/train/labels/frame_000680-3_jpg.rf.d4439eb4bd9b346a5c9bf2d6364e874f.txt,640,640,VALID_SMOKE,train,False,False,True,0,smoke,True,213a09649e6cd7c359ec2eb209b3f38493a8d0401feaa18c2faea50e9d7e965a,ff9f0f0f07070fbf,huggingface_snapshot,pending_review,hf_snapshot_revision_recorded,True,
libreyolo_train_frame_000680_jpg.rf.202fce5587978a59a5985b0f0a6e59f9,/Users/mobcoderid-296/Desktop/fire-smoke/fire-smoke-cpu/data/raw/hf_candidates/LibreYOLO_smoke-uvylj_hf_snapshot/train/images/frame_000680_jpg.rf.202fce5587978a59a5985b0f0a6e59f9.jpg,/Users/mobcoderid-296/Desktop/fire-smoke/fire-smoke-cpu/data/raw/hf_candidates/LibreYOLO_smoke-uvylj_hf_snapshot/train/labels/frame_000680_jpg.rf.202fce5587978a59a5985b0f0a6e59f9.txt,640,640,VALID_SMOKE,train,False,False,True,0,smoke,True,e3a343499a7529a2d32992a0438e9a63c052874341fa4e8997fd9a3ae19ecd65,1c9cfcfcffc10080,huggingface_snapshot,pending_review,hf_snapshot_revision_recorded,True,
libreyolo_train_frame_000685-3_jpg.rf.f28c8bbf54668dd1750ddb27e8d990e7,/Users/mobcoderid-296/Desktop/fire-smoke/fire-smoke-cpu/data/raw/hf_candidates/LibreYOLO_smoke-uvylj_hf_snapshot/train/images/frame_000685-3_jpg.rf.f28c8bbf54668dd1750ddb27e8d990e7.jpg,/Users/mobcoderid-296/Desktop/fire-smoke/fire-smoke-cpu/data/raw/hf_candidates/LibreYOLO_smoke-uvylj_hf_snapshot/train/labels/frame_000685-3_jpg.rf.f28c8bbf54668dd1750ddb27e8d990e7.txt,640,640,VALID_SMOKE,train,False,False,True,0,smoke,True,663bc5392fd9747e716e50732e0fbc6fa13e9c0234edac177aac997b7295facf,ff9f0f0f07030fbf,huggingface_snapshot,pending_review,hf_snapshot_revision_recorded,True,
libreyolo_train_frame_000685_jpg.rf.0b4091fe1683bb2f5268db465eb3d2e3,/Users/mobcoderid-296/Desktop/fire-smoke/fire-smoke-cpu/data/raw/hf_candidates/LibreYOLO_smoke-uvylj_hf_snapshot/train/images/frame_000685_jpg.rf.0b4091fe1683bb2f5268db465eb3d2e3.jpg,/Users/mobcoderid-296/Desktop/fire-smoke/fire-smoke-cpu/data/raw/hf_candidates/LibreYOLO_smoke-uvylj_hf_snapshot/train/labels/frame_000685_jpg.rf.0b4091fe1683bb2f5268db465eb3d2e3.txt,640,640,VALID_SMOKE,train,False,False,True,0,smoke,True,4b905dfc53766a79537bd3c7a6c32ea12ca833989b8656c587bc0173616f5a13,9cdcfcfcffc10080,huggingface_snapshot,pending_review,hf_snapshot_revision_recorded,True,
libreyolo_train_frame_000690_jpg.rf.7214e16cfb9237a1d3bfdd43b1d5eea1,/Users/mobcoderid-296/Desktop/fire-smoke/fire-smoke-cpu/data/raw/hf_candidates/LibreYOLO_smoke-uvylj_hf_snapshot/train/images/frame_000690_jpg.rf.7214e16cfb9237a1d3bfdd43b1d5eea1.jpg,/Users/mobcoderid-296/Desktop/fire-smoke/fire-smoke-cpu/data/raw/hf_candidates/LibreYOLO_smoke-uvylj_hf_snapshot/train/labels/frame_000690_jpg.rf.7214e16cfb9237a1d3bfdd43b1d5eea1.txt,640,640,VALID_SMOKE,train,False,False,True,0,smoke,True,5f1ae9b2102d023965f8e5dffffa6b208da86702957623ea6030d03b152105c5,dcdcfcfcffc10080,huggingface_snapshot,pending_review,hf_snapshot_revision_recorded,True,
libreyolo_train_frame_000695-3_jpg.rf.8ecbef4f10910243afbf97b3c992789b,/Users/mobcoderid-296/Desktop/fire-smoke/fire-smoke-cpu/data/raw/hf_candidates/LibreYOLO_smoke-uvylj_hf_snapshot/train/images/frame_000695-3_jpg.rf.8ecbef4f10910243afbf97b3c992789b.jpg,/Users/mobcoderid-296/Desktop/fire-smoke/fire-smoke-cpu/data/raw/hf_candidates/LibreYOLO_smoke-uvylj_hf_snapshot/train/labels/frame_000695-3_jpg.rf.8ecbef4f10910243afbf97b3c992789b.txt,640,640,VALID_SMOKE,train,False,False,True,0,smoke,True,6e4e22ee0fe4b05d479ed5519ab2a95d53b7b5a5284c7c4b3cbcf69b44e57f0a,fe9f0f4707031f3f,huggingface_snapshot,pending_review,hf_snapshot_revision_recorded,True,
libreyolo_train_frame_000695_jpg.rf.a17a25916b9beaae965862bb48f84a7c,/Users/mobcoderid-296/Desktop/fire-smoke/fire-smoke-cpu/data/raw/hf_candidates/LibreYOLO_smoke-uvylj_hf_snapshot/train/images/frame_000695_jpg.rf.a17a25916b9beaae965862bb48f84a7c.jpg,/Users/mobcoderid-296/Desktop/fire-smoke/fire-smoke-cpu/data/raw/hf_candidates/LibreYOLO_smoke-uvylj_hf_snapshot/train/labels/frame_000695_jpg.rf.a17a25916b9beaae965862bb48f84a7c.txt,640,640,VALID_SMOKE,train,False,False,True,0,smoke,True,423f01c706881bacd44f651f21c301d03c1b48eb3457130fb191aa5b1ec27226,fcfcfcfcffc10080,huggingface_snapshot,pending_review,hf_snapshot_revision_recorded,True,
libreyolo_train_frame_000700-3_jpg.rf.bba415075061e5941b4af3f81ff2b596,/Users/mobcoderid-296/Desktop/fire-smoke/fire-smoke-cpu/data/raw/hf_candidates/LibreYOLO_smoke-uvylj_hf_snapshot/train/images/frame_000700-3_jpg.rf.bba415075061e5941b4af3f81ff2b596.jpg,/Users/mobcoderid-296/Desktop/fire-smoke/fire-smoke-cpu/data/raw/hf_candidates/LibreYOLO_smoke-uvylj_hf_snapshot/train/labels/frame_000700-3_jpg.rf.bba415075061e5941b4af3f81ff2b596.txt,640,640,VALID_SMOKE,train,False,False,True,0,smoke,True,1aae6547c7dc62a2fb4d75632727569b536005b0b189f303f17c789402c86537,fe1f0f4747010f3f,huggingface_snapshot,pending_review,hf_snapshot_revision_recorded,True,
libreyolo_train_frame_000705_jpg.rf.0c0bd5e01d6be75a1048f4dfe42eedf2,/Users/mobcoderid-296/Desktop/fire-smoke/fire-smoke-cpu/data/raw/hf_candidates/LibreYOLO_smoke-uvylj_hf_snapshot/train/images/frame_000705_jpg.rf.0c0bd5e01d6be75a1048f4dfe42eedf2.jpg,/Users/mobcoderid-296/Desktop/fire-smoke/fire-smoke-cpu/data/raw/hf_candidates/LibreYOLO_smoke-uvylj_hf_snapshot/train/labels/frame_000705_jpg.rf.0c0bd5e01d6be75a1048f4dfe42eedf2.txt,640,640,VALID_SMOKE,train,False,False,True,0,smoke,True,545895347975f1770c845e8098dbeba5aa99dce0c91fbf7d3a91fa0ada42d5b4,fcfcfcfcff4100c0,huggingface_snapshot,pending_review,hf_snapshot_revision_recorded,True,
libreyolo_train_frame_000710-3_jpg.rf.2c985071d92d6b69f329371940f05285,/Users/mobcoderid-296/Desktop/fire-smoke/fire-smoke-cpu/data/raw/hf_candidates/LibreYOLO_smoke-uvylj_hf_snapshot/train/images/frame_000710-3_jpg.rf.2c985071d92d6b69f329371940f05285.jpg,/Users/mobcoderid-296/Desktop/fire-smoke/fire-smoke-cpu/data/raw/hf_candidates/LibreYOLO_smoke-uvylj_hf_snapshot/train/labels/frame_000710-3_jpg.rf.2c985071d92d6b69f329371940f05285.txt,640,640,VALID_SMOKE,train,False,False,True,0,smoke,True,6cc111e3b65229d6730c522dc97e31df96c4615eaec3a711ba4a1e75f6a32b89,ff1f0f474701073f,huggingface_snapshot,pending_review,hf_snapshot_revision_recorded,True,
libreyolo_train_frame_000710_jpg.rf.741fa82e27a1014afbec4e44199c433c,/Users/mobcoderid-296/Desktop/fire-smoke/fire-smoke-cpu/data/raw/hf_candidates/LibreYOLO_smoke-uvylj_hf_snapshot/train/images/frame_000710_jpg.rf.741fa82e27a1014afbec4e44199c433c.jpg,/Users/mobcoderid-296/Desktop/fire-smoke/fire-smoke-cpu/data/raw/hf_candidates/LibreYOLO_smoke-uvylj_hf_snapshot/train/labels/frame_000710_jpg.rf.741fa82e27a1014afbec4e44199c433c.txt,640,640,VALID_SMOKE,train,False,False,True,0,smoke,True,6df2c09bae8fcc2dc811b9f5aee024cb8181370b02fc9f99b604120ade3f7175,fcfcfcfcff410080,huggingface_snapshot,pending_review,hf_snapshot_revision_recorded,True,
libreyolo_train_frame_000715-3_jpg.rf.d243a1368ad89e59258984510114af8a,/Users/mobcoderid-296/Desktop/fire-smoke/fire-smoke-cpu/data/raw/hf_candidates/LibreYOLO_smoke-uvylj_hf_snapshot/train/images/frame_000715-3_jpg.rf.d243a1368ad89e59258984510114af8a.jpg,/Users/mobcoderid-296/Desktop/fire-smoke/fire-smoke-cpu/data/raw/hf_candidates/LibreYOLO_smoke-uvylj_hf_snapshot/train/labels/frame_000715-3_jpg.rf.d243a1368ad89e59258984510114af8a.txt,640,640,VALID_SMOKE,train,False,False,True,0,smoke,True,60fae1a3f3fbb73230800b8e72804d7e2627be0b7c0c701505d6c3ca824ee895,ff1f0f4787000f3f,huggingface_snapshot,pending_review,hf_snapshot_revision_recorded,True,
libreyolo_train_frame_000715_jpg.rf.8dd57e96078e587bf66073e29f850e6a,/Users/mobcoderid-296/Desktop/fire-smoke/fire-smoke-cpu/data/raw/hf_candidates/LibreYOLO_smoke-uvylj_hf_snapshot/train/images/frame_000715_jpg.rf.8dd57e96078e587bf66073e29f850e6a.jpg,/Users/mobcoderid-296/Desktop/fire-smoke/fire-smoke-cpu/data/raw/hf_candidates/LibreYOLO_smoke-uvylj_hf_snapshot/train/labels/frame_000715_jpg.rf.8dd57e96078e587bf66073e29f850e6a.txt,640,640,VALID_SMOKE,train,False,False,True,0,smoke,True,f2bd44df45dd1045e65e6b339ef7c23ef40c806383268628b08a604a8149e468,fcfcfcfcff410080,huggingface_snapshot,pending_review,hf_snapshot_revision_recorded,True,
libreyolo_train_frame_000720-3_jpg.rf.cb85c379308861de7918593ae998ecbf,/Users/mobcoderid-296/Desktop/fire-smoke/fire-smoke-cpu/data/raw/hf_candidates/LibreYOLO_smoke-uvylj_hf_snapshot/train/images/frame_000720-3_jpg.rf.cb85c379308861de7918593ae998ecbf.jpg,/Users/mobcoderid-296/Desktop/fire-smoke/fire-smoke-cpu/data/raw/hf_candidates/LibreYOLO_smoke-uvylj_hf_snapshot/train/labels/frame_000720-3_jpg.rf.cb85c379308861de7918593ae998ecbf.txt,640,640,VALID_SMOKE,train,False,False,True,0,smoke,True,877cf425a1c1387dce6006dfee3bf3efa8eff2d5d925a2c3f6c28dbf52c88885,ff1f0f0787000f3f,huggingface_snapshot,pending_review,hf_snapshot_revision_recorded,True,
libreyolo_train_frame_000720_jpg.rf.8a94ae0a71183eb37d7a20b6e84b5a1f,/Users/mobcoderid-296/Desktop/fire-smoke/fire-smoke-cpu/data/raw/hf_candidates/LibreYOLO_smoke-uvylj_hf_snapshot/train/images/frame_000720_jpg.rf.8a94ae0a71183eb37d7a20b6e84b5a1f.jpg,/Users/mobcoderid-296/Desktop/fire-smoke/fire-smoke-cpu/data/raw/hf_candidates/LibreYOLO_smoke-uvylj_hf_snapshot/train/labels/frame_000720_jpg.rf.8a94ae0a71183eb37d7a20b6e84b5a1f.txt,640,640,VALID_SMOKE,train,False,False,True,0,smoke,True,2b01d525cb6f722eb8fb9f77a4a1199a35439fe6fc1fdd22cd50ca4f27275e13,fcfcfcfcff410080,huggingface_snapshot,pending_review,hf_snapshot_revision_recorded,True,
libreyolo_train_frame_000725-3_jpg.rf.a657230aaf8d80d994173c68a68c5363,/Users/mobcoderid-296/Desktop/fire-smoke/fire-smoke-cpu/data/raw/hf_candidates/LibreYOLO_smoke-uvylj_hf_snapshot/train/images/frame_000725-3_jpg.rf.a657230aaf8d80d994173c68a68c5363.jpg,/Users/mobcoderid-296/Desktop/fire-smoke/fire-smoke-cpu/data/raw/hf_candidates/LibreYOLO_smoke-uvylj_hf_snapshot/train/labels/frame_000725-3_jpg.rf.a657230aaf8d80d994173c68a68c5363.txt,640,640,VALID_SMOKE,train,False,False,True,0,smoke,True,130a8e9cc88fcdfa8ce370f12f84fb6dd8c9494a8d7db9b14f77b6197c94b187,ff1f0f878301073f,huggingface_snapshot,pending_review,hf_snapshot_revision_recorded,True,
libreyolo_train_frame_000730-3_jpg.rf.0bc8c0ac8eb6a1317b62a7fa4bb8138c,/Users/mobcoderid-296/Desktop/fire-smoke/fire-smoke-cpu/data/raw/hf_candidates/LibreYOLO_smoke-uvylj_hf_snapshot/train/images/frame_000730-3_jpg.rf.0bc8c0ac8eb6a1317b62a7fa4bb8138c.jpg,/Users/mobcoderid-296/Desktop/fire-smoke/fire-smoke-cpu/data/raw/hf_candidates/LibreYOLO_smoke-uvylj_hf_snapshot/train/labels/frame_000730-3_jpg.rf.0bc8c0ac8eb6a1317b62a7fa4bb8138c.txt,640,640,VALID_SMOKE,train,False,False,True,0,smoke,True,b952b911c84b369d3d8e5d5f1d55f604461e34f7bf10df155ff788d20f119e05,ff1f0f878303073f,huggingface_snapshot,pending_review,hf_snapshot_revision_recorded,True,
libreyolo_train_frame_000735-3_jpg.rf.44001dd20372cf671c49bcbb097d044b,/Users/mobcoderid-296/Desktop/fire-smoke/fire-smoke-cpu/data/raw/hf_candidates/LibreYOLO_smoke-uvylj_hf_snapshot/train/images/frame_000735-3_jpg.rf.44001dd20372cf671c49bcbb097d044b.jpg,/Users/mobcoderid-296/Desktop/fire-smoke/fire-smoke-cpu/data/raw/hf_candidates/LibreYOLO_smoke-uvylj_hf_snapshot/train/labels/frame_000735-3_jpg.rf.44001dd20372cf671c49bcbb097d044b.txt,640,640,VALID_SMOKE,train,False,False,True,0,smoke,True,cf15931f9b35fbbe59bbc7bdbaf71b7bba2ab983f9cb7dd29e7ea0105d742c6f,ff1f0f878301073f,huggingface_snapshot,pending_review,hf_snapshot_revision_recorded,True,
libreyolo_train_frame_000740-3_jpg.rf.5ed1899e382c052ff45c30b9efb00e0f,/Users/mobcoderid-296/Desktop/fire-smoke/fire-smoke-cpu/data/raw/hf_candidates/LibreYOLO_smoke-uvylj_hf_snapshot/train/images/frame_000740-3_jpg.rf.5ed1899e382c052ff45c30b9efb00e0f.jpg,/Users/mobcoderid-296/Desktop/fire-smoke/fire-smoke-cpu/data/raw/hf_candidates/LibreYOLO_smoke-uvylj_hf_snapshot/train/labels/frame_000740-3_jpg.rf.5ed1899e382c052ff45c30b9efb00e0f.txt,640,640,VALID_SMOKE,train,False,False,True,0,smoke,True,7b32b34bcf8796c211543a4a6d0de4255f32d34561913b7c75fafa5127686ec0,ff1f0f878701073f,huggingface_snapshot,pending_review,hf_snapshot_revision_recorded,True,
libreyolo_train_frame_000745-3_jpg.rf.8af2426c6728c607df10f071c2ecf08d,/Users/mobcoderid-296/Desktop/fire-smoke/fire-smoke-cpu/data/raw/hf_candidates/LibreYOLO_smoke-uvylj_hf_snapshot/train/images/frame_000745-3_jpg.rf.8af2426c6728c607df10f071c2ecf08d.jpg,/Users/mobcoderid-296/Desktop/fire-smoke/fire-smoke-cpu/data/raw/hf_candidates/LibreYOLO_smoke-uvylj_hf_snapshot/train/labels/frame_000745-3_jpg.rf.8af2426c6728c607df10f071c2ecf08d.txt,640,640,VALID_SMOKE,train,False,False,True,0,smoke,True,5ecd935dcb16e8613088031f3fb1888edc9e0614187ce55cfe6cfa6f16693a1c,ff1f8f870701073f,huggingface_snapshot,pending_review,hf_snapshot_revision_recorded,True,
libreyolo_train_frame_000745_jpg.rf.142c0fc1e49f486e96c6adf9e1452a9a,/Users/mobcoderid-296/Desktop/fire-smoke/fire-smoke-cpu/data/raw/hf_candidates/LibreYOLO_smoke-uvylj_hf_snapshot/train/images/frame_000745_jpg.rf.142c0fc1e49f486e96c6adf9e1452a9a.jpg,/Users/mobcoderid-296/Desktop/fire-smoke/fire-smoke-cpu/data/raw/hf_candidates/LibreYOLO_smoke-uvylj_hf_snapshot/train/labels/frame_000745_jpg.rf.142c0fc1e49f486e96c6adf9e1452a9a.txt,640,640,VALID_SMOKE,train,False,False,True,0,smoke,True,270ff6040d83ab6baa484677cfc6f057ad4f3c8b8cb26b63103f1adaeb413100,fcfcfcfc3f018000,huggingface_snapshot,pending_review,hf_snapshot_revision_recorded,True,
libreyolo_train_frame_002157_jpg.rf.86abe35b2a510f2fbfc4da36e9dc085b,/Users/mobcoderid-296/Desktop/fire-smoke/fire-smoke-cpu/data/raw/hf_candidates/LibreYOLO_smoke-uvylj_hf_snapshot/train/images/frame_002157_jpg.rf.86abe35b2a510f2fbfc4da36e9dc085b.jpg,/Users/mobcoderid-296/Desktop/fire-smoke/fire-smoke-cpu/data/raw/hf_candidates/LibreYOLO_smoke-uvylj_hf_snapshot/train/labels/frame_002157_jpg.rf.86abe35b2a510f2fbfc4da36e9dc085b.txt,640,640,VALID_SMOKE,train,False,False,True,0,smoke,True,a04e5e9f3c177ce05ac0bd1bdd54c512a9ebaa95d3cca78a26a406de744dbae7,ffef0606040c0800,huggingface_snapshot,pending_review,hf_snapshot_revision_recorded,True,
libreyolo_train_frame_002158_jpg.rf.37ca5fc6c616941a30366a127257c8c0,/Users/mobcoderid-296/Desktop/fire-smoke/fire-smoke-cpu/data/raw/hf_candidates/LibreYOLO_smoke-uvylj_hf_snapshot/train/images/frame_002158_jpg.rf.37ca5fc6c616941a30366a127257c8c0.jpg,/Users/mobcoderid-296/Desktop/fire-smoke/fire-smoke-cpu/data/raw/hf_candidates/LibreYOLO_smoke-uvylj_hf_snapshot/train/labels/frame_002158_jpg.rf.37ca5fc6c616941a30366a127257c8c0.txt,640,640,VALID_SMOKE,train,False,False,True,0,smoke,True,ace4bee8e304316b09e2446dc4648102cf56f76f0d89ce76152b8d0b7f5a8092,ffef0606040c0800,huggingface_snapshot,pending_review,hf_snapshot_revision_recorded,True,
libreyolo_train_frame_002159_jpg.rf.b45727caa64418a1a8d90b7d1f9a2593,/Users/mobcoderid-296/Desktop/fire-smoke/fire-smoke-cpu/data/raw/hf_candidates/LibreYOLO_smoke-uvylj_hf_snapshot/train/images/frame_002159_jpg.rf.b45727caa64418a1a8d90b7d1f9a2593.jpg,/Users/mobcoderid-296/Desktop/fire-smoke/fire-smoke-cpu/data/raw/hf_candidates/LibreYOLO_smoke-uvylj_hf_snapshot/train/labels/frame_002159_jpg.rf.b45727caa64418a1a8d90b7d1f9a2593.txt,640,640,VALID_SMOKE,train,False,False,True,0,smoke,True,260315f59698fb6fc47e910d416dfc69680cde4b8deb8153ce020de030fd2fa0,ffef0606040c0800,huggingface_snapshot,pending_review,hf_snapshot_revision_recorded,True,
libreyolo_train_frame_002160_jpg.rf.6316a9f3a4e4330663d5d470db5f3e45,/Users/mobcoderid-296/Desktop/fire-smoke/fire-smoke-cpu/data/raw/hf_candidates/LibreYOLO_smoke-uvylj_hf_snapshot/train/images/frame_002160_jpg.rf.6316a9f3a4e4330663d5d470db5f3e45.jpg,/Users/mobcoderid-296/Desktop/fire-smoke/fire-smoke-cpu/data/raw/hf_candidates/LibreYOLO_smoke-uvylj_hf_snapshot/train/labels/frame_002160_jpg.rf.6316a9f3a4e4330663d5d470db5f3e45.txt,640,640,VALID_SMOKE,train,False,False,True,0,smoke,True,1c9bfbc4ca48b278ef81a3399bf667c3b3a8e759f1a276d51713fcfd15278368,ffef0606040c0800,huggingface_snapshot,pending_review,hf_snapshot_revision_recorded,True,
libreyolo_train_frame_002161_jpg.rf.e9c805248fea48223b1e675e00c5d2fb,/Users/mobcoderid-296/Desktop/fire-smoke/fire-smoke-cpu/data/raw/hf_candidates/LibreYOLO_smoke-uvylj_hf_snapshot/train/images/frame_002161_jpg.rf.e9c805248fea48223b1e675e00c5d2fb.jpg,/Users/mobcoderid-296/Desktop/fire-smoke/fire-smoke-cpu/data/raw/hf_candidates/LibreYOLO_smoke-uvylj_hf_snapshot/train/labels/frame_002161_jpg.rf.e9c805248fea48223b1e675e00c5d2fb.txt,640,640,VALID_SMOKE,train,False,False,True,0,smoke,True,4b0b3765f5e62861c36740b944689af84acaf6bb2c1dd43284ad1effe8054040,ffef0606040c0800,huggingface_snapshot,pending_review,hf_snapshot_revision_recorded,True,
libreyolo_train_frame_002162_jpg.rf.ac341db4d66df726ed6b9bc2c8310f55,/Users/mobcoderid-296/Desktop/fire-smoke/fire-smoke-cpu/data/raw/hf_candidates/LibreYOLO_smoke-uvylj_hf_snapshot/train/images/frame_002162_jpg.rf.ac341db4d66df726ed6b9bc2c8310f55.jpg,/Users/mobcoderid-296/Desktop/fire-smoke/fire-smoke-cpu/data/raw/hf_candidates/LibreYOLO_smoke-uvylj_hf_snapshot/train/labels/frame_002162_jpg.rf.ac341db4d66df726ed6b9bc2c8310f55.txt,640,640,VALID_SMOKE,train,False,False,True,0,smoke,True,6bf5d5f387d166d39d84473918b0538b36cbe936013643babb87340c84d58360,ffef0606040c0800,huggingface_snapshot,pending_review,hf_snapshot_revision_recorded,True,
libreyolo_train_frame_002163_jpg.rf.44984fd88b374a063cf79eaddb2b8584,/Users/mobcoderid-296/Desktop/fire-smoke/fire-smoke-cpu/data/raw/hf_candidates/LibreYOLO_smoke-uvylj_hf_snapshot/train/images/frame_002163_jpg.rf.44984fd88b374a063cf79eaddb2b8584.jpg,/Users/mobcoderid-296/Desktop/fire-smoke/fire-smoke-cpu/data/raw/hf_candidates/LibreYOLO_smoke-uvylj_hf_snapshot/train/labels/frame_002163_jpg.rf.44984fd88b374a063cf79eaddb2b8584.txt,640,640,VALID_SMOKE,train,False,False,True,0,smoke,True,d5ba69342cf67c02fdcf0af9ecb0a6c8dbfe59f7c9da491300be4c4f8126d342,ffef0606040c0800,huggingface_snapshot,pending_review,hf_snapshot_revision_recorded,True,
libreyolo_train_frame_002165_jpg.rf.3a4f7eb9757b11fe3d169130fe372b5e,/Users/mobcoderid-296/Desktop/fire-smoke/fire-smoke-cpu/data/raw/hf_candidates/LibreYOLO_smoke-uvylj_hf_snapshot/train/images/frame_002165_jpg.rf.3a4f7eb9757b11fe3d169130fe372b5e.jpg,/Users/mobcoderid-296/Desktop/fire-smoke/fire-smoke-cpu/data/raw/hf_candidates/LibreYOLO_smoke-uvylj_hf_snapshot/train/labels/frame_002165_jpg.rf.3a4f7eb9757b11fe3d169130fe372b5e.txt,640,640,VALID_SMOKE,train,False,False,True,0,smoke,True,680a0ed0c0b872d1789d6217c85245675b30cfeb37000c6d90fd1dac3d091bc1,ffef0606040c0800,huggingface_snapshot,pending_review,hf_snapshot_revision_recorded,True,
libreyolo_train_frame_002168_jpg.rf.a27092953bf95f66316ec24afc8b4b43,/Users/mobcoderid-296/Desktop/fire-smoke/fire-smoke-cpu/data/raw/hf_candidates/LibreYOLO_smoke-uvylj_hf_snapshot/train/images/frame_002168_jpg.rf.a27092953bf95f66316ec24afc8b4b43.jpg,/Users/mobcoderid-296/Desktop/fire-smoke/fire-smoke-cpu/data/raw/hf_candidates/LibreYOLO_smoke-uvylj_hf_snapshot/train/labels/frame_002168_jpg.rf.a27092953bf95f66316ec24afc8b4b43.txt,640,640,VALID_SMOKE,train,False,False,True,0,smoke,True,15f04f03d621ff4ca09b2f5d3fb566bee0bbd649bf3911b4853fbfd581fd62bd,ffef0206040c0800,huggingface_snapshot,pending_review,hf_snapshot_revision_recorded,True,
libreyolo_train_frame_002169_jpg.rf.00ed7a0dd14967addb4fc4eadb3c5a3c,/Users/mobcoderid-296/Desktop/fire-smoke/fire-smoke-cpu/data/raw/hf_candidates/LibreYOLO_smoke-uvylj_hf_snapshot/train/images/frame_002169_jpg.rf.00ed7a0dd14967addb4fc4eadb3c5a3c.jpg,/Users/mobcoderid-296/Desktop/fire-smoke/fire-smoke-cpu/data/raw/hf_candidates/LibreYOLO_smoke-uvylj_hf_snapshot/train/labels/frame_002169_jpg.rf.00ed7a0dd14967addb4fc4eadb3c5a3c.txt,640,640,VALID_SMOKE,train,False,False,True,0,smoke,True,375bd22bbca7401a6bfeb2a4b813be2a0bafb7cad51c4a630267a0d10c1418fa,ffef0206040c0800,huggingface_snapshot,pending_review,hf_snapshot_revision_recorded,True,
libreyolo_train_frame_002170_jpg.rf.208edaef03e1e5eb9ac26729719a86c1,/Users/mobcoderid-296/Desktop/fire-smoke/fire-smoke-cpu/data/raw/hf_candidates/LibreYOLO_smoke-uvylj_hf_snapshot/train/images/frame_002170_jpg.rf.208edaef03e1e5eb9ac26729719a86c1.jpg,/Users/mobcoderid-296/Desktop/fire-smoke/fire-smoke-cpu/data/raw/hf_candidates/LibreYOLO_smoke-uvylj_hf_snapshot/train/labels/frame_002170_jpg.rf.208edaef03e1e5eb9ac26729719a86c1.txt,640,640,VALID_SMOKE,train,False,False,True,0,smoke,True,90183da5a75e720468d5c3d85e1b1ebf46bdcef004b5c948fcd11078caae2e78,ffef0206040c0800,huggingface_snapshot,pending_review,hf_snapshot_revision_recorded,True,
libreyolo_train_frame_002172_jpg.rf.5ce5b0c052145932347d67217fc1293d,/Users/mobcoderid-296/Desktop/fire-smoke/fire-smoke-cpu/data/raw/hf_candidates/LibreYOLO_smoke-uvylj_hf_snapshot/train/images/frame_002172_jpg.rf.5ce5b0c052145932347d67217fc1293d.jpg,/Users/mobcoderid-296/Desktop/fire-smoke/fire-smoke-cpu/data/raw/hf_candidates/LibreYOLO_smoke-uvylj_hf_snapshot/train/labels/frame_002172_jpg.rf.5ce5b0c052145932347d67217fc1293d.txt,640,640,VALID_SMOKE,train,False,False,True,0,smoke,True,807fade9629a680c67fca1be1dd2a216eafcc541690d4bc1d20cb3d71dc2e94e,ffef0206040c0800,huggingface_snapshot,pending_review,hf_snapshot_revision_recorded,True,
libreyolo_train_frame_002173_jpg.rf.f16d6cab57486dc7a0c436ada4d8fffd,/Users/mobcoderid-296/Desktop/fire-smoke/fire-smoke-cpu/data/raw/hf_candidates/LibreYOLO_smoke-uvylj_hf_snapshot/train/images/frame_002173_jpg.rf.f16d6cab57486dc7a0c436ada4d8fffd.jpg,/Users/mobcoderid-296/Desktop/fire-smoke/fire-smoke-cpu/data/raw/hf_candidates/LibreYOLO_smoke-uvylj_hf_snapshot/train/labels/frame_002173_jpg.rf.f16d6cab57486dc7a0c436ada4d8fffd.txt,640,640,VALID_SMOKE,train,False,False,True,0,smoke,True,3377c79d4448fe02b0275555f018c5e0bc510fe6ee7c94f070e37161efe05b5c,ffef0206040c0800,huggingface_snapshot,pending_review,hf_snapshot_revision_recorded,True,
libreyolo_train_frame_002174_jpg.rf.e8b43d3385080e9a349367b52feb2544,/Users/mobcoderid-296/Desktop/fire-smoke/fire-smoke-cpu/data/raw/hf_candidates/LibreYOLO_smoke-uvylj_hf_snapshot/train/images/frame_002174_jpg.rf.e8b43d3385080e9a349367b52feb2544.jpg,/Users/mobcoderid-296/Desktop/fire-smoke/fire-smoke-cpu/data/raw/hf_candidates/LibreYOLO_smoke-uvylj_hf_snapshot/train/labels/frame_002174_jpg.rf.e8b43d3385080e9a349367b52feb2544.txt,640,640,VALID_SMOKE,train,False,False,True,0,smoke,True,dbe50501e5e586b8b8a32d72bb1a9224010149d1f5a9feed5f65aec9b038209b,ffef0206040c0800,huggingface_snapshot,pending_review,hf_snapshot_revision_recorded,True,
libreyolo_train_frame_002175_jpg.rf.b0a4132b27c6c3e4dbf94983612ff9df,/Users/mobcoderid-296/Desktop/fire-smoke/fire-smoke-cpu/data/raw/hf_candidates/LibreYOLO_smoke-uvylj_hf_snapshot/train/images/frame_002175_jpg.rf.b0a4132b27c6c3e4dbf94983612ff9df.jpg,/Users/mobcoderid-296/Desktop/fire-smoke/fire-smoke-cpu/data/raw/hf_candidates/LibreYOLO_smoke-uvylj_hf_snapshot/train/labels/frame_002175_jpg.rf.b0a4132b27c6c3e4dbf94983612ff9df.txt,640,640,VALID_SMOKE,train,False,False,True,0,smoke,True,9e9fb628b5cff97d42af6826a6181d259837348638d6b1d3b31384bd699f19bf,ffef0206040c0800,huggingface_snapshot,pending_review,hf_snapshot_revision_recorded,True,
libreyolo_train_frame_002179_jpg.rf.56e1732a947d07ad10a4515f0e9d05dc,/Users/mobcoderid-296/Desktop/fire-smoke/fire-smoke-cpu/data/raw/hf_candidates/LibreYOLO_smoke-uvylj_hf_snapshot/train/images/frame_002179_jpg.rf.56e1732a947d07ad10a4515f0e9d05dc.jpg,/Users/mobcoderid-296/Desktop/fire-smoke/fire-smoke-cpu/data/raw/hf_candidates/LibreYOLO_smoke-uvylj_hf_snapshot/train/labels/frame_002179_jpg.rf.56e1732a947d07ad10a4515f0e9d05dc.txt,640,640,VALID_SMOKE,train,False,False,True,0,smoke,True,be42d60673257250811278562a590631a841d27eeb1a2e60f44fc7071fafebc6,ffef0206040c0800,huggingface_snapshot,pending_review,hf_snapshot_revision_recorded,True,
libreyolo_train_frame_002181_jpg.rf.5edfa6812bee8a1fd0d2080be8b58d87,/Users/mobcoderid-296/Desktop/fire-smoke/fire-smoke-cpu/data/raw/hf_candidates/LibreYOLO_smoke-uvylj_hf_snapshot/train/images/frame_002181_jpg.rf.5edfa6812bee8a1fd0d2080be8b58d87.jpg,/Users/mobcoderid-296/Desktop/fire-smoke/fire-smoke-cpu/data/raw/hf_candidates/LibreYOLO_smoke-uvylj_hf_snapshot/train/labels/frame_002181_jpg.rf.5edfa6812bee8a1fd0d2080be8b58d87.txt,640,640,VALID_SMOKE,train,False,False,True,0,smoke,True,ad88e7ae3ee7de8a87902888bf05e7df84505ced6762eb7d3442ed22d567f0b8,ffef0206040c0800,huggingface_snapshot,pending_review,hf_snapshot_revision_recorded,True,
libreyolo_train_frame_002183_jpg.rf.aa8f51f73832773bf8a0e871455bf01f,/Users/mobcoderid-296/Desktop/fire-smoke/fire-smoke-cpu/data/raw/hf_candidates/LibreYOLO_smoke-uvylj_hf_snapshot/train/images/frame_002183_jpg.rf.aa8f51f73832773bf8a0e871455bf01f.jpg,/Users/mobcoderid-296/Desktop/fire-smoke/fire-smoke-cpu/data/raw/hf_candidates/LibreYOLO_smoke-uvylj_hf_snapshot/train/labels/frame_002183_jpg.rf.aa8f51f73832773bf8a0e871455bf01f.txt,640,640,VALID_SMOKE,train,False,False,True,0,smoke,True,6103a86084df68950e13dfaf05f1fe8fc75786b637e1fe498d50c84322195b28,ffef0206040c0800,huggingface_snapshot,pending_review,hf_snapshot_revision_recorded,True,
libreyolo_train_frame_002184_jpg.rf.08b8a4bca4f52e5caa0c58771252ee6c,/Users/mobcoderid-296/Desktop/fire-smoke/fire-smoke-cpu/data/raw/hf_candidates/LibreYOLO_smoke-uvylj_hf_snapshot/train/images/frame_002184_jpg.rf.08b8a4bca4f52e5caa0c58771252ee6c.jpg,/Users/mobcoderid-296/Desktop/fire-smoke/fire-smoke-cpu/data/raw/hf_candidates/LibreYOLO_smoke-uvylj_hf_snapshot/train/labels/frame_002184_jpg.rf.08b8a4bca4f52e5caa0c58771252ee6c.txt,640,640,VALID_SMOKE,train,False,False,True,0,smoke,True,34c4124d417a6c35837261b193aa1887a3c03974d71f32e828e089ab8b5a8068,ffef0606040c0800,huggingface_snapshot,pending_review,hf_snapshot_revision_recorded,True,
libreyolo_train_frame_002185_jpg.rf.f759ee65f24a5c5280d45fe70744694d,/Users/mobcoderid-296/Desktop/fire-smoke/fire-smoke-cpu/data/raw/hf_candidates/LibreYOLO_smoke-uvylj_hf_snapshot/train/images/frame_002185_jpg.rf.f759ee65f24a5c5280d45fe70744694d.jpg,/Users/mobcoderid-296/Desktop/fire-smoke/fire-smoke-cpu/data/raw/hf_candidates/LibreYOLO_smoke-uvylj_hf_snapshot/train/labels/frame_002185_jpg.rf.f759ee65f24a5c5280d45fe70744694d.txt,640,640,VALID_SMOKE,train,False,False,True,0,smoke,True,26061e92381fffadcd5c47dd2bdb4e5f8080e8e25f221758906d03a42489ba3d,ffef0606040c0c00,huggingface_snapshot,pending_review,hf_snapshot_revision_recorded,True,
libreyolo_train_frame_002186_jpg.rf.44f847926c29988ad5526362576fcc8e,/Users/mobcoderid-296/Desktop/fire-smoke/fire-smoke-cpu/data/raw/hf_candidates/LibreYOLO_smoke-uvylj_hf_snapshot/train/images/frame_002186_jpg.rf.44f847926c29988ad5526362576fcc8e.jpg,/Users/mobcoderid-296/Desktop/fire-smoke/fire-smoke-cpu/data/raw/hf_candidates/LibreYOLO_smoke-uvylj_hf_snapshot/train/labels/frame_002186_jpg.rf.44f847926c29988ad5526362576fcc8e.txt,640,640,VALID_SMOKE,train,False,False,True,0,smoke,True,ed1e96d6e3421fe4c0c2771286c9a427f3aec2f6f14e0685fe4991312ec4d98e,ffef0606040c0c00,huggingface_snapshot,pending_review,hf_snapshot_revision_recorded,True,
libreyolo_train_frame_002187_jpg.rf.d205ccb8ff26ca8b0208c21580d24ae4,/Users/mobcoderid-296/Desktop/fire-smoke/fire-smoke-cpu/data/raw/hf_candidates/LibreYOLO_smoke-uvylj_hf_snapshot/train/images/frame_002187_jpg.rf.d205ccb8ff26ca8b0208c21580d24ae4.jpg,/Users/mobcoderid-296/Desktop/fire-smoke/fire-smoke-cpu/data/raw/hf_candidates/LibreYOLO_smoke-uvylj_hf_snapshot/train/labels/frame_002187_jpg.rf.d205ccb8ff26ca8b0208c21580d24ae4.txt,640,640,VALID_SMOKE,train,False,False,True,0,smoke,True,66023221acb996ccec1e15bc1ec3913155ab8e6def0d6f02e3d129355f0fd41f,ffef0706040c0c00,huggingface_snapshot,pending_review,hf_snapshot_revision_recorded,True,
libreyolo_train_frame_002188_jpg.rf.ef236562fbe1cc93bef8c0612683dba8,/Users/mobcoderid-296/Desktop/fire-smoke/fire-smoke-cpu/data/raw/hf_candidates/LibreYOLO_smoke-uvylj_hf_snapshot/train/images/frame_002188_jpg.rf.ef236562fbe1cc93bef8c0612683dba8.jpg,/Users/mobcoderid-296/Desktop/fire-smoke/fire-smoke-cpu/data/raw/hf_candidates/LibreYOLO_smoke-uvylj_hf_snapshot/train/labels/frame_002188_jpg.rf.ef236562fbe1cc93bef8c0612683dba8.txt,640,640,VALID_SMOKE,train,False,False,True,0,smoke,True,d369aedfc21e0c99a1234f132fdf5204a73077819749adc9571a3634d7af9448,ffef0706040c0c00,huggingface_snapshot,pending_review,hf_snapshot_revision_recorded,True,
libreyolo_train_frame_002189_jpg.rf.e16d2889618e950b8f37530df5edca91,/Users/mobcoderid-296/Desktop/fire-smoke/fire-smoke-cpu/data/raw/hf_candidates/LibreYOLO_smoke-uvylj_hf_snapshot/train/images/frame_002189_jpg.rf.e16d2889618e950b8f37530df5edca91.jpg,/Users/mobcoderid-296/Desktop/fire-smoke/fire-smoke-cpu/data/raw/hf_candidates/LibreYOLO_smoke-uvylj_hf_snapshot/train/labels/frame_002189_jpg.rf.e16d2889618e950b8f37530df5edca91.txt,640,640,VALID_SMOKE,train,False,False,True,0,smoke,True,071d187388db38bb235b136fbfc0a2b784b8a1f182ec7b56e2a4f1d5ccc8b496,ffef0706040c0c00,huggingface_snapshot,pending_review,hf_snapshot_revision_recorded,True,
libreyolo_train_frame_002190_jpg.rf.d2388f3493e707ce3953b1c158e50404,/Users/mobcoderid-296/Desktop/fire-smoke/fire-smoke-cpu/data/raw/hf_candidates/LibreYOLO_smoke-uvylj_hf_snapshot/train/images/frame_002190_jpg.rf.d2388f3493e707ce3953b1c158e50404.jpg,/Users/mobcoderid-296/Desktop/fire-smoke/fire-smoke-cpu/data/raw/hf_candidates/LibreYOLO_smoke-uvylj_hf_snapshot/train/labels/frame_002190_jpg.rf.d2388f3493e707ce3953b1c158e50404.txt,640,640,VALID_SMOKE,train,False,False,True,0,smoke,True,1829dbf293c0073563c3c87575f5875948817790b5fb5617112a40996ef7f444,ffef0706040c0c00,huggingface_snapshot,pending_review,hf_snapshot_revision_recorded,True,
libreyolo_train_frame_002191_jpg.rf.ccc58796d9b62a0b7a739842e1e4afcf,/Users/mobcoderid-296/Desktop/fire-smoke/fire-smoke-cpu/data/raw/hf_candidates/LibreYOLO_smoke-uvylj_hf_snapshot/train/images/frame_002191_jpg.rf.ccc58796d9b62a0b7a739842e1e4afcf.jpg,/Users/mobcoderid-296/Desktop/fire-smoke/fire-smoke-cpu/data/raw/hf_candidates/LibreYOLO_smoke-uvylj_hf_snapshot/train/labels/frame_002191_jpg.rf.ccc58796d9b62a0b7a739842e1e4afcf.txt,640,640,VALID_SMOKE,train,False,False,True,0,smoke,True,681568f595a03b647a3e55c3d3448f3aa3f0f36937fa9c0b76fa767c882ce7ed,ffef0706040c0c00,huggingface_snapshot,pending_review,hf_snapshot_revision_recorded,True,
libreyolo_train_frame_002193_jpg.rf.fe9ef64ea6ca56b0f6566df57ab526b7,/Users/mobcoderid-296/Desktop/fire-smoke/fire-smoke-cpu/data/raw/hf_candidates/LibreYOLO_smoke-uvylj_hf_snapshot/train/images/frame_002193_jpg.rf.fe9ef64ea6ca56b0f6566df57ab526b7.jpg,/Users/mobcoderid-296/Desktop/fire-smoke/fire-smoke-cpu/data/raw/hf_candidates/LibreYOLO_smoke-uvylj_hf_snapshot/train/labels/frame_002193_jpg.rf.fe9ef64ea6ca56b0f6566df57ab526b7.txt,640,640,VALID_SMOKE,train,False,False,True,0,smoke,True,bf1bd4ac6e2ec7d6bfd5ee88277c1269aa2040c6d3f9bd8e3f07e61120a9e712,ffef0706040c0c00,huggingface_snapshot,pending_review,hf_snapshot_revision_recorded,True,
libreyolo_train_frame_002195_jpg.rf.741bc515ab2fac7a3151dd7df3a866fc,/Users/mobcoderid-296/Desktop/fire-smoke/fire-smoke-cpu/data/raw/hf_candidates/LibreYOLO_smoke-uvylj_hf_snapshot/train/images/frame_002195_jpg.rf.741bc515ab2fac7a3151dd7df3a866fc.jpg,/Users/mobcoderid-296/Desktop/fire-smoke/fire-smoke-cpu/data/raw/hf_candidates/LibreYOLO_smoke-uvylj_hf_snapshot/train/labels/frame_002195_jpg.rf.741bc515ab2fac7a3151dd7df3a866fc.txt,640,640,VALID_SMOKE,train,False,False,True,0,smoke,True,0a2c90891ae03ce3c89c876f8222bdcea875ed36dbee95d9f234821db9ccca24,ffef0706040c0c00,huggingface_snapshot,pending_review,hf_snapshot_revision_recorded,True,
libreyolo_train_frame_002196_jpg.rf.735667735eae097729f724d1dc2dd620,/Users/mobcoderid-296/Desktop/fire-smoke/fire-smoke-cpu/data/raw/hf_candidates/LibreYOLO_smoke-uvylj_hf_snapshot/train/images/frame_002196_jpg.rf.735667735eae097729f724d1dc2dd620.jpg,/Users/mobcoderid-296/Desktop/fire-smoke/fire-smoke-cpu/data/raw/hf_candidates/LibreYOLO_smoke-uvylj_hf_snapshot/train/labels/frame_002196_jpg.rf.735667735eae097729f724d1dc2dd620.txt,640,640,VALID_SMOKE,train,False,False,True,0,smoke,True,debd7e7681116b80d17cb8a2117681f07f8e3a60fafbc497b94d8ed1be3b0cda,ffef0706040c0c00,huggingface_snapshot,pending_review,hf_snapshot_revision_recorded,True,
libreyolo_train_frame_002197_jpg.rf.88206d68aff764f86d31820a2edb2ef1,/Users/mobcoderid-296/Desktop/fire-smoke/fire-smoke-cpu/data/raw/hf_candidates/LibreYOLO_smoke-uvylj_hf_snapshot/train/images/frame_002197_jpg.rf.88206d68aff764f86d31820a2edb2ef1.jpg,/Users/mobcoderid-296/Desktop/fire-smoke/fire-smoke-cpu/data/raw/hf_candidates/LibreYOLO_smoke-uvylj_hf_snapshot/train/labels/frame_002197_jpg.rf.88206d68aff764f86d31820a2edb2ef1.txt,640,640,VALID_SMOKE,train,False,False,True,0,smoke,True,c2ed3e4281f5e65050315ddce72c5876a1afffae65939d0c4bc37be56934349d,ffef0706040c0c00,huggingface_snapshot,pending_review,hf_snapshot_revision_recorded,True,
libreyolo_train_frame_002198_jpg.rf.3fa9e7110abf14a0da1070f90a39ff84,/Users/mobcoderid-296/Desktop/fire-smoke/fire-smoke-cpu/data/raw/hf_candidates/LibreYOLO_smoke-uvylj_hf_snapshot/train/images/frame_002198_jpg.rf.3fa9e7110abf14a0da1070f90a39ff84.jpg,/Users/mobcoderid-296/Desktop/fire-smoke/fire-smoke-cpu/data/raw/hf_candidates/LibreYOLO_smoke-uvylj_hf_snapshot/train/labels/frame_002198_jpg.rf.3fa9e7110abf14a0da1070f90a39ff84.txt,640,640,VALID_SMOKE,train,False,False,True,0,smoke,True,1ebd506dabc17b4ac86403ac3e359cb238495d2031dd074f0f5980769e7d996e,ffef0706040c0c00,huggingface_snapshot,pending_review,hf_snapshot_revision_recorded,True,
libreyolo_train_frame_002202_jpg.rf.38b5a09c07fbb0f1d6f781f0dd67b337,/Users/mobcoderid-296/Desktop/fire-smoke/fire-smoke-cpu/data/raw/hf_candidates/LibreYOLO_smoke-uvylj_hf_snapshot/train/images/frame_002202_jpg.rf.38b5a09c07fbb0f1d6f781f0dd67b337.jpg,/Users/mobcoderid-296/Desktop/fire-smoke/fire-smoke-cpu/data/raw/hf_candidates/LibreYOLO_smoke-uvylj_hf_snapshot/train/labels/frame_002202_jpg.rf.38b5a09c07fbb0f1d6f781f0dd67b337.txt,640,640,VALID_SMOKE,train,False,False,True,0,smoke,True,bb5dd2e07856bd4d7e07f7863a72743a903a4218b72b1f2971e43f707d620c0e,ffef0706040c0c00,huggingface_snapshot,pending_review,hf_snapshot_revision_recorded,True,
libreyolo_train_frame_002203_jpg.rf.9cc32f4e6094cc9efaad507a6218a6b8,/Users/mobcoderid-296/Desktop/fire-smoke/fire-smoke-cpu/data/raw/hf_candidates/LibreYOLO_smoke-uvylj_hf_snapshot/train/images/frame_002203_jpg.rf.9cc32f4e6094cc9efaad507a6218a6b8.jpg,/Users/mobcoderid-296/Desktop/fire-smoke/fire-smoke-cpu/data/raw/hf_candidates/LibreYOLO_smoke-uvylj_hf_snapshot/train/labels/frame_002203_jpg.rf.9cc32f4e6094cc9efaad507a6218a6b8.txt,640,640,VALID_SMOKE,train,False,False,True,0,smoke,True,93b38838b39e4ab545d251933628dbcef4745bb067758116a3a3d241a60218ae,ffef0706040c0c00,huggingface_snapshot,pending_review,hf_snapshot_revision_recorded,True,
libreyolo_train_frame_002204_jpg.rf.f1b28821e404b4adb834f332b75945e6,/Users/mobcoderid-296/Desktop/fire-smoke/fire-smoke-cpu/data/raw/hf_candidates/LibreYOLO_smoke-uvylj_hf_snapshot/train/images/frame_002204_jpg.rf.f1b28821e404b4adb834f332b75945e6.jpg,/Users/mobcoderid-296/Desktop/fire-smoke/fire-smoke-cpu/data/raw/hf_candidates/LibreYOLO_smoke-uvylj_hf_snapshot/train/labels/frame_002204_jpg.rf.f1b28821e404b4adb834f332b75945e6.txt,640,640,VALID_SMOKE,train,False,False,True,0,smoke,True,fdbefb247eafb13b254df7d6279750158d443c8e709214cd1a3c9fb4860c456e,ffef0706040c0c00,huggingface_snapshot,pending_review,hf_snapshot_revision_recorded,True,
libreyolo_train_frame_002206_jpg.rf.6c51399819c6b2777ee52014b92a1599,/Users/mobcoderid-296/Desktop/fire-smoke/fire-smoke-cpu/data/raw/hf_candidates/LibreYOLO_smoke-uvylj_hf_snapshot/train/images/frame_002206_jpg.rf.6c51399819c6b2777ee52014b92a1599.jpg,/Users/mobcoderid-296/Desktop/fire-smoke/fire-smoke-cpu/data/raw/hf_candidates/LibreYOLO_smoke-uvylj_hf_snapshot/train/labels/frame_002206_jpg.rf.6c51399819c6b2777ee52014b92a1599.txt,640,640,VALID_SMOKE,train,False,False,True,0,smoke,True,aa939b6b38acb92fa5b90ce0d40f22fd53b86f1f6562d905afb959e51c6ce797,ffef0706040c0c00,huggingface_snapshot,pending_review,hf_snapshot_revision_recorded,True,
libreyolo_train_frame_002207_jpg.rf.ebe37a5ca374075135228674a99124ea,/Users/mobcoderid-296/Desktop/fire-smoke/fire-smoke-cpu/data/raw/hf_candidates/LibreYOLO_smoke-uvylj_hf_snapshot/train/images/frame_002207_jpg.rf.ebe37a5ca374075135228674a99124ea.jpg,/Users/mobcoderid-296/Desktop/fire-smoke/fire-smoke-cpu/data/raw/hf_candidates/LibreYOLO_smoke-uvylj_hf_snapshot/train/labels/frame_002207_jpg.rf.ebe37a5ca374075135228674a99124ea.txt,640,640,VALID_SMOKE,train,False,False,True,0,smoke,True,c43a801009649eda60164cdc9e6069e2c1c99a022200f7a2116c556d278697fe,ffef0706040c0c00,huggingface_snapshot,pending_review,hf_snapshot_revision_recorded,True,
libreyolo_train_frame_002209_jpg.rf.cf73b6b4250bcb1d7238e51ff7337963,/Users/mobcoderid-296/Desktop/fire-smoke/fire-smoke-cpu/data/raw/hf_candidates/LibreYOLO_smoke-uvylj_hf_snapshot/train/images/frame_002209_jpg.rf.cf73b6b4250bcb1d7238e51ff7337963.jpg,/Users/mobcoderid-296/Desktop/fire-smoke/fire-smoke-cpu/data/raw/hf_candidates/LibreYOLO_smoke-uvylj_hf_snapshot/train/labels/frame_002209_jpg.rf.cf73b6b4250bcb1d7238e51ff7337963.txt,640,640,VALID_SMOKE,train,False,False,True,0,smoke,True,4c5708b8dcc2928baa960ef356133bbe978ffea015d96179409f59ded28abbae,ffef0706040c0c00,huggingface_snapshot,pending_review,hf_snapshot_revision_recorded,True,
libreyolo_train_frame_002210_jpg.rf.0a8410e3428cd9d9e5a80ecb200f97f7,/Users/mobcoderid-296/Desktop/fire-smoke/fire-smoke-cpu/data/raw/hf_candidates/LibreYOLO_smoke-uvylj_hf_snapshot/train/images/frame_002210_jpg.rf.0a8410e3428cd9d9e5a80ecb200f97f7.jpg,/Users/mobcoderid-296/Desktop/fire-smoke/fire-smoke-cpu/data/raw/hf_candidates/LibreYOLO_smoke-uvylj_hf_snapshot/train/labels/frame_002210_jpg.rf.0a8410e3428cd9d9e5a80ecb200f97f7.txt,640,640,VALID_SMOKE,train,False,False,True,0,smoke,True,b812cfecc7165e027cde4bb16d462213636cc5e869f1930c14b7d6af8083379e,ffef0706040c0c00,huggingface_snapshot,pending_review,hf_snapshot_revision_recorded,True,
libreyolo_train_frame_002211_jpg.rf.9e62f8edeb152890cfdb0962d53be211,/Users/mobcoderid-296/Desktop/fire-smoke/fire-smoke-cpu/data/raw/hf_candidates/LibreYOLO_smoke-uvylj_hf_snapshot/train/images/frame_002211_jpg.rf.9e62f8edeb152890cfdb0962d53be211.jpg,/Users/mobcoderid-296/Desktop/fire-smoke/fire-smoke-cpu/data/raw/hf_candidates/LibreYOLO_smoke-uvylj_hf_snapshot/train/labels/frame_002211_jpg.rf.9e62f8edeb152890cfdb0962d53be211.txt,640,640,VALID_SMOKE,train,False,False,True,0,smoke,True,85d15795821214e896b77a35955e74c3454ced207f7e7f6752307c8e6c12f46c,ffef0706040c0c00,huggingface_snapshot,pending_review,hf_snapshot_revision_recorded,True,
libreyolo_train_frame_002212_jpg.rf.53eb4ba2562bc9be285c6ec3503bf3f1,/Users/mobcoderid-296/Desktop/fire-smoke/fire-smoke-cpu/data/raw/hf_candidates/LibreYOLO_smoke-uvylj_hf_snapshot/train/images/frame_002212_jpg.rf.53eb4ba2562bc9be285c6ec3503bf3f1.jpg,/Users/mobcoderid-296/Desktop/fire-smoke/fire-smoke-cpu/data/raw/hf_candidates/LibreYOLO_smoke-uvylj_hf_snapshot/train/labels/frame_002212_jpg.rf.53eb4ba2562bc9be285c6ec3503bf3f1.txt,640,640,VALID_SMOKE,train,False,False,True,0,smoke,True,3b09d0c1bebdb579de06cf0f4789b291fc8ef7db53be6e84c70152faf6b5a56f,ffef07060c0c0c00,huggingface_snapshot,pending_review,hf_snapshot_revision_recorded,True,
libreyolo_train_frame_002215_jpg.rf.3a753fca6d026e86d8ff1b69c8e9b003,/Users/mobcoderid-296/Desktop/fire-smoke/fire-smoke-cpu/data/raw/hf_candidates/LibreYOLO_smoke-uvylj_hf_snapshot/train/images/frame_002215_jpg.rf.3a753fca6d026e86d8ff1b69c8e9b003.jpg,/Users/mobcoderid-296/Desktop/fire-smoke/fire-smoke-cpu/data/raw/hf_candidates/LibreYOLO_smoke-uvylj_hf_snapshot/train/labels/frame_002215_jpg.rf.3a753fca6d026e86d8ff1b69c8e9b003.txt,640,640,VALID_SMOKE,train,False,False,True,0,smoke,True,c6bbd689e45d11efa1080edfa43bb468dd70b5b7cfb7ec7e2e4d61dbddaf7665,ffef07060c0c0c00,huggingface_snapshot,pending_review,hf_snapshot_revision_recorded,True,
libreyolo_train_frame_002217_jpg.rf.3b1a924177e8484a682918c69f83bd3b,/Users/mobcoderid-296/Desktop/fire-smoke/fire-smoke-cpu/data/raw/hf_candidates/LibreYOLO_smoke-uvylj_hf_snapshot/train/images/frame_002217_jpg.rf.3b1a924177e8484a682918c69f83bd3b.jpg,/Users/mobcoderid-296/Desktop/fire-smoke/fire-smoke-cpu/data/raw/hf_candidates/LibreYOLO_smoke-uvylj_hf_snapshot/train/labels/frame_002217_jpg.rf.3b1a924177e8484a682918c69f83bd3b.txt,640,640,VALID_SMOKE,train,False,False,True,0,smoke,True,95fcbf14887fbbc87087136117bc95ca381c52397560bd7181838a470e96f6d1,ffef07060c0c0c00,huggingface_snapshot,pending_review,hf_snapshot_revision_recorded,True,
libreyolo_train_frame_002218_jpg.rf.591c5bf15fb8ccf35fa38e8ea985a075,/Users/mobcoderid-296/Desktop/fire-smoke/fire-smoke-cpu/data/raw/hf_candidates/LibreYOLO_smoke-uvylj_hf_snapshot/train/images/frame_002218_jpg.rf.591c5bf15fb8ccf35fa38e8ea985a075.jpg,/Users/mobcoderid-296/Desktop/fire-smoke/fire-smoke-cpu/data/raw/hf_candidates/LibreYOLO_smoke-uvylj_hf_snapshot/train/labels/frame_002218_jpg.rf.591c5bf15fb8ccf35fa38e8ea985a075.txt,640,640,VALID_SMOKE,train,False,False,True,0,smoke,True,964992d32a2380cf6787b33ad3fbb7fc742b6fe7475de81945be871abf04dc14,ffef07060c0c0c00,huggingface_snapshot,pending_review,hf_snapshot_revision_recorded,True,
libreyolo_train_frame_002222_jpg.rf.fd098382ca5952ebd1344935a4b1d4ae,/Users/mobcoderid-296/Desktop/fire-smoke/fire-smoke-cpu/data/raw/hf_candidates/LibreYOLO_smoke-uvylj_hf_snapshot/train/images/frame_002222_jpg.rf.fd098382ca5952ebd1344935a4b1d4ae.jpg,/Users/mobcoderid-296/Desktop/fire-smoke/fire-smoke-cpu/data/raw/hf_candidates/LibreYOLO_smoke-uvylj_hf_snapshot/train/labels/frame_002222_jpg.rf.fd098382ca5952ebd1344935a4b1d4ae.txt,640,640,VALID_SMOKE,train,False,False,True,0,smoke,True,52a73b3b6ece146fd2de3789749f22cfaa9693c36cdb56150d1f1eff65226645,ffef07060c0c0c00,huggingface_snapshot,pending_review,hf_snapshot_revision_recorded,True,
libreyolo_train_frame_002223_jpg.rf.0b1e524841954c71280175859e8336e4,/Users/mobcoderid-296/Desktop/fire-smoke/fire-smoke-cpu/data/raw/hf_candidates/LibreYOLO_smoke-uvylj_hf_snapshot/train/images/frame_002223_jpg.rf.0b1e524841954c71280175859e8336e4.jpg,/Users/mobcoderid-296/Desktop/fire-smoke/fire-smoke-cpu/data/raw/hf_candidates/LibreYOLO_smoke-uvylj_hf_snapshot/train/labels/frame_002223_jpg.rf.0b1e524841954c71280175859e8336e4.txt,640,640,VALID_SMOKE,train,False,False,True,0,smoke,True,659632fd7d940e00d2278519008689d048d29bcf98da9c7014bac9724c77d7aa,ffef07060c0c0c00,huggingface_snapshot,pending_review,hf_snapshot_revision_recorded,True,
libreyolo_train_frame_002226_jpg.rf.6f29df8f19d23af6dfdc72ab2391f39e,/Users/mobcoderid-296/Desktop/fire-smoke/fire-smoke-cpu/data/raw/hf_candidates/LibreYOLO_smoke-uvylj_hf_snapshot/train/images/frame_002226_jpg.rf.6f29df8f19d23af6dfdc72ab2391f39e.jpg,/Users/mobcoderid-296/Desktop/fire-smoke/fire-smoke-cpu/data/raw/hf_candidates/LibreYOLO_smoke-uvylj_hf_snapshot/train/labels/frame_002226_jpg.rf.6f29df8f19d23af6dfdc72ab2391f39e.txt,640,640,VALID_SMOKE,train,False,False,True,0,smoke,True,8ca5f0e1d085f2fc912ac4a39387e5550c4b0a1aebcd06481e1b1df2dfd3640e,ffef07060c0c0c00,huggingface_snapshot,pending_review,hf_snapshot_revision_recorded,True,
libreyolo_train_frame_002227_jpg.rf.46cf8a8a09cf80868c24734f0d1a917e,/Users/mobcoderid-296/Desktop/fire-smoke/fire-smoke-cpu/data/raw/hf_candidates/LibreYOLO_smoke-uvylj_hf_snapshot/train/images/frame_002227_jpg.rf.46cf8a8a09cf80868c24734f0d1a917e.jpg,/Users/mobcoderid-296/Desktop/fire-smoke/fire-smoke-cpu/data/raw/hf_candidates/LibreYOLO_smoke-uvylj_hf_snapshot/train/labels/frame_002227_jpg.rf.46cf8a8a09cf80868c24734f0d1a917e.txt,640,640,VALID_SMOKE,train,False,False,True,0,smoke,True,886a0c63d1535e736dff3fcdb18ce8be1bf75252f22d9a258452a1aef4f5a3c7,ffef07060c0c0c00,huggingface_snapshot,pending_review,hf_snapshot_revision_recorded,True,
libreyolo_train_frame_002228_jpg.rf.271be2a1a890a60f9fcb27b983f3b19b,/Users/mobcoderid-296/Desktop/fire-smoke/fire-smoke-cpu/data/raw/hf_candidates/LibreYOLO_smoke-uvylj_hf_snapshot/train/images/frame_002228_jpg.rf.271be2a1a890a60f9fcb27b983f3b19b.jpg,/Users/mobcoderid-296/Desktop/fire-smoke/fire-smoke-cpu/data/raw/hf_candidates/LibreYOLO_smoke-uvylj_hf_snapshot/train/labels/frame_002228_jpg.rf.271be2a1a890a60f9fcb27b983f3b19b.txt,640,640,VALID_SMOKE,train,False,False,True,0,smoke,True,3044e90054e932b59ca5dd068098c1258921daf9186c225827bd8f7b481e214f,ffef07060c0c0c00,huggingface_snapshot,pending_review,hf_snapshot_revision_recorded,True,
libreyolo_train_frame_002230_jpg.rf.00aac39321a9ab955534f4d0c2748c30,/Users/mobcoderid-296/Desktop/fire-smoke/fire-smoke-cpu/data/raw/hf_candidates/LibreYOLO_smoke-uvylj_hf_snapshot/train/images/frame_002230_jpg.rf.00aac39321a9ab955534f4d0c2748c30.jpg,/Users/mobcoderid-296/Desktop/fire-smoke/fire-smoke-cpu/data/raw/hf_candidates/LibreYOLO_smoke-uvylj_hf_snapshot/train/labels/frame_002230_jpg.rf.00aac39321a9ab955534f4d0c2748c30.txt,640,640,VALID_SMOKE,train,False,False,True,0,smoke,True,6390a73da5262e5cd7388acb9212fa16e555a39705adf5c510b009c93c86c29f,ffef07060c0c0c00,huggingface_snapshot,pending_review,hf_snapshot_revision_recorded,True,
libreyolo_train_frame_002232_jpg.rf.d3918814104f014bcffb38d1533d0381,/Users/mobcoderid-296/Desktop/fire-smoke/fire-smoke-cpu/data/raw/hf_candidates/LibreYOLO_smoke-uvylj_hf_snapshot/train/images/frame_002232_jpg.rf.d3918814104f014bcffb38d1533d0381.jpg,/Users/mobcoderid-296/Desktop/fire-smoke/fire-smoke-cpu/data/raw/hf_candidates/LibreYOLO_smoke-uvylj_hf_snapshot/train/labels/frame_002232_jpg.rf.d3918814104f014bcffb38d1533d0381.txt,640,640,VALID_SMOKE,train,False,False,True,0,smoke,True,5e6477e578f986352ff3a25188f4df4e54167c494629eac0dab04a6a46a08214,ffef07060c0c0c00,huggingface_snapshot,pending_review,hf_snapshot_revision_recorded,True,
libreyolo_train_frame_002233_jpg.rf.fbd4bafe505cebe9bb6083323074f129,/Users/mobcoderid-296/Desktop/fire-smoke/fire-smoke-cpu/data/raw/hf_candidates/LibreYOLO_smoke-uvylj_hf_snapshot/train/images/frame_002233_jpg.rf.fbd4bafe505cebe9bb6083323074f129.jpg,/Users/mobcoderid-296/Desktop/fire-smoke/fire-smoke-cpu/data/raw/hf_candidates/LibreYOLO_smoke-uvylj_hf_snapshot/train/labels/frame_002233_jpg.rf.fbd4bafe505cebe9bb6083323074f129.txt,640,640,VALID_SMOKE,train,False,False,True,0,smoke,True,37bdf818629d30ff8182a0298b885263c63d734c2abd21285d09adeaa7afc985,ffef07060c0c0c00,huggingface_snapshot,pending_review,hf_snapshot_revision_recorded,True,
libreyolo_train_frame_002235_jpg.rf.945953b142c9e7a03f83a2660a2a66df,/Users/mobcoderid-296/Desktop/fire-smoke/fire-smoke-cpu/data/raw/hf_candidates/LibreYOLO_smoke-uvylj_hf_snapshot/train/images/frame_002235_jpg.rf.945953b142c9e7a03f83a2660a2a66df.jpg,/Users/mobcoderid-296/Desktop/fire-smoke/fire-smoke-cpu/data/raw/hf_candidates/LibreYOLO_smoke-uvylj_hf_snapshot/train/labels/frame_002235_jpg.rf.945953b142c9e7a03f83a2660a2a66df.txt,640,640,VALID_SMOKE,train,False,False,True,0,smoke,True,e4ebdf367adfe0ccfc940e814c03037df6cd2a6c3264d092d0aba800184ba446,ffef07060c0c0c00,huggingface_snapshot,pending_review,hf_snapshot_revision_recorded,True,
libreyolo_train_frame_002236_jpg.rf.487e09dfebfaf845cf3b51bdff6a383d,/Users/mobcoderid-296/Desktop/fire-smoke/fire-smoke-cpu/data/raw/hf_candidates/LibreYOLO_smoke-uvylj_hf_snapshot/train/images/frame_002236_jpg.rf.487e09dfebfaf845cf3b51bdff6a383d.jpg,/Users/mobcoderid-296/Desktop/fire-smoke/fire-smoke-cpu/data/raw/hf_candidates/LibreYOLO_smoke-uvylj_hf_snapshot/train/labels/frame_002236_jpg.rf.487e09dfebfaf845cf3b51bdff6a383d.txt,640,640,VALID_SMOKE,train,False,False,True,0,smoke,True,b6023ffedd728d1babeafa40f85c08a87f53d3f9fde9484290e9b0abf3e25233,ffef07060c0c0c00,huggingface_snapshot,pending_review,hf_snapshot_revision_recorded,True,
libreyolo_train_frame_002237_jpg.rf.e66104b5f9a63923e0ad177492da3d63,/Users/mobcoderid-296/Desktop/fire-smoke/fire-smoke-cpu/data/raw/hf_candidates/LibreYOLO_smoke-uvylj_hf_snapshot/train/images/frame_002237_jpg.rf.e66104b5f9a63923e0ad177492da3d63.jpg,/Users/mobcoderid-296/Desktop/fire-smoke/fire-smoke-cpu/data/raw/hf_candidates/LibreYOLO_smoke-uvylj_hf_snapshot/train/labels/frame_002237_jpg.rf.e66104b5f9a63923e0ad177492da3d63.txt,640,640,VALID_SMOKE,train,False,False,True,0,smoke,True,0cd9873048b7e085ca1429a6ede1b01116424cd061319824f2fe7647ebc8e3e2,ffef07060c0c0c00,huggingface_snapshot,pending_review,hf_snapshot_revision_recorded,True,
libreyolo_train_frame_002238_jpg.rf.ae8c35cb816ffde5402f65f015cd9c32,/Users/mobcoderid-296/Desktop/fire-smoke/fire-smoke-cpu/data/raw/hf_candidates/LibreYOLO_smoke-uvylj_hf_snapshot/train/images/frame_002238_jpg.rf.ae8c35cb816ffde5402f65f015cd9c32.jpg,/Users/mobcoderid-296/Desktop/fire-smoke/fire-smoke-cpu/data/raw/hf_candidates/LibreYOLO_smoke-uvylj_hf_snapshot/train/labels/frame_002238_jpg.rf.ae8c35cb816ffde5402f65f015cd9c32.txt,640,640,VALID_SMOKE,train,False,False,True,0,smoke,True,dfa4edc904e77a3c926e7297189522ec603bda1d2a08c1e2a168cd69f844067f,ffef06060c0c0c00,huggingface_snapshot,pending_review,hf_snapshot_revision_recorded,True,
libreyolo_train_frame_002239_jpg.rf.d2bf46d78f5ba7d1ae5d7a6b598b086b,/Users/mobcoderid-296/Desktop/fire-smoke/fire-smoke-cpu/data/raw/hf_candidates/LibreYOLO_smoke-uvylj_hf_snapshot/train/images/frame_002239_jpg.rf.d2bf46d78f5ba7d1ae5d7a6b598b086b.jpg,/Users/mobcoderid-296/Desktop/fire-smoke/fire-smoke-cpu/data/raw/hf_candidates/LibreYOLO_smoke-uvylj_hf_snapshot/train/labels/frame_002239_jpg.rf.d2bf46d78f5ba7d1ae5d7a6b598b086b.txt,640,640,VALID_SMOKE,train,False,False,True,0,smoke,True,852d98e0d7ee0ec3c922984e39278be7a827a94d0088f66077655bc9b58787c0,ffef06060c0c0c00,huggingface_snapshot,pending_review,hf_snapshot_revision_recorded,True,
libreyolo_train_frame_002241_jpg.rf.164a22c81ded24a1486d13f38c3ad374,/Users/mobcoderid-296/Desktop/fire-smoke/fire-smoke-cpu/data/raw/hf_candidates/LibreYOLO_smoke-uvylj_hf_snapshot/train/images/frame_002241_jpg.rf.164a22c81ded24a1486d13f38c3ad374.jpg,/Users/mobcoderid-296/Desktop/fire-smoke/fire-smoke-cpu/data/raw/hf_candidates/LibreYOLO_smoke-uvylj_hf_snapshot/train/labels/frame_002241_jpg.rf.164a22c81ded24a1486d13f38c3ad374.txt,640,640,VALID_SMOKE,train,False,False,True,0,smoke,True,1e0ac6a99d5adc8427ec6de7973b4f1c31bfb0691dfdd3fcfe61816d8bef7e47,ffef06060c0c0c00,huggingface_snapshot,pending_review,hf_snapshot_revision_recorded,True,
libreyolo_train_frame_002242_jpg.rf.55806a060b1bcc9e071959bdd8f4b5ae,/Users/mobcoderid-296/Desktop/fire-smoke/fire-smoke-cpu/data/raw/hf_candidates/LibreYOLO_smoke-uvylj_hf_snapshot/train/images/frame_002242_jpg.rf.55806a060b1bcc9e071959bdd8f4b5ae.jpg,/Users/mobcoderid-296/Desktop/fire-smoke/fire-smoke-cpu/data/raw/hf_candidates/LibreYOLO_smoke-uvylj_hf_snapshot/train/labels/frame_002242_jpg.rf.55806a060b1bcc9e071959bdd8f4b5ae.txt,640,640,VALID_SMOKE,train,False,False,True,0,smoke,True,fd7954b8ef124cf2998c27669713fe3bdd7daf3b07d219066d435e73859d766e,ffef06060c0c0c00,huggingface_snapshot,pending_review,hf_snapshot_revision_recorded,True,
libreyolo_train_frame_002243_jpg.rf.d08ce49ff6594699437504c4633d230d,/Users/mobcoderid-296/Desktop/fire-smoke/fire-smoke-cpu/data/raw/hf_candidates/LibreYOLO_smoke-uvylj_hf_snapshot/train/images/frame_002243_jpg.rf.d08ce49ff6594699437504c4633d230d.jpg,/Users/mobcoderid-296/Desktop/fire-smoke/fire-smoke-cpu/data/raw/hf_candidates/LibreYOLO_smoke-uvylj_hf_snapshot/train/labels/frame_002243_jpg.rf.d08ce49ff6594699437504c4633d230d.txt,640,640,VALID_SMOKE,train,False,False,True,0,smoke,True,60cb8fec68156fb11225eeb0a12e638cb0c929e69d632a35c3a1452dea9aae1e,ffef06060c0c0c00,huggingface_snapshot,pending_review,hf_snapshot_revision_recorded,True,
libreyolo_train_frame_002244_jpg.rf.4ba6dd3ec97c3648ccd38d2e22c7aa47,/Users/mobcoderid-296/Desktop/fire-smoke/fire-smoke-cpu/data/raw/hf_candidates/LibreYOLO_smoke-uvylj_hf_snapshot/train/images/frame_002244_jpg.rf.4ba6dd3ec97c3648ccd38d2e22c7aa47.jpg,/Users/mobcoderid-296/Desktop/fire-smoke/fire-smoke-cpu/data/raw/hf_candidates/LibreYOLO_smoke-uvylj_hf_snapshot/train/labels/frame_002244_jpg.rf.4ba6dd3ec97c3648ccd38d2e22c7aa47.txt,640,640,VALID_SMOKE,train,False,False,True,0,smoke,True,58d57efdec0627bcdb3800c7746f444c43833a43cdcb802cdc64f9afef70e90e,ffef06060c0c0c00,huggingface_snapshot,pending_review,hf_snapshot_revision_recorded,True,
libreyolo_train_frame_002246_jpg.rf.20bc053db623117cdb5484ac4385a85d,/Users/mobcoderid-296/Desktop/fire-smoke/fire-smoke-cpu/data/raw/hf_candidates/LibreYOLO_smoke-uvylj_hf_snapshot/train/images/frame_002246_jpg.rf.20bc053db623117cdb5484ac4385a85d.jpg,/Users/mobcoderid-296/Desktop/fire-smoke/fire-smoke-cpu/data/raw/hf_candidates/LibreYOLO_smoke-uvylj_hf_snapshot/train/labels/frame_002246_jpg.rf.20bc053db623117cdb5484ac4385a85d.txt,640,640,VALID_SMOKE,train,False,False,True,0,smoke,True,5d1e901a4680eb8960069c3b08c5bd6db98538dc0d7db29ac675993895835143,ffef06060c0c0c00,huggingface_snapshot,pending_review,hf_snapshot_revision_recorded,True,
libreyolo_train_frame_002247_jpg.rf.0c9b959864bae312e50ca0fe6d1ac1e9,/Users/mobcoderid-296/Desktop/fire-smoke/fire-smoke-cpu/data/raw/hf_candidates/LibreYOLO_smoke-uvylj_hf_snapshot/train/images/frame_002247_jpg.rf.0c9b959864bae312e50ca0fe6d1ac1e9.jpg,/Users/mobcoderid-296/Desktop/fire-smoke/fire-smoke-cpu/data/raw/hf_candidates/LibreYOLO_smoke-uvylj_hf_snapshot/train/labels/frame_002247_jpg.rf.0c9b959864bae312e50ca0fe6d1ac1e9.txt,640,640,VALID_SMOKE,train,False,False,True,0,smoke,True,465b1d57869b417b8df2a8d841fea593839f7918001ac93b904b4d93a69d4329,ffef06060c0c0c00,huggingface_snapshot,pending_review,hf_snapshot_revision_recorded,True,
libreyolo_train_frame_002248_jpg.rf.e9aeba4270dc33d89244454f2258bd3f,/Users/mobcoderid-296/Desktop/fire-smoke/fire-smoke-cpu/data/raw/hf_candidates/LibreYOLO_smoke-uvylj_hf_snapshot/train/images/frame_002248_jpg.rf.e9aeba4270dc33d89244454f2258bd3f.jpg,/Users/mobcoderid-296/Desktop/fire-smoke/fire-smoke-cpu/data/raw/hf_candidates/LibreYOLO_smoke-uvylj_hf_snapshot/train/labels/frame_002248_jpg.rf.e9aeba4270dc33d89244454f2258bd3f.txt,640,640,VALID_SMOKE,train,False,False,True,0,smoke,True,cdeb4c43ba5d865d1ce6c1f07d7d2e9740d69b19a94674bca1ea373ce3d39df0,ffef06060c0c0c00,huggingface_snapshot,pending_review,hf_snapshot_revision_recorded,True,
libreyolo_train_frame_002251_jpg.rf.a15c91d76b450265411bd3dacd03e487,/Users/mobcoderid-296/Desktop/fire-smoke/fire-smoke-cpu/data/raw/hf_candidates/LibreYOLO_smoke-uvylj_hf_snapshot/train/images/frame_002251_jpg.rf.a15c91d76b450265411bd3dacd03e487.jpg,/Users/mobcoderid-296/Desktop/fire-smoke/fire-smoke-cpu/data/raw/hf_candidates/LibreYOLO_smoke-uvylj_hf_snapshot/train/labels/frame_002251_jpg.rf.a15c91d76b450265411bd3dacd03e487.txt,640,640,VALID_SMOKE,train,False,False,True,0,smoke,True,4080a941c30fec0a1ae5d947e1c6bfb0eaf87c959bc84f1539864d2e6966ef82,ffef0e0e0c1c0c00,huggingface_snapshot,pending_review,hf_snapshot_revision_recorded,True,
libreyolo_train_frame_002252_jpg.rf.17d9c3c9c316c34c0307f77040824e9c,/Users/mobcoderid-296/Desktop/fire-smoke/fire-smoke-cpu/data/raw/hf_candidates/LibreYOLO_smoke-uvylj_hf_snapshot/train/images/frame_002252_jpg.rf.17d9c3c9c316c34c0307f77040824e9c.jpg,/Users/mobcoderid-296/Desktop/fire-smoke/fire-smoke-cpu/data/raw/hf_candidates/LibreYOLO_smoke-uvylj_hf_snapshot/train/labels/frame_002252_jpg.rf.17d9c3c9c316c34c0307f77040824e9c.txt,640,640,VALID_SMOKE,train,False,False,True,0,smoke,True,9ed222ebb03b186dc63a7a62067e75c5fb3867b01653a503e29012731f651579,ffef0e0e0c1c0c00,huggingface_snapshot,pending_review,hf_snapshot_revision_recorded,True,
libreyolo_train_frame_002257_jpg.rf.11b8e12d6c58b962cb29391331fbc61a,/Users/mobcoderid-296/Desktop/fire-smoke/fire-smoke-cpu/data/raw/hf_candidates/LibreYOLO_smoke-uvylj_hf_snapshot/train/images/frame_002257_jpg.rf.11b8e12d6c58b962cb29391331fbc61a.jpg,/Users/mobcoderid-296/Desktop/fire-smoke/fire-smoke-cpu/data/raw/hf_candidates/LibreYOLO_smoke-uvylj_hf_snapshot/train/labels/frame_002257_jpg.rf.11b8e12d6c58b962cb29391331fbc61a.txt,640,640,VALID_SMOKE,train,False,False,True,0,smoke,True,f67d507d3ff55b6da538590286bfb7ae18144756d23a65a59eec699deb1745f0,ffef0e0e0c1c1c00,huggingface_snapshot,pending_review,hf_snapshot_revision_recorded,True,
libreyolo_train_frame_002260_jpg.rf.cc44df057e92fa827c793a57b3efc142,/Users/mobcoderid-296/Desktop/fire-smoke/fire-smoke-cpu/data/raw/hf_candidates/LibreYOLO_smoke-uvylj_hf_snapshot/train/images/frame_002260_jpg.rf.cc44df057e92fa827c793a57b3efc142.jpg,/Users/mobcoderid-296/Desktop/fire-smoke/fire-smoke-cpu/data/raw/hf_candidates/LibreYOLO_smoke-uvylj_hf_snapshot/train/labels/frame_002260_jpg.rf.cc44df057e92fa827c793a57b3efc142.txt,640,640,VALID_SMOKE,train,False,False,True,0,smoke,True,916faf14595d624f08955053537be630979fa05c7b7499941b25156e6a78cec9,ffee0e0e0c1c1c00,huggingface_snapshot,pending_review,hf_snapshot_revision_recorded,True,
libreyolo_train_frame_002261_jpg.rf.b1474d2e62cf79e2a9fd760b0b452368,/Users/mobcoderid-296/Desktop/fire-smoke/fire-smoke-cpu/data/raw/hf_candidates/LibreYOLO_smoke-uvylj_hf_snapshot/train/images/frame_002261_jpg.rf.b1474d2e62cf79e2a9fd760b0b452368.jpg,/Users/mobcoderid-296/Desktop/fire-smoke/fire-smoke-cpu/data/raw/hf_candidates/LibreYOLO_smoke-uvylj_hf_snapshot/train/labels/frame_002261_jpg.rf.b1474d2e62cf79e2a9fd760b0b452368.txt,640,640,VALID_SMOKE,train,False,False,True,0,smoke,True,fa4e66dd884a04fa6fefd01afcd231b0a1061b7b9e0b3a0665363109ab62ced4,ffee0e0e0c1c1c00,huggingface_snapshot,pending_review,hf_snapshot_revision_recorded,True,
libreyolo_train_frame_002263_jpg.rf.02919245cbfdaefead4f39e8185985de,/Users/mobcoderid-296/Desktop/fire-smoke/fire-smoke-cpu/data/raw/hf_candidates/LibreYOLO_smoke-uvylj_hf_snapshot/train/images/frame_002263_jpg.rf.02919245cbfdaefead4f39e8185985de.jpg,/Users/mobcoderid-296/Desktop/fire-smoke/fire-smoke-cpu/data/raw/hf_candidates/LibreYOLO_smoke-uvylj_hf_snapshot/train/labels/frame_002263_jpg.rf.02919245cbfdaefead4f39e8185985de.txt,640,640,VALID_SMOKE,train,False,False,True,0,smoke,True,16902aee66f900f69c596f7d3574262ddc5982ebac7a49ced06a3c8dce05fab9,ffee0e0e0c1c1c00,huggingface_snapshot,pending_review,hf_snapshot_revision_recorded,True,
libreyolo_train_frame_002264_jpg.rf.40f857e9a7ea7e5edc2104cc6ec8edf7,/Users/mobcoderid-296/Desktop/fire-smoke/fire-smoke-cpu/data/raw/hf_candidates/LibreYOLO_smoke-uvylj_hf_snapshot/train/images/frame_002264_jpg.rf.40f857e9a7ea7e5edc2104cc6ec8edf7.jpg,/Users/mobcoderid-296/Desktop/fire-smoke/fire-smoke-cpu/data/raw/hf_candidates/LibreYOLO_smoke-uvylj_hf_snapshot/train/labels/frame_002264_jpg.rf.40f857e9a7ea7e5edc2104cc6ec8edf7.txt,640,640,VALID_SMOKE,train,False,False,True,0,smoke,True,7847b3a0dc07b77f0d15073489a898da86b46edd344819420eb487a31ec078ae,ffee0e0e0c1c1c00,huggingface_snapshot,pending_review,hf_snapshot_revision_recorded,True,
libreyolo_train_frame_002265_jpg.rf.04bb033654bf8877751dd5b71fdd4802,/Users/mobcoderid-296/Desktop/fire-smoke/fire-smoke-cpu/data/raw/hf_candidates/LibreYOLO_smoke-uvylj_hf_snapshot/train/images/frame_002265_jpg.rf.04bb033654bf8877751dd5b71fdd4802.jpg,/Users/mobcoderid-296/Desktop/fire-smoke/fire-smoke-cpu/data/raw/hf_candidates/LibreYOLO_smoke-uvylj_hf_snapshot/train/labels/frame_002265_jpg.rf.04bb033654bf8877751dd5b71fdd4802.txt,640,640,VALID_SMOKE,train,False,False,True,0,smoke,True,5443c588a03ca477105e85b07af8c6f7f41361a9b3fbbffa64b376280bbccdea,ffee0e0e0c1c1c00,huggingface_snapshot,pending_review,hf_snapshot_revision_recorded,True,
libreyolo_train_frame_002267_jpg.rf.674ea6040bded8625588bb5e90dfe2de,/Users/mobcoderid-296/Desktop/fire-smoke/fire-smoke-cpu/data/raw/hf_candidates/LibreYOLO_smoke-uvylj_hf_snapshot/train/images/frame_002267_jpg.rf.674ea6040bded8625588bb5e90dfe2de.jpg,/Users/mobcoderid-296/Desktop/fire-smoke/fire-smoke-cpu/data/raw/hf_candidates/LibreYOLO_smoke-uvylj_hf_snapshot/train/labels/frame_002267_jpg.rf.674ea6040bded8625588bb5e90dfe2de.txt,640,640,VALID_SMOKE,train,False,False,True,0,smoke,True,a9b17a4ee4b27fc3ef04c237a2f2394a80a125ee37bd6221dc83be357eee16c1,ffee0e0e0c1c1c00,huggingface_snapshot,pending_review,hf_snapshot_revision_recorded,True,
libreyolo_train_frame_002269_jpg.rf.fccadc067c06bd38cddee7db030344f9,/Users/mobcoderid-296/Desktop/fire-smoke/fire-smoke-cpu/data/raw/hf_candidates/LibreYOLO_smoke-uvylj_hf_snapshot/train/images/frame_002269_jpg.rf.fccadc067c06bd38cddee7db030344f9.jpg,/Users/mobcoderid-296/Desktop/fire-smoke/fire-smoke-cpu/data/raw/hf_candidates/LibreYOLO_smoke-uvylj_hf_snapshot/train/labels/frame_002269_jpg.rf.fccadc067c06bd38cddee7db030344f9.txt,640,640,VALID_SMOKE,train,False,False,True,0,smoke,True,b13e0db329b479e0b3f4b363d3eea838e7d86455f51a59125203fd91ac29dc90,ffee0e0e0c1c1c00,huggingface_snapshot,pending_review,hf_snapshot_revision_recorded,True,
libreyolo_train_frame_002270_jpg.rf.24713aa12d7bf514ae6e1599d8eefdae,/Users/mobcoderid-296/Desktop/fire-smoke/fire-smoke-cpu/data/raw/hf_candidates/LibreYOLO_smoke-uvylj_hf_snapshot/train/images/frame_002270_jpg.rf.24713aa12d7bf514ae6e1599d8eefdae.jpg,/Users/mobcoderid-296/Desktop/fire-smoke/fire-smoke-cpu/data/raw/hf_candidates/LibreYOLO_smoke-uvylj_hf_snapshot/train/labels/frame_002270_jpg.rf.24713aa12d7bf514ae6e1599d8eefdae.txt,640,640,VALID_SMOKE,train,False,False,True,0,smoke,True,109a02bcdef63f14557cee151e57ac093ae2017300be7c7f0a97db8d53c27715,ffee0e0e0c1c1c00,huggingface_snapshot,pending_review,hf_snapshot_revision_recorded,True,
libreyolo_train_frame_002271_jpg.rf.4932e9087695e6f6dcae140026632923,/Users/mobcoderid-296/Desktop/fire-smoke/fire-smoke-cpu/data/raw/hf_candidates/LibreYOLO_smoke-uvylj_hf_snapshot/train/images/frame_002271_jpg.rf.4932e9087695e6f6dcae140026632923.jpg,/Users/mobcoderid-296/Desktop/fire-smoke/fire-smoke-cpu/data/raw/hf_candidates/LibreYOLO_smoke-uvylj_hf_snapshot/train/labels/frame_002271_jpg.rf.4932e9087695e6f6dcae140026632923.txt,640,640,VALID_SMOKE,train,False,False,True,0,smoke,True,ebc7660e003da0cdd84b9e529e08879f3d35585234620c44aaeb472bd6aeb9c0,ffee0e0e0c1c1c00,huggingface_snapshot,pending_review,hf_snapshot_revision_recorded,True,
libreyolo_train_frame_002273_jpg.rf.b36511fa17ba46e8d9dd5b8b2f581469,/Users/mobcoderid-296/Desktop/fire-smoke/fire-smoke-cpu/data/raw/hf_candidates/LibreYOLO_smoke-uvylj_hf_snapshot/train/images/frame_002273_jpg.rf.b36511fa17ba46e8d9dd5b8b2f581469.jpg,/Users/mobcoderid-296/Desktop/fire-smoke/fire-smoke-cpu/data/raw/hf_candidates/LibreYOLO_smoke-uvylj_hf_snapshot/train/labels/frame_002273_jpg.rf.b36511fa17ba46e8d9dd5b8b2f581469.txt,640,640,VALID_SMOKE,train,False,False,True,0,smoke,True,3a641ea4868a17eded12c92b1fa666c82a79a03a465f7985438792aecc5a296d,ffef0e0c0c1c1c00,huggingface_snapshot,pending_review,hf_snapshot_revision_recorded,True,
libreyolo_train_frame_002274_jpg.rf.7d4481b8bb72ae5153d2c4d4d09742b7,/Users/mobcoderid-296/Desktop/fire-smoke/fire-smoke-cpu/data/raw/hf_candidates/LibreYOLO_smoke-uvylj_hf_snapshot/train/images/frame_002274_jpg.rf.7d4481b8bb72ae5153d2c4d4d09742b7.jpg,/Users/mobcoderid-296/Desktop/fire-smoke/fire-smoke-cpu/data/raw/hf_candidates/LibreYOLO_smoke-uvylj_hf_snapshot/train/labels/frame_002274_jpg.rf.7d4481b8bb72ae5153d2c4d4d09742b7.txt,640,640,VALID_SMOKE,train,False,False,True,0,smoke,True,7a01d61c1b3eb672dfda4e483109873c2461638e58874f1f492a56d6f04dcc99,ffef0e0c0c1c1c00,huggingface_snapshot,pending_review,hf_snapshot_revision_recorded,True,
libreyolo_train_frame_002275_jpg.rf.07bacebc3969b26ed80d5adc1f379c82,/Users/mobcoderid-296/Desktop/fire-smoke/fire-smoke-cpu/data/raw/hf_candidates/LibreYOLO_smoke-uvylj_hf_snapshot/train/images/frame_002275_jpg.rf.07bacebc3969b26ed80d5adc1f379c82.jpg,/Users/mobcoderid-296/Desktop/fire-smoke/fire-smoke-cpu/data/raw/hf_candidates/LibreYOLO_smoke-uvylj_hf_snapshot/train/labels/frame_002275_jpg.rf.07bacebc3969b26ed80d5adc1f379c82.txt,640,640,VALID_SMOKE,train,False,False,True,0,smoke,True,3d9a430b1d79cf9affd52c539f85bfdee8c70c9109100b62af8601339bb5b0f6,ffef0e0c0c1c1c00,huggingface_snapshot,pending_review,hf_snapshot_revision_recorded,True,
libreyolo_train_frame_002276_jpg.rf.a1fa2aa82e33e74b429b5b1872cf475c,/Users/mobcoderid-296/Desktop/fire-smoke/fire-smoke-cpu/data/raw/hf_candidates/LibreYOLO_smoke-uvylj_hf_snapshot/train/images/frame_002276_jpg.rf.a1fa2aa82e33e74b429b5b1872cf475c.jpg,/Users/mobcoderid-296/Desktop/fire-smoke/fire-smoke-cpu/data/raw/hf_candidates/LibreYOLO_smoke-uvylj_hf_snapshot/train/labels/frame_002276_jpg.rf.a1fa2aa82e33e74b429b5b1872cf475c.txt,640,640,VALID_SMOKE,train,False,False,True,0,smoke,True,d668d2315598e2ce141e81393415a8769b045dfe189b685cdf9582ee086eb4ed,ffef0e0c0c1c1c00,huggingface_snapshot,pending_review,hf_snapshot_revision_recorded,True,
libreyolo_train_frame_002277_jpg.rf.34f13f0eaaae81bfc163efc231209285,/Users/mobcoderid-296/Desktop/fire-smoke/fire-smoke-cpu/data/raw/hf_candidates/LibreYOLO_smoke-uvylj_hf_snapshot/train/images/frame_002277_jpg.rf.34f13f0eaaae81bfc163efc231209285.jpg,/Users/mobcoderid-296/Desktop/fire-smoke/fire-smoke-cpu/data/raw/hf_candidates/LibreYOLO_smoke-uvylj_hf_snapshot/train/labels/frame_002277_jpg.rf.34f13f0eaaae81bfc163efc231209285.txt,640,640,VALID_SMOKE,train,False,False,True,0,smoke,True,499e0105eae6e3538dc723c6a717663afcc98360aa45a1725b322b1682d65f87,ffef0f0c0c1c1c00,huggingface_snapshot,pending_review,hf_snapshot_revision_recorded,True,
libreyolo_train_frame_002279_jpg.rf.e9605301668ca9c1ba3c27ed2fec3b29,/Users/mobcoderid-296/Desktop/fire-smoke/fire-smoke-cpu/data/raw/hf_candidates/LibreYOLO_smoke-uvylj_hf_snapshot/train/images/frame_002279_jpg.rf.e9605301668ca9c1ba3c27ed2fec3b29.jpg,/Users/mobcoderid-296/Desktop/fire-smoke/fire-smoke-cpu/data/raw/hf_candidates/LibreYOLO_smoke-uvylj_hf_snapshot/train/labels/frame_002279_jpg.rf.e9605301668ca9c1ba3c27ed2fec3b29.txt,640,640,VALID_SMOKE,train,False,False,True,0,smoke,True,ee2bafe5cf7d902a6ffaefbaecb957672c881676974ea6b1fbd974da8a85c30f,ffef0f0c0c1c1c00,huggingface_snapshot,pending_review,hf_snapshot_revision_recorded,True,
libreyolo_train_frame_002280_jpg.rf.72828ed8de3542011476b0884b3a8998,/Users/mobcoderid-296/Desktop/fire-smoke/fire-smoke-cpu/data/raw/hf_candidates/LibreYOLO_smoke-uvylj_hf_snapshot/train/images/frame_002280_jpg.rf.72828ed8de3542011476b0884b3a8998.jpg,/Users/mobcoderid-296/Desktop/fire-smoke/fire-smoke-cpu/data/raw/hf_candidates/LibreYOLO_smoke-uvylj_hf_snapshot/train/labels/frame_002280_jpg.rf.72828ed8de3542011476b0884b3a8998.txt,640,640,VALID_SMOKE,train,False,False,True,0,smoke,True,5a925f1285fab161cdb9afd9854e94e7634690fbf3f310421df6258eb5567378,ffef0f0c0c1c1c00,huggingface_snapshot,pending_review,hf_snapshot_revision_recorded,True,
libreyolo_train_frame_002281_jpg.rf.e4e03c764aac4c9a547bae8fbec4897f,/Users/mobcoderid-296/Desktop/fire-smoke/fire-smoke-cpu/data/raw/hf_candidates/LibreYOLO_smoke-uvylj_hf_snapshot/train/images/frame_002281_jpg.rf.e4e03c764aac4c9a547bae8fbec4897f.jpg,/Users/mobcoderid-296/Desktop/fire-smoke/fire-smoke-cpu/data/raw/hf_candidates/LibreYOLO_smoke-uvylj_hf_snapshot/train/labels/frame_002281_jpg.rf.e4e03c764aac4c9a547bae8fbec4897f.txt,640,640,VALID_SMOKE,train,False,False,True,0,smoke,True,2f16ed265b9d8cfddd3b8d84f156208d656b632d38b7e622a2bf377e796e03d4,ffef0f0c0c1c1c00,huggingface_snapshot,pending_review,hf_snapshot_revision_recorded,True,
libreyolo_train_frame_002282_jpg.rf.664270f303119678bbac2416115adf9f,/Users/mobcoderid-296/Desktop/fire-smoke/fire-smoke-cpu/data/raw/hf_candidates/LibreYOLO_smoke-uvylj_hf_snapshot/train/images/frame_002282_jpg.rf.664270f303119678bbac2416115adf9f.jpg,/Users/mobcoderid-296/Desktop/fire-smoke/fire-smoke-cpu/data/raw/hf_candidates/LibreYOLO_smoke-uvylj_hf_snapshot/train/labels/frame_002282_jpg.rf.664270f303119678bbac2416115adf9f.txt,640,640,VALID_SMOKE,train,False,False,True,0,smoke,True,1d49a11ea1cd1c559796c97636f85b2d084cfed1320a94d94947f1a8d2883350,ffef0f0c0c1c1c00,huggingface_snapshot,pending_review,hf_snapshot_revision_recorded,True,
libreyolo_train_frame_002890-1_jpg.rf.24256df69917e83e5da98bff7635240f,/Users/mobcoderid-296/Desktop/fire-smoke/fire-smoke-cpu/data/raw/hf_candidates/LibreYOLO_smoke-uvylj_hf_snapshot/train/images/frame_002890-1_jpg.rf.24256df69917e83e5da98bff7635240f.jpg,/Users/mobcoderid-296/Desktop/fire-smoke/fire-smoke-cpu/data/raw/hf_candidates/LibreYOLO_smoke-uvylj_hf_snapshot/train/labels/frame_002890-1_jpg.rf.24256df69917e83e5da98bff7635240f.txt,640,640,VALID_SMOKE,train,False,False,True,0,smoke,True,9b792e73424ece10c72fdfcc8e09f6a82046250ee7f3cc169636764c94d66f28,0e0e8e8e0fffffff,huggingface_snapshot,pending_review,hf_snapshot_revision_recorded,True,
libreyolo_train_frame_002900-1_jpg.rf.4189f7bcd7d43a64cac4a08335c11a13,/Users/mobcoderid-296/Desktop/fire-smoke/fire-smoke-cpu/data/raw/hf_candidates/LibreYOLO_smoke-uvylj_hf_snapshot/train/images/frame_002900-1_jpg.rf.4189f7bcd7d43a64cac4a08335c11a13.jpg,/Users/mobcoderid-296/Desktop/fire-smoke/fire-smoke-cpu/data/raw/hf_candidates/LibreYOLO_smoke-uvylj_hf_snapshot/train/labels/frame_002900-1_jpg.rf.4189f7bcd7d43a64cac4a08335c11a13.txt,640,640,VALID_SMOKE,train,False,False,True,0,smoke,True,9cfc914d9b79b0361c5bf54dffd5459dcd538a5d17e36d44eb17739a9916ae71,0e0e8e8e0fffffff,huggingface_snapshot,pending_review,hf_snapshot_revision_recorded,True,
libreyolo_train_frame_002910-1_jpg.rf.ce6f17975de7d92150d18d89a26f2e6d,/Users/mobcoderid-296/Desktop/fire-smoke/fire-smoke-cpu/data/raw/hf_candidates/LibreYOLO_smoke-uvylj_hf_snapshot/train/images/frame_002910-1_jpg.rf.ce6f17975de7d92150d18d89a26f2e6d.jpg,/Users/mobcoderid-296/Desktop/fire-smoke/fire-smoke-cpu/data/raw/hf_candidates/LibreYOLO_smoke-uvylj_hf_snapshot/train/labels/frame_002910-1_jpg.rf.ce6f17975de7d92150d18d89a26f2e6d.txt,640,640,VALID_SMOKE,train,False,False,True,0,smoke,True,6ecca6cf4b478bbc5e2584ebabb885cfd08b8b924475c44c5a453bfb307ac03c,0e0e8e0e0fffffff,huggingface_snapshot,pending_review,hf_snapshot_revision_recorded,True,
libreyolo_train_frame_002940-1_jpg.rf.5ea206f7d36fed529e711956261664c4,/Users/mobcoderid-296/Desktop/fire-smoke/fire-smoke-cpu/data/raw/hf_candidates/LibreYOLO_smoke-uvylj_hf_snapshot/train/images/frame_002940-1_jpg.rf.5ea206f7d36fed529e711956261664c4.jpg,/Users/mobcoderid-296/Desktop/fire-smoke/fire-smoke-cpu/data/raw/hf_candidates/LibreYOLO_smoke-uvylj_hf_snapshot/train/labels/frame_002940-1_jpg.rf.5ea206f7d36fed529e711956261664c4.txt,640,640,VALID_SMOKE,train,False,False,True,0,smoke,True,b625c5ccd3ef762d59752771f0b7129ab57bb9df9431c397cf8ead2c7651a506,0e0e8e0e0fefffff,huggingface_snapshot,pending_review,hf_snapshot_revision_recorded,True,
libreyolo_train_frame_002950-1_jpg.rf.fe808f39c8f4c5a0da4897650a999a41,/Users/mobcoderid-296/Desktop/fire-smoke/fire-smoke-cpu/data/raw/hf_candidates/LibreYOLO_smoke-uvylj_hf_snapshot/train/images/frame_002950-1_jpg.rf.fe808f39c8f4c5a0da4897650a999a41.jpg,/Users/mobcoderid-296/Desktop/fire-smoke/fire-smoke-cpu/data/raw/hf_candidates/LibreYOLO_smoke-uvylj_hf_snapshot/train/labels/frame_002950-1_jpg.rf.fe808f39c8f4c5a0da4897650a999a41.txt,640,640,VALID_SMOKE,train,False,False,True,0,smoke,True,8e4d4002f46b1c2cec5ca0cae9eb1ddc4599b6217dcc78b4eec3eb8e3c79baf8,0e0e8e8e1fefffff,huggingface_snapshot,pending_review,hf_snapshot_revision_recorded,True,
libreyolo_train_frame_002960-1_jpg.rf.5992343586b4d5b4e699285c94c867e5,/Users/mobcoderid-296/Desktop/fire-smoke/fire-smoke-cpu/data/raw/hf_candidates/LibreYOLO_smoke-uvylj_hf_snapshot/train/images/frame_002960-1_jpg.rf.5992343586b4d5b4e699285c94c867e5.jpg,/Users/mobcoderid-296/Desktop/fire-smoke/fire-smoke-cpu/data/raw/hf_candidates/LibreYOLO_smoke-uvylj_hf_snapshot/train/labels/frame_002960-1_jpg.rf.5992343586b4d5b4e699285c94c867e5.txt,640,640,VALID_SMOKE,train,False,False,True,0,smoke,True,9ec3cdde01e9f794cb6a4d260140da40105b73cbf70eb80cdaa5bf8d6e8108c9,0e0e9e9e1fdfffff,huggingface_snapshot,pending_review,hf_snapshot_revision_recorded,True,
libreyolo_train_frame_002980-1_jpg.rf.59ad7d61af9ecf6fa539355a85b6b773,/Users/mobcoderid-296/Desktop/fire-smoke/fire-smoke-cpu/data/raw/hf_candidates/LibreYOLO_smoke-uvylj_hf_snapshot/train/images/frame_002980-1_jpg.rf.59ad7d61af9ecf6fa539355a85b6b773.jpg,/Users/mobcoderid-296/Desktop/fire-smoke/fire-smoke-cpu/data/raw/hf_candidates/LibreYOLO_smoke-uvylj_hf_snapshot/train/labels/frame_002980-1_jpg.rf.59ad7d61af9ecf6fa539355a85b6b773.txt,640,640,VALID_SMOKE,train,False,False,True,0,smoke,True,ba43c6ba3a6328228ee62617e6fc3d0b51def17f13bb3cd9015f6f56f4ac611b,0c1e9e3e3e9f9ffe,huggingface_snapshot,pending_review,hf_snapshot_revision_recorded,True,
libreyolo_train_frame_002990-1_jpg.rf.5679804aa86c91d15c384b470982f70d,/Users/mobcoderid-296/Desktop/fire-smoke/fire-smoke-cpu/data/raw/hf_candidates/LibreYOLO_smoke-uvylj_hf_snapshot/train/images/frame_002990-1_jpg.rf.5679804aa86c91d15c384b470982f70d.jpg,/Users/mobcoderid-296/Desktop/fire-smoke/fire-smoke-cpu/data/raw/hf_candidates/LibreYOLO_smoke-uvylj_hf_snapshot/train/labels/frame_002990-1_jpg.rf.5679804aa86c91d15c384b470982f70d.txt,640,640,VALID_SMOKE,train,False,False,True,0,smoke,True,36fe861e22689e70f7d88ce879f6668b8898e3dc86bd0c57fa32f688b049b14e,0c3e3e7e7e9f1af8,huggingface_snapshot,pending_review,hf_snapshot_revision_recorded,True,
libreyolo_train_frame_003010-1_jpg.rf.b56a90dcbb00101ccb7af244586f07d4,/Users/mobcoderid-296/Desktop/fire-smoke/fire-smoke-cpu/data/raw/hf_candidates/LibreYOLO_smoke-uvylj_hf_snapshot/train/images/frame_003010-1_jpg.rf.b56a90dcbb00101ccb7af244586f07d4.jpg,/Users/mobcoderid-296/Desktop/fire-smoke/fire-smoke-cpu/data/raw/hf_candidates/LibreYOLO_smoke-uvylj_hf_snapshot/train/labels/frame_003010-1_jpg.rf.b56a90dcbb00101ccb7af244586f07d4.txt,640,640,VALID_SMOKE,train,False,False,True,0,smoke,True,738aab13eb9b45779df58394844ace70f05f02403d1ae107d565054d5d263b3f,043efefebe1d10f0,huggingface_snapshot,pending_review,hf_snapshot_revision_recorded,True,
libreyolo_train_frame_003020-1_jpg.rf.309dc58690907024dc661084b2d5b621,/Users/mobcoderid-296/Desktop/fire-smoke/fire-smoke-cpu/data/raw/hf_candidates/LibreYOLO_smoke-uvylj_hf_snapshot/train/images/frame_003020-1_jpg.rf.309dc58690907024dc661084b2d5b621.jpg,/Users/mobcoderid-296/Desktop/fire-smoke/fire-smoke-cpu/data/raw/hf_candidates/LibreYOLO_smoke-uvylj_hf_snapshot/train/labels/frame_003020-1_jpg.rf.309dc58690907024dc661084b2d5b621.txt,640,640,VALID_SMOKE,train,False,False,True,0,smoke,True,80c9a2109228e170e2ca5c3dfb89583aa68856177b02a1c23a268538ee1897d2,047efefe7e3d10e0,huggingface_snapshot,pending_review,hf_snapshot_revision_recorded,True,
libreyolo_train_frame_003040-1_jpg.rf.56eca54126b7fdf778f8152e2b2a9714,/Users/mobcoderid-296/Desktop/fire-smoke/fire-smoke-cpu/data/raw/hf_candidates/LibreYOLO_smoke-uvylj_hf_snapshot/train/images/frame_003040-1_jpg.rf.56eca54126b7fdf778f8152e2b2a9714.jpg,/Users/mobcoderid-296/Desktop/fire-smoke/fire-smoke-cpu/data/raw/hf_candidates/LibreYOLO_smoke-uvylj_hf_snapshot/train/labels/frame_003040-1_jpg.rf.56eca54126b7fdf778f8152e2b2a9714.txt,640,640,VALID_SMOKE,train,False,False,True,0,smoke,True,080d2115f307c7b7430ae9505e9e12c1cfdd0044c8359a0bded32d88107be2db,047efefe7e3c00e0,huggingface_snapshot,pending_review,hf_snapshot_revision_recorded,True,
libreyolo_train_frame_003060-1_jpg.rf.92035401f67970987f0baf92955dd258,/Users/mobcoderid-296/Desktop/fire-smoke/fire-smoke-cpu/data/raw/hf_candidates/LibreYOLO_smoke-uvylj_hf_snapshot/train/images/frame_003060-1_jpg.rf.92035401f67970987f0baf92955dd258.jpg,/Users/mobcoderid-296/Desktop/fire-smoke/fire-smoke-cpu/data/raw/hf_candidates/LibreYOLO_smoke-uvylj_hf_snapshot/train/labels/frame_003060-1_jpg.rf.92035401f67970987f0baf92955dd258.txt,640,640,VALID_SMOKE,train,False,False,True,0,smoke,True,3b95acff581c3cee6b4128cee715cd5c9f3a7b39fd8940f3fa631cc44c62f91c,0c7efc7e7e7c00e0,huggingface_snapshot,pending_review,hf_snapshot_revision_recorded,True,
libreyolo_train_frame_003070-1_jpg.rf.8db4de60481b84d43608104caf958621,/Users/mobcoderid-296/Desktop/fire-smoke/fire-smoke-cpu/data/raw/hf_candidates/LibreYOLO_smoke-uvylj_hf_snapshot/train/images/frame_003070-1_jpg.rf.8db4de60481b84d43608104caf958621.jpg,/Users/mobcoderid-296/Desktop/fire-smoke/fire-smoke-cpu/data/raw/hf_candidates/LibreYOLO_smoke-uvylj_hf_snapshot/train/labels/frame_003070-1_jpg.rf.8db4de60481b84d43608104caf958621.txt,640,640,VALID_SMOKE,train,False,False,True,0,smoke,True,26a100455683984e187c90f97b0e45f644f7a667449ec3ec7d02bcdd6740e11c,0c3efe7e7e7c00e0,huggingface_snapshot,pending_review,hf_snapshot_revision_recorded,True,
libreyolo_train_frame_003080-1_jpg.rf.4228f3c6c7de375bf1f456c5134f51b3,/Users/mobcoderid-296/Desktop/fire-smoke/fire-smoke-cpu/data/raw/hf_candidates/LibreYOLO_smoke-uvylj_hf_snapshot/train/images/frame_003080-1_jpg.rf.4228f3c6c7de375bf1f456c5134f51b3.jpg,/Users/mobcoderid-296/Desktop/fire-smoke/fire-smoke-cpu/data/raw/hf_candidates/LibreYOLO_smoke-uvylj_hf_snapshot/train/labels/frame_003080-1_jpg.rf.4228f3c6c7de375bf1f456c5134f51b3.txt,640,640,VALID_SMOKE,train,False,False,True,0,smoke,True,ead071614b67f28a43f077050545070d72857656e694379c4b423ff1cc20b208,143efefefe7800e0,huggingface_snapshot,pending_review,hf_snapshot_revision_recorded,True,
libreyolo_train_frame_003100-1_jpg.rf.89ab6256cc039cd76113b65a5d37635a,/Users/mobcoderid-296/Desktop/fire-smoke/fire-smoke-cpu/data/raw/hf_candidates/LibreYOLO_smoke-uvylj_hf_snapshot/train/images/frame_003100-1_jpg.rf.89ab6256cc039cd76113b65a5d37635a.jpg,/Users/mobcoderid-296/Desktop/fire-smoke/fire-smoke-cpu/data/raw/hf_candidates/LibreYOLO_smoke-uvylj_hf_snapshot/train/labels/frame_003100-1_jpg.rf.89ab6256cc039cd76113b65a5d37635a.txt,640,640,VALID_SMOKE,train,False,False,True,0,smoke,True,aff1f415e90275cf6b9afd3b0ff6ae243fffd496c8ee17d8878ee841672a1486,343efefefcf940e0,huggingface_snapshot,pending_review,hf_snapshot_revision_recorded,True,
libreyolo_train_frame_003110-1_jpg.rf.85e636b0733e76ab1b80e9c7aceb3825,/Users/mobcoderid-296/Desktop/fire-smoke/fire-smoke-cpu/data/raw/hf_candidates/LibreYOLO_smoke-uvylj_hf_snapshot/train/images/frame_003110-1_jpg.rf.85e636b0733e76ab1b80e9c7aceb3825.jpg,/Users/mobcoderid-296/Desktop/fire-smoke/fire-smoke-cpu/data/raw/hf_candidates/LibreYOLO_smoke-uvylj_hf_snapshot/train/labels/frame_003110-1_jpg.rf.85e636b0733e76ab1b80e9c7aceb3825.txt,640,640,VALID_SMOKE,train,False,False,True,0,smoke,True,7082f0595d6e27bd6a09261d0a9cdd15e505a0682fc251ef4b5e05fc79f69406,3c3efefcfcf940e0,huggingface_snapshot,pending_review,hf_snapshot_revision_recorded,True,
libreyolo_train_frame_003120-1_jpg.rf.88384f405d11ce29280d73613e668e37,/Users/mobcoderid-296/Desktop/fire-smoke/fire-smoke-cpu/data/raw/hf_candidates/LibreYOLO_smoke-uvylj_hf_snapshot/train/images/frame_003120-1_jpg.rf.88384f405d11ce29280d73613e668e37.jpg,/Users/mobcoderid-296/Desktop/fire-smoke/fire-smoke-cpu/data/raw/hf_candidates/LibreYOLO_smoke-uvylj_hf_snapshot/train/labels/frame_003120-1_jpg.rf.88384f405d11ce29280d73613e668e37.txt,640,640,VALID_SMOKE,train,False,False,True,0,smoke,True,6fa7f58d036057206672619bb1f960875d0d1626cc3ff53465054ebf456d95ea,3c3efefcfcf9c0e0,huggingface_snapshot,pending_review,hf_snapshot_revision_recorded,True,
libreyolo_train_frame_003130-1_jpg.rf.51f9c1c89d0c7679966db1715a4cb54c,/Users/mobcoderid-296/Desktop/fire-smoke/fire-smoke-cpu/data/raw/hf_candidates/LibreYOLO_smoke-uvylj_hf_snapshot/train/images/frame_003130-1_jpg.rf.51f9c1c89d0c7679966db1715a4cb54c.jpg,/Users/mobcoderid-296/Desktop/fire-smoke/fire-smoke-cpu/data/raw/hf_candidates/LibreYOLO_smoke-uvylj_hf_snapshot/train/labels/frame_003130-1_jpg.rf.51f9c1c89d0c7679966db1715a4cb54c.txt,640,640,VALID_SMOKE,train,False,False,True,0,smoke,True,de7eee40fc86dde32beb45372bf8a215557e3bc5f0c37a93e366e33642c7d38f,3c3ebefefcf9c0f0,huggingface_snapshot,pending_review,hf_snapshot_revision_recorded,True,
libreyolo_train_frame_003140-1_jpg.rf.d156e0e538117cf4a0b3e6d3379614a8,/Users/mobcoderid-296/Desktop/fire-smoke/fire-smoke-cpu/data/raw/hf_candidates/LibreYOLO_smoke-uvylj_hf_snapshot/train/images/frame_003140-1_jpg.rf.d156e0e538117cf4a0b3e6d3379614a8.jpg,/Users/mobcoderid-296/Desktop/fire-smoke/fire-smoke-cpu/data/raw/hf_candidates/LibreYOLO_smoke-uvylj_hf_snapshot/train/labels/frame_003140-1_jpg.rf.d156e0e538117cf4a0b3e6d3379614a8.txt,640,640,VALID_SMOKE,train,False,False,True,0,smoke,True,cb0196ced5475e4193d8e65a24c151818f82f8ef9fc4d1e08a53cd40f9a6138b,3c3ebefefcf9c0e0,huggingface_snapshot,pending_review,hf_snapshot_revision_recorded,True,
libreyolo_train_frame_003150-1_jpg.rf.bb89292e9569c0d7a47ceea8dce006ec,/Users/mobcoderid-296/Desktop/fire-smoke/fire-smoke-cpu/data/raw/hf_candidates/LibreYOLO_smoke-uvylj_hf_snapshot/train/images/frame_003150-1_jpg.rf.bb89292e9569c0d7a47ceea8dce006ec.jpg,/Users/mobcoderid-296/Desktop/fire-smoke/fire-smoke-cpu/data/raw/hf_candidates/LibreYOLO_smoke-uvylj_hf_snapshot/train/labels/frame_003150-1_jpg.rf.bb89292e9569c0d7a47ceea8dce006ec.txt,640,640,VALID_SMOKE,train,False,False,True,0,smoke,True,1e29fbb38be39ed9edd874f9e6828250d7fc33f42e4efdbddfb83f23f392a591,3c3ebefefcf1c0f0,huggingface_snapshot,pending_review,hf_snapshot_revision_recorded,True,
libreyolo_train_frame_003170-1_jpg.rf.dfecf491fb78c28424dc068b22e8f5d0,/Users/mobcoderid-296/Desktop/fire-smoke/fire-smoke-cpu/data/raw/hf_candidates/LibreYOLO_smoke-uvylj_hf_snapshot/train/images/frame_003170-1_jpg.rf.dfecf491fb78c28424dc068b22e8f5d0.jpg,/Users/mobcoderid-296/Desktop/fire-smoke/fire-smoke-cpu/data/raw/hf_candidates/LibreYOLO_smoke-uvylj_hf_snapshot/train/labels/frame_003170-1_jpg.rf.dfecf491fb78c28424dc068b22e8f5d0.txt,640,640,VALID_SMOKE,train,False,False,True,0,smoke,True,f79b1b2ecbb6666c92913ee27729b0529be6af985ae94bcbfb1b909c3ff01edc,2c3ebefefcf1e0f0,huggingface_snapshot,pending_review,hf_snapshot_revision_recorded,True,
libreyolo_train_frame_003180-1_jpg.rf.c25f740210968dbae0f569724c5e00c8,/Users/mobcoderid-296/Desktop/fire-smoke/fire-smoke-cpu/data/raw/hf_candidates/LibreYOLO_smoke-uvylj_hf_snapshot/train/images/frame_003180-1_jpg.rf.c25f740210968dbae0f569724c5e00c8.jpg,/Users/mobcoderid-296/Desktop/fire-smoke/fire-smoke-cpu/data/raw/hf_candidates/LibreYOLO_smoke-uvylj_hf_snapshot/train/labels/frame_003180-1_jpg.rf.c25f740210968dbae0f569724c5e00c8.txt,640,640,VALID_SMOKE,train,False,False,True,0,smoke,True,d691429ef477af1e583a645a508f03b8be1cc6eb51081559497a47d178f7bfb5,2c3ebefefcf0e0f0,huggingface_snapshot,pending_review,hf_snapshot_revision_recorded,True,
libreyolo_train_frame_003190-1_jpg.rf.92c61cb03a7e2ca56593f0906bec1999,/Users/mobcoderid-296/Desktop/fire-smoke/fire-smoke-cpu/data/raw/hf_candidates/LibreYOLO_smoke-uvylj_hf_snapshot/train/images/frame_003190-1_jpg.rf.92c61cb03a7e2ca56593f0906bec1999.jpg,/Users/mobcoderid-296/Desktop/fire-smoke/fire-smoke-cpu/data/raw/hf_candidates/LibreYOLO_smoke-uvylj_hf_snapshot/train/labels/frame_003190-1_jpg.rf.92c61cb03a7e2ca56593f0906bec1999.txt,640,640,VALID_SMOKE,train,False,False,True,0,smoke,True,6db86a6ba86cae599bf29780d362604ff76f77be61213c99b7b43b3ba155e178,2c3ebefefcf0e0f0,huggingface_snapshot,pending_review,hf_snapshot_revision_recorded,True,
libreyolo_train_frame_003200-1_jpg.rf.1d4e38c533e4a844eece695068465675,/Users/mobcoderid-296/Desktop/fire-smoke/fire-smoke-cpu/data/raw/hf_candidates/LibreYOLO_smoke-uvylj_hf_snapshot/train/images/frame_003200-1_jpg.rf.1d4e38c533e4a844eece695068465675.jpg,/Users/mobcoderid-296/Desktop/fire-smoke/fire-smoke-cpu/data/raw/hf_candidates/LibreYOLO_smoke-uvylj_hf_snapshot/train/labels/frame_003200-1_jpg.rf.1d4e38c533e4a844eece695068465675.txt,640,640,VALID_SMOKE,train,False,False,True,0,smoke,True,62d5cada6075a59dd4434f8cc9058dea1d79d795b11c1e9fc55a0f2c7eb19b48,2c0ebefefcf0e2f0,huggingface_snapshot,pending_review,hf_snapshot_revision_recorded,True,
libreyolo_train_frame_003210-1_jpg.rf.a865a46fc3d6f434bb4d1f28557b3b9e,/Users/mobcoderid-296/Desktop/fire-smoke/fire-smoke-cpu/data/raw/hf_candidates/LibreYOLO_smoke-uvylj_hf_snapshot/train/images/frame_003210-1_jpg.rf.a865a46fc3d6f434bb4d1f28557b3b9e.jpg,/Users/mobcoderid-296/Desktop/fire-smoke/fire-smoke-cpu/data/raw/hf_candidates/LibreYOLO_smoke-uvylj_hf_snapshot/train/labels/frame_003210-1_jpg.rf.a865a46fc3d6f434bb4d1f28557b3b9e.txt,640,640,VALID_SMOKE,train,False,False,True,0,smoke,True,c35dc942796b21a88a442533f0a9cce2c1645e14bf174c2ca4101cf91ee567a8,0c0ebefefee0e2f0,huggingface_snapshot,pending_review,hf_snapshot_revision_recorded,True,
libreyolo_train_frame_003230-1_jpg.rf.053ddf86e2cba8e1227c2cb2d7a70a8e,/Users/mobcoderid-296/Desktop/fire-smoke/fire-smoke-cpu/data/raw/hf_candidates/LibreYOLO_smoke-uvylj_hf_snapshot/train/images/frame_003230-1_jpg.rf.053ddf86e2cba8e1227c2cb2d7a70a8e.jpg,/Users/mobcoderid-296/Desktop/fire-smoke/fire-smoke-cpu/data/raw/hf_candidates/LibreYOLO_smoke-uvylj_hf_snapshot/train/labels/frame_003230-1_jpg.rf.053ddf86e2cba8e1227c2cb2d7a70a8e.txt,640,640,VALID_SMOKE,train,False,False,True,0,smoke,True,af3207696a7b7d00e8d2af09452c1554cd408f438f29deec72f112a3ab088855,0c0efefeffe0e0f0,huggingface_snapshot,pending_review,hf_snapshot_revision_recorded,True,
libreyolo_train_frame_003250-1_jpg.rf.fbc3321a7c7d73f6cc4b8d0df26ff003,/Users/mobcoderid-296/Desktop/fire-smoke/fire-smoke-cpu/data/raw/hf_candidates/LibreYOLO_smoke-uvylj_hf_snapshot/train/images/frame_003250-1_jpg.rf.fbc3321a7c7d73f6cc4b8d0df26ff003.jpg,/Users/mobcoderid-296/Desktop/fire-smoke/fire-smoke-cpu/data/raw/hf_candidates/LibreYOLO_smoke-uvylj_hf_snapshot/train/labels/frame_003250-1_jpg.rf.fbc3321a7c7d73f6cc4b8d0df26ff003.txt,640,640,VALID_SMOKE,train,False,False,True,0,smoke,True,7db99281d0c2dce96a13bc5ab6c37e65c66a2fcf410db9e807779d28256efeef,0c0efefeffe0fcf0,huggingface_snapshot,pending_review,hf_snapshot_revision_recorded,True,
libreyolo_train_frame_003270-1_jpg.rf.56af9a66a6e987124c0faefa960d72e0,/Users/mobcoderid-296/Desktop/fire-smoke/fire-smoke-cpu/data/raw/hf_candidates/LibreYOLO_smoke-uvylj_hf_snapshot/train/images/frame_003270-1_jpg.rf.56af9a66a6e987124c0faefa960d72e0.jpg,/Users/mobcoderid-296/Desktop/fire-smoke/fire-smoke-cpu/data/raw/hf_candidates/LibreYOLO_smoke-uvylj_hf_snapshot/train/labels/frame_003270-1_jpg.rf.56af9a66a6e987124c0faefa960d72e0.txt,640,640,VALID_SMOKE,train,False,False,True,0,smoke,True,aaa5767fe9cf09d625147325ccc39ad9840b5baf80a3db599afc6fd54016a051,0c0efefeffe0fcf0,huggingface_snapshot,pending_review,hf_snapshot_revision_recorded,True,
libreyolo_train_frame_003280-1_jpg.rf.22a231e1ad7eb05c8d756a32c0e0c2aa,/Users/mobcoderid-296/Desktop/fire-smoke/fire-smoke-cpu/data/raw/hf_candidates/LibreYOLO_smoke-uvylj_hf_snapshot/train/images/frame_003280-1_jpg.rf.22a231e1ad7eb05c8d756a32c0e0c2aa.jpg,/Users/mobcoderid-296/Desktop/fire-smoke/fire-smoke-cpu/data/raw/hf_candidates/LibreYOLO_smoke-uvylj_hf_snapshot/train/labels/frame_003280-1_jpg.rf.22a231e1ad7eb05c8d756a32c0e0c2aa.txt,640,640,VALID_SMOKE,train,False,False,True,0,smoke,True,bb94e02405dc356b0744db1005789a4d2f52c01f06b6fd12b0db4d13d7d218dc,0c5efefeffe0fcf0,huggingface_snapshot,pending_review,hf_snapshot_revision_recorded,True,
libreyolo_train_frame_003290-1_jpg.rf.0823768908bc3b2413fdf41d33c4fa62,/Users/mobcoderid-296/Desktop/fire-smoke/fire-smoke-cpu/data/raw/hf_candidates/LibreYOLO_smoke-uvylj_hf_snapshot/train/images/frame_003290-1_jpg.rf.0823768908bc3b2413fdf41d33c4fa62.jpg,/Users/mobcoderid-296/Desktop/fire-smoke/fire-smoke-cpu/data/raw/hf_candidates/LibreYOLO_smoke-uvylj_hf_snapshot/train/labels/frame_003290-1_jpg.rf.0823768908bc3b2413fdf41d33c4fa62.txt,640,640,VALID_SMOKE,train,False,False,True,0,smoke,True,340196d739c145157849b9a390a5e2559ab72c5150c75aef21d1a7a6c8ec3982,0e0e6efe7ee0e0f0,huggingface_snapshot,pending_review,hf_snapshot_revision_recorded,True,
libreyolo_train_frame_003295-1_jpg.rf.c98a8b2683fdf6c77e33f05f6ed983af,/Users/mobcoderid-296/Desktop/fire-smoke/fire-smoke-cpu/data/raw/hf_candidates/LibreYOLO_smoke-uvylj_hf_snapshot/train/images/frame_003295-1_jpg.rf.c98a8b2683fdf6c77e33f05f6ed983af.jpg,/Users/mobcoderid-296/Desktop/fire-smoke/fire-smoke-cpu/data/raw/hf_candidates/LibreYOLO_smoke-uvylj_hf_snapshot/train/labels/frame_003295-1_jpg.rf.c98a8b2683fdf6c77e33f05f6ed983af.txt,640,640,VALID_SMOKE,train,False,False,True,0,smoke,True,54ebb8b406e8856a510c813570e456840713e0d38cdcbc7b1b892759b9057ce4,06077e7f7fe0f0e0,huggingface_snapshot,pending_review,hf_snapshot_revision_recorded,True,
libreyolo_train_frame_003310-1_jpg.rf.caf36f765957141d15ed81a45a80d7c0,/Users/mobcoderid-296/Desktop/fire-smoke/fire-smoke-cpu/data/raw/hf_candidates/LibreYOLO_smoke-uvylj_hf_snapshot/train/images/frame_003310-1_jpg.rf.caf36f765957141d15ed81a45a80d7c0.jpg,/Users/mobcoderid-296/Desktop/fire-smoke/fire-smoke-cpu/data/raw/hf_candidates/LibreYOLO_smoke-uvylj_hf_snapshot/train/labels/frame_003310-1_jpg.rf.caf36f765957141d15ed81a45a80d7c0.txt,640,640,VALID_SMOKE,train,False,False,True,0,smoke,True,0e5f1ddf72ef303a3637cde37a6dbeb2e1151ad72225137cdee6fd25388c4f16,0e0e6efefee0e0f0,huggingface_snapshot,pending_review,hf_snapshot_revision_recorded,True,
libreyolo_train_frame_003320-1_jpg.rf.fa11183a2f57f37a83f28e833e0d3b0c,/Users/mobcoderid-296/Desktop/fire-smoke/fire-smoke-cpu/data/raw/hf_candidates/LibreYOLO_smoke-uvylj_hf_snapshot/train/images/frame_003320-1_jpg.rf.fa11183a2f57f37a83f28e833e0d3b0c.jpg,/Users/mobcoderid-296/Desktop/fire-smoke/fire-smoke-cpu/data/raw/hf_candidates/LibreYOLO_smoke-uvylj_hf_snapshot/train/labels/frame_003320-1_jpg.rf.fa11183a2f57f37a83f28e833e0d3b0c.txt,640,640,VALID_SMOKE,train,False,False,True,0,smoke,True,83a57590a3105cd915ec7b9dc7faf52a914152d2bc955b244def871c76b0eead,0e0e6efefee0e4f0,huggingface_snapshot,pending_review,hf_snapshot_revision_recorded,True,
libreyolo_train_frame_003325-1_jpg.rf.490c0e7ff67e76935bef484ee33c4dff,/Users/mobcoderid-296/Desktop/fire-smoke/fire-smoke-cpu/data/raw/hf_candidates/LibreYOLO_smoke-uvylj_hf_snapshot/train/images/frame_003325-1_jpg.rf.490c0e7ff67e76935bef484ee33c4dff.jpg,/Users/mobcoderid-296/Desktop/fire-smoke/fire-smoke-cpu/data/raw/hf_candidates/LibreYOLO_smoke-uvylj_hf_snapshot/train/labels/frame_003325-1_jpg.rf.490c0e7ff67e76935bef484ee33c4dff.txt,640,640,VALID_SMOKE,train,False,False,True,0,smoke,True,ba81cdcfeaae1080ee4442ae4a2b61fdcea3ddd6fcc046aec7d3953d3594f740,0c0ecefeffe0fcf0,huggingface_snapshot,pending_review,hf_snapshot_revision_recorded,True,
libreyolo_train_frame_003330-1_jpg.rf.b47a14162960a133060738a6789575d5,/Users/mobcoderid-296/Desktop/fire-smoke/fire-smoke-cpu/data/raw/hf_candidates/LibreYOLO_smoke-uvylj_hf_snapshot/train/images/frame_003330-1_jpg.rf.b47a14162960a133060738a6789575d5.jpg,/Users/mobcoderid-296/Desktop/fire-smoke/fire-smoke-cpu/data/raw/hf_candidates/LibreYOLO_smoke-uvylj_hf_snapshot/train/labels/frame_003330-1_jpg.rf.b47a14162960a133060738a6789575d5.txt,640,640,VALID_SMOKE,train,False,False,True,0,smoke,True,904450fbd65869790a95fc2bcf7929747eb87942a4f924bb61d752ffa7ddaa65,1c1cdcfcfff1f8fe,huggingface_snapshot,pending_review,hf_snapshot_revision_recorded,True,
libreyolo_train_frame_003335-1_jpg.rf.4a86e126c734da00943cc43262e6a29f,/Users/mobcoderid-296/Desktop/fire-smoke/fire-smoke-cpu/data/raw/hf_candidates/LibreYOLO_smoke-uvylj_hf_snapshot/train/images/frame_003335-1_jpg.rf.4a86e126c734da00943cc43262e6a29f.jpg,/Users/mobcoderid-296/Desktop/fire-smoke/fire-smoke-cpu/data/raw/hf_candidates/LibreYOLO_smoke-uvylj_hf_snapshot/train/labels/frame_003335-1_jpg.rf.4a86e126c734da00943cc43262e6a29f.txt,640,640,VALID_SMOKE,train,False,False,True,0,smoke,True,d7e0ddba5517887cef95446835a41b9f8438fee374b3426c18d5c06780d66488,1c1c9cfcfffbf8ff,huggingface_snapshot,pending_review,hf_snapshot_revision_recorded,True,
libreyolo_train_frame_003350-1_jpg.rf.2e3ba8175b45ffc5d73c4d9afaa74f04,/Users/mobcoderid-296/Desktop/fire-smoke/fire-smoke-cpu/data/raw/hf_candidates/LibreYOLO_smoke-uvylj_hf_snapshot/train/images/frame_003350-1_jpg.rf.2e3ba8175b45ffc5d73c4d9afaa74f04.jpg,/Users/mobcoderid-296/Desktop/fire-smoke/fire-smoke-cpu/data/raw/hf_candidates/LibreYOLO_smoke-uvylj_hf_snapshot/train/labels/frame_003350-1_jpg.rf.2e3ba8175b45ffc5d73c4d9afaa74f04.txt,640,640,VALID_SMOKE,train,False,False,True,0,smoke,True,7964394a38bc5204f252c90473ad2f8a6ab9b5aeb443402867ae2f6b4f5bce43,181c9cfcfffbf8ff,huggingface_snapshot,pending_review,hf_snapshot_revision_recorded,True,
libreyolo_train_frame_003355-1_jpg.rf.53d3d545a8a7009b431d128540e5767f,/Users/mobcoderid-296/Desktop/fire-smoke/fire-smoke-cpu/data/raw/hf_candidates/LibreYOLO_smoke-uvylj_hf_snapshot/train/images/frame_003355-1_jpg.rf.53d3d545a8a7009b431d128540e5767f.jpg,/Users/mobcoderid-296/Desktop/fire-smoke/fire-smoke-cpu/data/raw/hf_candidates/LibreYOLO_smoke-uvylj_hf_snapshot/train/labels/frame_003355-1_jpg.rf.53d3d545a8a7009b431d128540e5767f.txt,640,640,VALID_SMOKE,train,False,False,True,0,smoke,True,17f59f5d815b778e87dda2d2f9d1066143590a7a6f59e5d69224e5fd38684842,181c1cfcfffbf8ff,huggingface_snapshot,pending_review,hf_snapshot_revision_recorded,True,
libreyolo_train_frame_003360-1_jpg.rf.590a78b521639bd74f0eeeb8955069f0,/Users/mobcoderid-296/Desktop/fire-smoke/fire-smoke-cpu/data/raw/hf_candidates/LibreYOLO_smoke-uvylj_hf_snapshot/train/images/frame_003360-1_jpg.rf.590a78b521639bd74f0eeeb8955069f0.jpg,/Users/mobcoderid-296/Desktop/fire-smoke/fire-smoke-cpu/data/raw/hf_candidates/LibreYOLO_smoke-uvylj_hf_snapshot/train/labels/frame_003360-1_jpg.rf.590a78b521639bd74f0eeeb8955069f0.txt,640,640,VALID_SMOKE,train,False,False,True,0,smoke,True,8f6e17a0e35730f41fc0cb6fccdaa7f2643d99190f9d851d34505bba05bce348,1c1c9cfcfffbf8ff,huggingface_snapshot,pending_review,hf_snapshot_revision_recorded,True,
libreyolo_train_frame_003365-1_jpg.rf.875507ee75f6abfe1aa2053c1c0be051,/Users/mobcoderid-296/Desktop/fire-smoke/fire-smoke-cpu/data/raw/hf_candidates/LibreYOLO_smoke-uvylj_hf_snapshot/train/images/frame_003365-1_jpg.rf.875507ee75f6abfe1aa2053c1c0be051.jpg,/Users/mobcoderid-296/Desktop/fire-smoke/fire-smoke-cpu/data/raw/hf_candidates/LibreYOLO_smoke-uvylj_hf_snapshot/train/labels/frame_003365-1_jpg.rf.875507ee75f6abfe1aa2053c1c0be051.txt,640,640,VALID_SMOKE,train,False,False,True,0,smoke,True,acd7b970c08f7217b9194845bf4fe9a91cae09e178c1f0d060ec323923719265,1c1c9cdcfff9fcff,huggingface_snapshot,pending_review,hf_snapshot_revision_recorded,True,
libreyolo_train_frame_003375-1_jpg.rf.184bed960955fae619da6ee978cb56dc,/Users/mobcoderid-296/Desktop/fire-smoke/fire-smoke-cpu/data/raw/hf_candidates/LibreYOLO_smoke-uvylj_hf_snapshot/train/images/frame_003375-1_jpg.rf.184bed960955fae619da6ee978cb56dc.jpg,/Users/mobcoderid-296/Desktop/fire-smoke/fire-smoke-cpu/data/raw/hf_candidates/LibreYOLO_smoke-uvylj_hf_snapshot/train/labels/frame_003375-1_jpg.rf.184bed960955fae619da6ee978cb56dc.txt,640,640,VALID_SMOKE,train,False,False,True,0,smoke,True,94da1bd8076eef958e1d20a03fdf84884e905167cc27c7b168b808e73d0992ba,0e0e4e7e7ff0fcf8,huggingface_snapshot,pending_review,hf_snapshot_revision_recorded,True,
libreyolo_train_frame_003385-1_jpg.rf.e0404bd10a58e41ca93e6b342cfdb1f8,/Users/mobcoderid-296/Desktop/fire-smoke/fire-smoke-cpu/data/raw/hf_candidates/LibreYOLO_smoke-uvylj_hf_snapshot/train/images/frame_003385-1_jpg.rf.e0404bd10a58e41ca93e6b342cfdb1f8.jpg,/Users/mobcoderid-296/Desktop/fire-smoke/fire-smoke-cpu/data/raw/hf_candidates/LibreYOLO_smoke-uvylj_hf_snapshot/train/labels/frame_003385-1_jpg.rf.e0404bd10a58e41ca93e6b342cfdb1f8.txt,640,640,VALID_SMOKE,train,False,False,True,0,smoke,True,f8c4a8e0e2e6ad0fd413d5a648e612cea2ef2c0bc90e91c6abd5c7903f00da19,0e0e4e7e7ff0fcf8,huggingface_snapshot,pending_review,hf_snapshot_revision_recorded,True,
libreyolo_train_frame_003395-1_jpg.rf.b00c246db889388a3342530cefcc67ce,/Users/mobcoderid-296/Desktop/fire-smoke/fire-smoke-cpu/data/raw/hf_candidates/LibreYOLO_smoke-uvylj_hf_snapshot/train/images/frame_003395-1_jpg.rf.b00c246db889388a3342530cefcc67ce.jpg,/Users/mobcoderid-296/Desktop/fire-smoke/fire-smoke-cpu/data/raw/hf_candidates/LibreYOLO_smoke-uvylj_hf_snapshot/train/labels/frame_003395-1_jpg.rf.b00c246db889388a3342530cefcc67ce.txt,640,640,VALID_SMOKE,train,False,False,True,0,smoke,True,01fd073de4281906c8282f7e152a531f8055a07d66b5d89b7e444ff7f444ae8f,0c0e8efefff0fcfe,huggingface_snapshot,pending_review,hf_snapshot_revision_recorded,True,
libreyolo_train_frame_003400-1_jpg.rf.a41f0ab3c4b9b7e27da370b0a043e1ea,/Users/mobcoderid-296/Desktop/fire-smoke/fire-smoke-cpu/data/raw/hf_candidates/LibreYOLO_smoke-uvylj_hf_snapshot/train/images/frame_003400-1_jpg.rf.a41f0ab3c4b9b7e27da370b0a043e1ea.jpg,/Users/mobcoderid-296/Desktop/fire-smoke/fire-smoke-cpu/data/raw/hf_candidates/LibreYOLO_smoke-uvylj_hf_snapshot/train/labels/frame_003400-1_jpg.rf.a41f0ab3c4b9b7e27da370b0a043e1ea.txt,640,640,VALID_SMOKE,train,False,False,True,0,smoke,True,4fec05440f40c8f6d66edc2901761bf807c20ebfd271e2bfbb95c0d589e18df0,0c1c9cfcfff9fcff,huggingface_snapshot,pending_review,hf_snapshot_revision_recorded,True,
libreyolo_train_frame_003415-1_jpg.rf.4638a34315c393e4a542cd72b1fedb08,/Users/mobcoderid-296/Desktop/fire-smoke/fire-smoke-cpu/data/raw/hf_candidates/LibreYOLO_smoke-uvylj_hf_snapshot/train/images/frame_003415-1_jpg.rf.4638a34315c393e4a542cd72b1fedb08.jpg,/Users/mobcoderid-296/Desktop/fire-smoke/fire-smoke-cpu/data/raw/hf_candidates/LibreYOLO_smoke-uvylj_hf_snapshot/train/labels/frame_003415-1_jpg.rf.4638a34315c393e4a542cd72b1fedb08.txt,640,640,VALID_SMOKE,train,False,False,True,0,smoke,True,b6157880e3c288a4976d4be3f8cd64359fff011c5d741161b7f7f28cec33a6d9,0c1c9cfcfff9fcff,huggingface_snapshot,pending_review,hf_snapshot_revision_recorded,True,
libreyolo_train_frame_003420-1_jpg.rf.79a43524b7a847b17f3c3a6d72948349,/Users/mobcoderid-296/Desktop/fire-smoke/fire-smoke-cpu/data/raw/hf_candidates/LibreYOLO_smoke-uvylj_hf_snapshot/train/images/frame_003420-1_jpg.rf.79a43524b7a847b17f3c3a6d72948349.jpg,/Users/mobcoderid-296/Desktop/fire-smoke/fire-smoke-cpu/data/raw/hf_candidates/LibreYOLO_smoke-uvylj_hf_snapshot/train/labels/frame_003420-1_jpg.rf.79a43524b7a847b17f3c3a6d72948349.txt,640,640,VALID_SMOKE,train,False,False,True,0,smoke,True,0a076993172286cbe0e26d1dacf49f1b89d1a50643428acf0c1f6e164608d7d5,0c1c9cfcfff9fcff,huggingface_snapshot,pending_review,hf_snapshot_revision_recorded,True,
libreyolo_train_frame_003425-1_jpg.rf.924b7457d938dbd23b0a439ff7f0a096,/Users/mobcoderid-296/Desktop/fire-smoke/fire-smoke-cpu/data/raw/hf_candidates/LibreYOLO_smoke-uvylj_hf_snapshot/train/images/frame_003425-1_jpg.rf.924b7457d938dbd23b0a439ff7f0a096.jpg,/Users/mobcoderid-296/Desktop/fire-smoke/fire-smoke-cpu/data/raw/hf_candidates/LibreYOLO_smoke-uvylj_hf_snapshot/train/labels/frame_003425-1_jpg.rf.924b7457d938dbd23b0a439ff7f0a096.txt,640,640,VALID_SMOKE,train,False,False,True,0,smoke,True,101d5324e21f22443a314ab68e53b61e61c1379c7a3d873279e9fbd6f967b3ef,0c1c9cfcfff9fcff,huggingface_snapshot,pending_review,hf_snapshot_revision_recorded,True,
libreyolo_train_frame_003430-1_jpg.rf.c6a6d982169ffe61180d3a2532b3bdb7,/Users/mobcoderid-296/Desktop/fire-smoke/fire-smoke-cpu/data/raw/hf_candidates/LibreYOLO_smoke-uvylj_hf_snapshot/train/images/frame_003430-1_jpg.rf.c6a6d982169ffe61180d3a2532b3bdb7.jpg,/Users/mobcoderid-296/Desktop/fire-smoke/fire-smoke-cpu/data/raw/hf_candidates/LibreYOLO_smoke-uvylj_hf_snapshot/train/labels/frame_003430-1_jpg.rf.c6a6d982169ffe61180d3a2532b3bdb7.txt,640,640,VALID_SMOKE,train,False,False,True,0,smoke,True,36b7e409ff7d252fb65985575f64273bd1682e4e67b92c7d25013c21538785ae,0c1c9cfcfff9fcff,huggingface_snapshot,pending_review,hf_snapshot_revision_recorded,True,
libreyolo_train_frame_003435-1_jpg.rf.260cfbf9afb352986cfd42cf8203cccb,/Users/mobcoderid-296/Desktop/fire-smoke/fire-smoke-cpu/data/raw/hf_candidates/LibreYOLO_smoke-uvylj_hf_snapshot/train/images/frame_003435-1_jpg.rf.260cfbf9afb352986cfd42cf8203cccb.jpg,/Users/mobcoderid-296/Desktop/fire-smoke/fire-smoke-cpu/data/raw/hf_candidates/LibreYOLO_smoke-uvylj_hf_snapshot/train/labels/frame_003435-1_jpg.rf.260cfbf9afb352986cfd42cf8203cccb.txt,640,640,VALID_SMOKE,train,False,False,True,0,smoke,True,0c0b98b2b38383d861962736b12f22694132ce30dbacfae006f633ab3de83cfc,0c1c9cdcfff9fcff,huggingface_snapshot,pending_review,hf_snapshot_revision_recorded,True,
libreyolo_train_frame_003440-1_jpg.rf.b6f74c5de4ff77e2ed0da1bfbd8b3222,/Users/mobcoderid-296/Desktop/fire-smoke/fire-smoke-cpu/data/raw/hf_candidates/LibreYOLO_smoke-uvylj_hf_snapshot/train/images/frame_003440-1_jpg.rf.b6f74c5de4ff77e2ed0da1bfbd8b3222.jpg,/Users/mobcoderid-296/Desktop/fire-smoke/fire-smoke-cpu/data/raw/hf_candidates/LibreYOLO_smoke-uvylj_hf_snapshot/train/labels/frame_003440-1_jpg.rf.b6f74c5de4ff77e2ed0da1bfbd8b3222.txt,640,640,VALID_SMOKE,train,False,False,True,0,smoke,True,72ffafe92c65fe7128cf1651626630ca9680c1d1bec05e714c42e8825680e91e,0c1c9cdcfff9fcff,huggingface_snapshot,pending_review,hf_snapshot_revision_recorded,True,
libreyolo_train_frame_003455-1_jpg.rf.8ebe186486f19bd74a8911a47bc956c9,/Users/mobcoderid-296/Desktop/fire-smoke/fire-smoke-cpu/data/raw/hf_candidates/LibreYOLO_smoke-uvylj_hf_snapshot/train/images/frame_003455-1_jpg.rf.8ebe186486f19bd74a8911a47bc956c9.jpg,/Users/mobcoderid-296/Desktop/fire-smoke/fire-smoke-cpu/data/raw/hf_candidates/LibreYOLO_smoke-uvylj_hf_snapshot/train/labels/frame_003455-1_jpg.rf.8ebe186486f19bd74a8911a47bc956c9.txt,640,640,VALID_SMOKE,train,False,False,True,0,smoke,True,1f7746e3b218f2a84adb935fb1168720d5c46888d9d875d078aba7a6df364853,1c1c9cdcfff9fcff,huggingface_snapshot,pending_review,hf_snapshot_revision_recorded,True,
libreyolo_train_frame_003460-1_jpg.rf.5d35a2988ff2e5ec10c81c4581132f64,/Users/mobcoderid-296/Desktop/fire-smoke/fire-smoke-cpu/data/raw/hf_candidates/LibreYOLO_smoke-uvylj_hf_snapshot/train/images/frame_003460-1_jpg.rf.5d35a2988ff2e5ec10c81c4581132f64.jpg,/Users/mobcoderid-296/Desktop/fire-smoke/fire-smoke-cpu/data/raw/hf_candidates/LibreYOLO_smoke-uvylj_hf_snapshot/train/labels/frame_003460-1_jpg.rf.5d35a2988ff2e5ec10c81c4581132f64.txt,640,640,VALID_SMOKE,train,False,False,True,0,smoke,True,6d75b86bb6baeed164f63d6ef9eec8839d76cd81ac3af09dadb0d8a9840a0589,1c1c9cdcfff9fcff,huggingface_snapshot,pending_review,hf_snapshot_revision_recorded,True,
libreyolo_train_frame_003465-1_jpg.rf.1430c6b96ac31629184488d300fc0873,/Users/mobcoderid-296/Desktop/fire-smoke/fire-smoke-cpu/data/raw/hf_candidates/LibreYOLO_smoke-uvylj_hf_snapshot/train/images/frame_003465-1_jpg.rf.1430c6b96ac31629184488d300fc0873.jpg,/Users/mobcoderid-296/Desktop/fire-smoke/fire-smoke-cpu/data/raw/hf_candidates/LibreYOLO_smoke-uvylj_hf_snapshot/train/labels/frame_003465-1_jpg.rf.1430c6b96ac31629184488d300fc0873.txt,640,640,VALID_SMOKE,train,False,False,True,0,smoke,True,e9f39ddb747252cf89fc9b8ce9ddcae6166dc95d74bf959eb65035368749a7f2,1c1c9cdcfff9fcff,huggingface_snapshot,pending_review,hf_snapshot_revision_recorded,True,
libreyolo_train_frame_003470-1_jpg.rf.34a4c74bb1ba0e32b92c4c98d9fad4f9,/Users/mobcoderid-296/Desktop/fire-smoke/fire-smoke-cpu/data/raw/hf_candidates/LibreYOLO_smoke-uvylj_hf_snapshot/train/images/frame_003470-1_jpg.rf.34a4c74bb1ba0e32b92c4c98d9fad4f9.jpg,/Users/mobcoderid-296/Desktop/fire-smoke/fire-smoke-cpu/data/raw/hf_candidates/LibreYOLO_smoke-uvylj_hf_snapshot/train/labels/frame_003470-1_jpg.rf.34a4c74bb1ba0e32b92c4c98d9fad4f9.txt,640,640,VALID_SMOKE,train,False,False,True,0,smoke,True,6ed5211910ca10ed1fc315cc9199040b6821e79177789376bfc85f221efa0b6c,1c1c9cdcfff9fcff,huggingface_snapshot,pending_review,hf_snapshot_revision_recorded,True,
libreyolo_train_frame_003485-1_jpg.rf.381349ba427572fc818627c3a101822d,/Users/mobcoderid-296/Desktop/fire-smoke/fire-smoke-cpu/data/raw/hf_candidates/LibreYOLO_smoke-uvylj_hf_snapshot/train/images/frame_003485-1_jpg.rf.381349ba427572fc818627c3a101822d.jpg,/Users/mobcoderid-296/Desktop/fire-smoke/fire-smoke-cpu/data/raw/hf_candidates/LibreYOLO_smoke-uvylj_hf_snapshot/train/labels/frame_003485-1_jpg.rf.381349ba427572fc818627c3a101822d.txt,640,640,VALID_SMOKE,train,False,False,True,0,smoke,True,70859ea761a35b79b1e42e5d03661bb68b75cc34f37a3f072f870a8a49860b0e,1c1c9cdcfff9fcff,huggingface_snapshot,pending_review,hf_snapshot_revision_recorded,True,
libreyolo_train_frame_003490-1_jpg.rf.e8386d1e45ef7eab6050a3200009fb22,/Users/mobcoderid-296/Desktop/fire-smoke/fire-smoke-cpu/data/raw/hf_candidates/LibreYOLO_smoke-uvylj_hf_snapshot/train/images/frame_003490-1_jpg.rf.e8386d1e45ef7eab6050a3200009fb22.jpg,/Users/mobcoderid-296/Desktop/fire-smoke/fire-smoke-cpu/data/raw/hf_candidates/LibreYOLO_smoke-uvylj_hf_snapshot/train/labels/frame_003490-1_jpg.rf.e8386d1e45ef7eab6050a3200009fb22.txt,640,640,VALID_SMOKE,train,False,False,True,0,smoke,True,faf0a0d3c948afa61f9fbf02fec318482adbe0ff304d5f80059b8c803cf1d922,1c1c9cdcfff9fcff,huggingface_snapshot,pending_review,hf_snapshot_revision_recorded,True,
libreyolo_train_frame_003500-1_jpg.rf.c7202057307c08c7f66bf98edd05d0fa,/Users/mobcoderid-296/Desktop/fire-smoke/fire-smoke-cpu/data/raw/hf_candidates/LibreYOLO_smoke-uvylj_hf_snapshot/train/images/frame_003500-1_jpg.rf.c7202057307c08c7f66bf98edd05d0fa.jpg,/Users/mobcoderid-296/Desktop/fire-smoke/fire-smoke-cpu/data/raw/hf_candidates/LibreYOLO_smoke-uvylj_hf_snapshot/train/labels/frame_003500-1_jpg.rf.c7202057307c08c7f66bf98edd05d0fa.txt,640,640,VALID_SMOKE,train,False,False,True,0,smoke,True,2688ee0f78c820c6a82ab9d4b45f0ad263da7e8efc110ee7b846a08f36308385,1c1c9cdcfff9fcff,huggingface_snapshot,pending_review,hf_snapshot_revision_recorded,True,
libreyolo_train_frame_003505-1_jpg.rf.9d7562ffb2e34d67ed234d7a9b4e57d6,/Users/mobcoderid-296/Desktop/fire-smoke/fire-smoke-cpu/data/raw/hf_candidates/LibreYOLO_smoke-uvylj_hf_snapshot/train/images/frame_003505-1_jpg.rf.9d7562ffb2e34d67ed234d7a9b4e57d6.jpg,/Users/mobcoderid-296/Desktop/fire-smoke/fire-smoke-cpu/data/raw/hf_candidates/LibreYOLO_smoke-uvylj_hf_snapshot/train/labels/frame_003505-1_jpg.rf.9d7562ffb2e34d67ed234d7a9b4e57d6.txt,640,640,VALID_SMOKE,train,False,False,True,0,smoke,True,00f33a95e6bcd83b4a27c54b92c259e91944fb2cf5771f592c617293370d69b3,1c1c9cdcfff9fcff,huggingface_snapshot,pending_review,hf_snapshot_revision_recorded,True,
libreyolo_train_frame_003510-1_jpg.rf.5f71becb3c8b32a2e7d4c3f30ff9216e,/Users/mobcoderid-296/Desktop/fire-smoke/fire-smoke-cpu/data/raw/hf_candidates/LibreYOLO_smoke-uvylj_hf_snapshot/train/images/frame_003510-1_jpg.rf.5f71becb3c8b32a2e7d4c3f30ff9216e.jpg,/Users/mobcoderid-296/Desktop/fire-smoke/fire-smoke-cpu/data/raw/hf_candidates/LibreYOLO_smoke-uvylj_hf_snapshot/train/labels/frame_003510-1_jpg.rf.5f71becb3c8b32a2e7d4c3f30ff9216e.txt,640,640,VALID_SMOKE,train,False,False,True,0,smoke,True,f539eb7dd10d5581f9140681eff12c5e950e4e53c86ae646beaf13b1e4cb0519,1c1c9c9cfff9fcff,huggingface_snapshot,pending_review,hf_snapshot_revision_recorded,True,
libreyolo_train_frame_003515-1_jpg.rf.57959e1a6c178593e510e50d56be2b6d,/Users/mobcoderid-296/Desktop/fire-smoke/fire-smoke-cpu/data/raw/hf_candidates/LibreYOLO_smoke-uvylj_hf_snapshot/train/images/frame_003515-1_jpg.rf.57959e1a6c178593e510e50d56be2b6d.jpg,/Users/mobcoderid-296/Desktop/fire-smoke/fire-smoke-cpu/data/raw/hf_candidates/LibreYOLO_smoke-uvylj_hf_snapshot/train/labels/frame_003515-1_jpg.rf.57959e1a6c178593e510e50d56be2b6d.txt,640,640,VALID_SMOKE,train,False,False,True,0,smoke,True,07f78539950afc7963ab191a69be1be1430745b5f7e21c7060dc32ac1642704e,1c1c9c9cfff9fcff,huggingface_snapshot,pending_review,hf_snapshot_revision_recorded,True,
libreyolo_train_frame_003520-1_jpg.rf.4d05b3581be8a1d3d440d87f6c25b291,/Users/mobcoderid-296/Desktop/fire-smoke/fire-smoke-cpu/data/raw/hf_candidates/LibreYOLO_smoke-uvylj_hf_snapshot/train/images/frame_003520-1_jpg.rf.4d05b3581be8a1d3d440d87f6c25b291.jpg,/Users/mobcoderid-296/Desktop/fire-smoke/fire-smoke-cpu/data/raw/hf_candidates/LibreYOLO_smoke-uvylj_hf_snapshot/train/labels/frame_003520-1_jpg.rf.4d05b3581be8a1d3d440d87f6c25b291.txt,640,640,VALID_SMOKE,train,False,False,True,0,smoke,True,f0a63ed8cd333f660522033834d445e8176110a2d7568e7a6dee76a9b658346d,1c1c9c9cfff9fcff,huggingface_snapshot,pending_review,hf_snapshot_revision_recorded,True,
libreyolo_train_frame_003525-1_jpg.rf.b9d42cd6755dfb9e4eba98ad56a3e89f,/Users/mobcoderid-296/Desktop/fire-smoke/fire-smoke-cpu/data/raw/hf_candidates/LibreYOLO_smoke-uvylj_hf_snapshot/train/images/frame_003525-1_jpg.rf.b9d42cd6755dfb9e4eba98ad56a3e89f.jpg,/Users/mobcoderid-296/Desktop/fire-smoke/fire-smoke-cpu/data/raw/hf_candidates/LibreYOLO_smoke-uvylj_hf_snapshot/train/labels/frame_003525-1_jpg.rf.b9d42cd6755dfb9e4eba98ad56a3e89f.txt,640,640,VALID_SMOKE,train,False,False,True,0,smoke,True,74b8fd0cf76512e2bab029d83be4041eaeb501e8caa2941b607f6f7a1983c5d4,1c1c9c9cfff9fcff,huggingface_snapshot,pending_review,hf_snapshot_revision_recorded,True,
libreyolo_train_frame_003530-1_jpg.rf.ce4f8f5a80b0db3f56eab8dee00b0932,/Users/mobcoderid-296/Desktop/fire-smoke/fire-smoke-cpu/data/raw/hf_candidates/LibreYOLO_smoke-uvylj_hf_snapshot/train/images/frame_003530-1_jpg.rf.ce4f8f5a80b0db3f56eab8dee00b0932.jpg,/Users/mobcoderid-296/Desktop/fire-smoke/fire-smoke-cpu/data/raw/hf_candidates/LibreYOLO_smoke-uvylj_hf_snapshot/train/labels/frame_003530-1_jpg.rf.ce4f8f5a80b0db3f56eab8dee00b0932.txt,640,640,VALID_SMOKE,train,False,False,True,0,smoke,True,3fa270c2155a9bd494f7eb887cb72d92ba503ac39ddb967e6469dcc8e71c62eb,1c1c9c9cfff9fcff,huggingface_snapshot,pending_review,hf_snapshot_revision_recorded,True,
libreyolo_train_frame_003550-1_jpg.rf.35a9b4bd7c1a6e5a554973217216d6a1,/Users/mobcoderid-296/Desktop/fire-smoke/fire-smoke-cpu/data/raw/hf_candidates/LibreYOLO_smoke-uvylj_hf_snapshot/train/images/frame_003550-1_jpg.rf.35a9b4bd7c1a6e5a554973217216d6a1.jpg,/Users/mobcoderid-296/Desktop/fire-smoke/fire-smoke-cpu/data/raw/hf_candidates/LibreYOLO_smoke-uvylj_hf_snapshot/train/labels/frame_003550-1_jpg.rf.35a9b4bd7c1a6e5a554973217216d6a1.txt,640,640,VALID_SMOKE,train,False,False,True,0,smoke,True,ba0ef8fad6d1154f67ab6069f76bd0526e06087666a88978d4712bf0f4d8de1f,1c1c9c9cfffbfcff,huggingface_snapshot,pending_review,hf_snapshot_revision_recorded,True,
libreyolo_train_frame_003555-1_jpg.rf.e2a7d49d3f862865c6972396697b3f5a,/Users/mobcoderid-296/Desktop/fire-smoke/fire-smoke-cpu/data/raw/hf_candidates/LibreYOLO_smoke-uvylj_hf_snapshot/train/images/frame_003555-1_jpg.rf.e2a7d49d3f862865c6972396697b3f5a.jpg,/Users/mobcoderid-296/Desktop/fire-smoke/fire-smoke-cpu/data/raw/hf_candidates/LibreYOLO_smoke-uvylj_hf_snapshot/train/labels/frame_003555-1_jpg.rf.e2a7d49d3f862865c6972396697b3f5a.txt,640,640,VALID_SMOKE,train,False,False,True,0,smoke,True,f6065658b7ec40e5efdf69d1dbba6037e2650236ee1251e4649916cb0146991a,1c1c9c9cfffbfcff,huggingface_snapshot,pending_review,hf_snapshot_revision_recorded,True,
libreyolo_train_frame_003560-1_jpg.rf.437684a86437dbb01739f74b8d772cf0,/Users/mobcoderid-296/Desktop/fire-smoke/fire-smoke-cpu/data/raw/hf_candidates/LibreYOLO_smoke-uvylj_hf_snapshot/train/images/frame_003560-1_jpg.rf.437684a86437dbb01739f74b8d772cf0.jpg,/Users/mobcoderid-296/Desktop/fire-smoke/fire-smoke-cpu/data/raw/hf_candidates/LibreYOLO_smoke-uvylj_hf_snapshot/train/labels/frame_003560-1_jpg.rf.437684a86437dbb01739f74b8d772cf0.txt,640,640,VALID_SMOKE,train,False,False,True,0,smoke,True,a858fdd6e78342acc58edc84553662e93f767e374b8cd4d38915339e93645ea2,1c1c9c9cfffbfcff,huggingface_snapshot,pending_review,hf_snapshot_revision_recorded,True,
libreyolo_train_frame_003565-1_jpg.rf.ab192d1466c057c825e44f4733c5d670,/Users/mobcoderid-296/Desktop/fire-smoke/fire-smoke-cpu/data/raw/hf_candidates/LibreYOLO_smoke-uvylj_hf_snapshot/train/images/frame_003565-1_jpg.rf.ab192d1466c057c825e44f4733c5d670.jpg,/Users/mobcoderid-296/Desktop/fire-smoke/fire-smoke-cpu/data/raw/hf_candidates/LibreYOLO_smoke-uvylj_hf_snapshot/train/labels/frame_003565-1_jpg.rf.ab192d1466c057c825e44f4733c5d670.txt,640,640,VALID_SMOKE,train,False,False,True,0,smoke,True,f7d45555166174eb044f653d32db3ed51b45b46378ef4ca7433f9a56be7097d2,1c1c9c1cfffbfcff,huggingface_snapshot,pending_review,hf_snapshot_revision_recorded,True,
libreyolo_train_frame_003575-1_jpg.rf.732058955be3d7fa4b078bdce3953d63,/Users/mobcoderid-296/Desktop/fire-smoke/fire-smoke-cpu/data/raw/hf_candidates/LibreYOLO_smoke-uvylj_hf_snapshot/train/images/frame_003575-1_jpg.rf.732058955be3d7fa4b078bdce3953d63.jpg,/Users/mobcoderid-296/Desktop/fire-smoke/fire-smoke-cpu/data/raw/hf_candidates/LibreYOLO_smoke-uvylj_hf_snapshot/train/labels/frame_003575-1_jpg.rf.732058955be3d7fa4b078bdce3953d63.txt,640,640,VALID_SMOKE,train,False,False,True,0,smoke,True,83771c312c9e1b3866a55627f91898534ad933a710d73088a2b9a36bab9d01d8,1c9c9c1cfffbfcff,huggingface_snapshot,pending_review,hf_snapshot_revision_recorded,True,
libreyolo_train_frame_003580-1_jpg.rf.2c2a2579dafdef0b554a6d2431de4f1e,/Users/mobcoderid-296/Desktop/fire-smoke/fire-smoke-cpu/data/raw/hf_candidates/LibreYOLO_smoke-uvylj_hf_snapshot/train/images/frame_003580-1_jpg.rf.2c2a2579dafdef0b554a6d2431de4f1e.jpg,/Users/mobcoderid-296/Desktop/fire-smoke/fire-smoke-cpu/data/raw/hf_candidates/LibreYOLO_smoke-uvylj_hf_snapshot/train/labels/frame_003580-1_jpg.rf.2c2a2579dafdef0b554a6d2431de4f1e.txt,640,640,VALID_SMOKE,train,False,False,True,0,smoke,True,fe3ef5b6570c4e224f5210f2adafab83e0a6e58d6fc58ab11a494e71a8af05dc,1c1c9c9cfffbfcff,huggingface_snapshot,pending_review,hf_snapshot_revision_recorded,True,
libreyolo_valid_frame_000000-1_jpg.rf.f6be833709566731b40571b626bf6ec3,/Users/mobcoderid-296/Desktop/fire-smoke/fire-smoke-cpu/data/raw/hf_candidates/LibreYOLO_smoke-uvylj_hf_snapshot/valid/images/frame_000000-1_jpg.rf.f6be833709566731b40571b626bf6ec3.jpg,/Users/mobcoderid-296/Desktop/fire-smoke/fire-smoke-cpu/data/raw/hf_candidates/LibreYOLO_smoke-uvylj_hf_snapshot/valid/labels/frame_000000-1_jpg.rf.f6be833709566731b40571b626bf6ec3.txt,640,640,VALID_SMOKE,valid,False,False,True,0,smoke,True,24bd232abddea7bb34732cee684e98f2c143a5d607d50409b646acfab204e0ed,8dc83818c0f8ffff,huggingface_snapshot,pending_review,hf_snapshot_revision_recorded,True,
libreyolo_valid_frame_000004-1_jpg.rf.2bf401acd6da388d760e0b7a1e7fbcf9,/Users/mobcoderid-296/Desktop/fire-smoke/fire-smoke-cpu/data/raw/hf_candidates/LibreYOLO_smoke-uvylj_hf_snapshot/valid/images/frame_000004-1_jpg.rf.2bf401acd6da388d760e0b7a1e7fbcf9.jpg,/Users/mobcoderid-296/Desktop/fire-smoke/fire-smoke-cpu/data/raw/hf_candidates/LibreYOLO_smoke-uvylj_hf_snapshot/valid/labels/frame_000004-1_jpg.rf.2bf401acd6da388d760e0b7a1e7fbcf9.txt,640,640,VALID_SMOKE,valid,False,False,True,0,smoke,True,706cf05706e959108c15de3419ebadacf9225c7ed665bc77d664f02b6dcfb262,8dc83018c0f8ffff,huggingface_snapshot,pending_review,hf_snapshot_revision_recorded,True,
libreyolo_valid_frame_000008-1_jpg.rf.f319f0a86bfa612367d37d28ec365268,/Users/mobcoderid-296/Desktop/fire-smoke/fire-smoke-cpu/data/raw/hf_candidates/LibreYOLO_smoke-uvylj_hf_snapshot/valid/images/frame_000008-1_jpg.rf.f319f0a86bfa612367d37d28ec365268.jpg,/Users/mobcoderid-296/Desktop/fire-smoke/fire-smoke-cpu/data/raw/hf_candidates/LibreYOLO_smoke-uvylj_hf_snapshot/valid/labels/frame_000008-1_jpg.rf.f319f0a86bfa612367d37d28ec365268.txt,640,640,VALID_SMOKE,valid,False,False,True,0,smoke,True,984e7230eeeaaadd05af83880400c2bbffcbda1c498e2f61f58111c82043e205,8dc83018c0f8ffff,huggingface_snapshot,pending_review,hf_snapshot_revision_recorded,True,
libreyolo_valid_frame_000010-5_jpg.rf.62f4b6727339262922d5918ebfc7db28,/Users/mobcoderid-296/Desktop/fire-smoke/fire-smoke-cpu/data/raw/hf_candidates/LibreYOLO_smoke-uvylj_hf_snapshot/valid/images/frame_000010-5_jpg.rf.62f4b6727339262922d5918ebfc7db28.jpg,/Users/mobcoderid-296/Desktop/fire-smoke/fire-smoke-cpu/data/raw/hf_candidates/LibreYOLO_smoke-uvylj_hf_snapshot/valid/labels/frame_000010-5_jpg.rf.62f4b6727339262922d5918ebfc7db28.txt,640,640,VALID_SMOKE,valid,False,False,True,0,smoke,True,afe7d816230aaf120326e7084b915e1fc2bed9deff9502e7da757c6dc389d14a,8707000707ffffff,huggingface_snapshot,pending_review,hf_snapshot_revision_recorded,True,
libreyolo_valid_frame_000010_jpg.rf.66d24e086c9087725b756d6dac3233c4,/Users/mobcoderid-296/Desktop/fire-smoke/fire-smoke-cpu/data/raw/hf_candidates/LibreYOLO_smoke-uvylj_hf_snapshot/valid/images/frame_000010_jpg.rf.66d24e086c9087725b756d6dac3233c4.jpg,/Users/mobcoderid-296/Desktop/fire-smoke/fire-smoke-cpu/data/raw/hf_candidates/LibreYOLO_smoke-uvylj_hf_snapshot/valid/labels/frame_000010_jpg.rf.66d24e086c9087725b756d6dac3233c4.txt,640,640,VALID_SMOKE,valid,False,False,True,0,smoke,True,f7e09ee64e3498dbaa7e5ce9950cb56ddaf53d70f14d2fdf675592c97a429a6d,fff83c1c1c9cc0c0,huggingface_snapshot,pending_review,hf_snapshot_revision_recorded,True,
libreyolo_valid_frame_000020-1_jpg.rf.30d0dec9e9ef46b490278464dbb44094,/Users/mobcoderid-296/Desktop/fire-smoke/fire-smoke-cpu/data/raw/hf_candidates/LibreYOLO_smoke-uvylj_hf_snapshot/valid/images/frame_000020-1_jpg.rf.30d0dec9e9ef46b490278464dbb44094.jpg,/Users/mobcoderid-296/Desktop/fire-smoke/fire-smoke-cpu/data/raw/hf_candidates/LibreYOLO_smoke-uvylj_hf_snapshot/valid/labels/frame_000020-1_jpg.rf.30d0dec9e9ef46b490278464dbb44094.txt,640,640,VALID_SMOKE,valid,False,False,True,0,smoke,True,4cbf9eab1371014bc305e4267d0fc2888117c2a5302c1d094555dfcc6e5f9af4,8dc83010c0f8ffff,huggingface_snapshot,pending_review,hf_snapshot_revision_recorded,True,
libreyolo_valid_frame_000024-1_jpg.rf.3cc4ef5a90ebf978bfad85643ed31c01,/Users/mobcoderid-296/Desktop/fire-smoke/fire-smoke-cpu/data/raw/hf_candidates/LibreYOLO_smoke-uvylj_hf_snapshot/valid/images/frame_000024-1_jpg.rf.3cc4ef5a90ebf978bfad85643ed31c01.jpg,/Users/mobcoderid-296/Desktop/fire-smoke/fire-smoke-cpu/data/raw/hf_candidates/LibreYOLO_smoke-uvylj_hf_snapshot/valid/labels/frame_000024-1_jpg.rf.3cc4ef5a90ebf978bfad85643ed31c01.txt,640,640,VALID_SMOKE,valid,False,False,True,0,smoke,True,e01902a91c799d403c312c456ccce6275cfaee79fd7bc939f3fea270c2ec67a7,8dc03090c1f8ffff,huggingface_snapshot,pending_review,hf_snapshot_revision_recorded,True,
libreyolo_valid_frame_000025-2_jpg.rf.01499dbe1b9218b2f81b6bfc725c4280,/Users/mobcoderid-296/Desktop/fire-smoke/fire-smoke-cpu/data/raw/hf_candidates/LibreYOLO_smoke-uvylj_hf_snapshot/valid/images/frame_000025-2_jpg.rf.01499dbe1b9218b2f81b6bfc725c4280.jpg,/Users/mobcoderid-296/Desktop/fire-smoke/fire-smoke-cpu/data/raw/hf_candidates/LibreYOLO_smoke-uvylj_hf_snapshot/valid/labels/frame_000025-2_jpg.rf.01499dbe1b9218b2f81b6bfc725c4280.txt,640,640,VALID_SMOKE,valid,False,False,True,0,smoke,True,397daaddd9b0aee8495cad01218309b2721a607c44fd67f4edbaf6fe3dacb317,2100c08107bfffff,huggingface_snapshot,pending_review,hf_snapshot_revision_recorded,True,
libreyolo_valid_frame_000028-1_jpg.rf.0a9627a2da58bcb91c203529fe4edc2f,/Users/mobcoderid-296/Desktop/fire-smoke/fire-smoke-cpu/data/raw/hf_candidates/LibreYOLO_smoke-uvylj_hf_snapshot/valid/images/frame_000028-1_jpg.rf.0a9627a2da58bcb91c203529fe4edc2f.jpg,/Users/mobcoderid-296/Desktop/fire-smoke/fire-smoke-cpu/data/raw/hf_candidates/LibreYOLO_smoke-uvylj_hf_snapshot/valid/labels/frame_000028-1_jpg.rf.0a9627a2da58bcb91c203529fe4edc2f.txt,640,640,VALID_SMOKE,valid,False,False,True,0,smoke,True,9d180ef1d7bac5247822037f5a1f80f984c4ee23ed9eacd7123995d3e72c4c08,8dc02090c0f8ffff,huggingface_snapshot,pending_review,hf_snapshot_revision_recorded,True,
libreyolo_valid_frame_000030-1_jpg.rf.44df54b4aaba15daec1a59d10cfeb790,/Users/mobcoderid-296/Desktop/fire-smoke/fire-smoke-cpu/data/raw/hf_candidates/LibreYOLO_smoke-uvylj_hf_snapshot/valid/images/frame_000030-1_jpg.rf.44df54b4aaba15daec1a59d10cfeb790.jpg,/Users/mobcoderid-296/Desktop/fire-smoke/fire-smoke-cpu/data/raw/hf_candidates/LibreYOLO_smoke-uvylj_hf_snapshot/valid/labels/frame_000030-1_jpg.rf.44df54b4aaba15daec1a59d10cfeb790.txt,640,640,VALID_SMOKE,valid,False,False,True,0,smoke,True,b6f21e35bf95b98b6ceb7461789b1f030b5188cbe4fd5bdb9a46bec3c6cb64e5,8dc02090c0f8ffff,huggingface_snapshot,pending_review,hf_snapshot_revision_recorded,True,
libreyolo_valid_frame_000030-2_jpg.rf.b42a19ae85d21f1bcc28b3bedeb07642,/Users/mobcoderid-296/Desktop/fire-smoke/fire-smoke-cpu/data/raw/hf_candidates/LibreYOLO_smoke-uvylj_hf_snapshot/valid/images/frame_000030-2_jpg.rf.b42a19ae85d21f1bcc28b3bedeb07642.jpg,/Users/mobcoderid-296/Desktop/fire-smoke/fire-smoke-cpu/data/raw/hf_candidates/LibreYOLO_smoke-uvylj_hf_snapshot/valid/labels/frame_000030-2_jpg.rf.b42a19ae85d21f1bcc28b3bedeb07642.txt,640,640,VALID_SMOKE,valid,False,False,True,0,smoke,True,8ba7bd03bb7422028c6fd0be15e15ae3766b538091360de263d7c709ab29f025,2000c00107bfffff,huggingface_snapshot,pending_review,hf_snapshot_revision_recorded,True,
libreyolo_valid_frame_000034-1_jpg.rf.fd4000ea49bd4653d1b70771bb038f80,/Users/mobcoderid-296/Desktop/fire-smoke/fire-smoke-cpu/data/raw/hf_candidates/LibreYOLO_smoke-uvylj_hf_snapshot/valid/images/frame_000034-1_jpg.rf.fd4000ea49bd4653d1b70771bb038f80.jpg,/Users/mobcoderid-296/Desktop/fire-smoke/fire-smoke-cpu/data/raw/hf_candidates/LibreYOLO_smoke-uvylj_hf_snapshot/valid/labels/frame_000034-1_jpg.rf.fd4000ea49bd4653d1b70771bb038f80.txt,640,640,VALID_SMOKE,valid,False,False,True,0,smoke,True,cbe049d15505b8c3e92215c7e813628c5455be611d6b36e3fe84f8d09d394081,8dc02090c1f8ffff,huggingface_snapshot,pending_review,hf_snapshot_revision_recorded,True,
libreyolo_valid_frame_000038-1_jpg.rf.6b4d0a30da0f27963f1e160abd60b578,/Users/mobcoderid-296/Desktop/fire-smoke/fire-smoke-cpu/data/raw/hf_candidates/LibreYOLO_smoke-uvylj_hf_snapshot/valid/images/frame_000038-1_jpg.rf.6b4d0a30da0f27963f1e160abd60b578.jpg,/Users/mobcoderid-296/Desktop/fire-smoke/fire-smoke-cpu/data/raw/hf_candidates/LibreYOLO_smoke-uvylj_hf_snapshot/valid/labels/frame_000038-1_jpg.rf.6b4d0a30da0f27963f1e160abd60b578.txt,640,640,VALID_SMOKE,valid,False,False,True,0,smoke,True,ae3628660133078a8ab4d9ec56bbc3950d8bb51d1ce61f98107a84a1719963d1,8dc02090c1f8ffff,huggingface_snapshot,pending_review,hf_snapshot_revision_recorded,True,
libreyolo_valid_frame_000044-1_jpg.rf.83b298ddcac1206a1f5f6b799629c51f,/Users/mobcoderid-296/Desktop/fire-smoke/fire-smoke-cpu/data/raw/hf_candidates/LibreYOLO_smoke-uvylj_hf_snapshot/valid/images/frame_000044-1_jpg.rf.83b298ddcac1206a1f5f6b799629c51f.jpg,/Users/mobcoderid-296/Desktop/fire-smoke/fire-smoke-cpu/data/raw/hf_candidates/LibreYOLO_smoke-uvylj_hf_snapshot/valid/labels/frame_000044-1_jpg.rf.83b298ddcac1206a1f5f6b799629c51f.txt,640,640,VALID_SMOKE,valid,False,False,True,0,smoke,True,019fea268a27c6998674a5942785162df133f045f6f09697a71939f84a9f345a,8dc0a0d0e1fcffff,huggingface_snapshot,pending_review,hf_snapshot_revision_recorded,True,
libreyolo_valid_frame_000048-1_jpg.rf.f58a3d2a0acf58417dc28b9ec44f7cf0,/Users/mobcoderid-296/Desktop/fire-smoke/fire-smoke-cpu/data/raw/hf_candidates/LibreYOLO_smoke-uvylj_hf_snapshot/valid/images/frame_000048-1_jpg.rf.f58a3d2a0acf58417dc28b9ec44f7cf0.jpg,/Users/mobcoderid-296/Desktop/fire-smoke/fire-smoke-cpu/data/raw/hf_candidates/LibreYOLO_smoke-uvylj_hf_snapshot/valid/labels/frame_000048-1_jpg.rf.f58a3d2a0acf58417dc28b9ec44f7cf0.txt,640,640,VALID_SMOKE,valid,False,False,True,0,smoke,True,47d964297c4032c3e791cf0adaabc40346f17c6ceef680c8d2e82dc8ea87ba69,8dc0a0d0e1fcffff,huggingface_snapshot,pending_review,hf_snapshot_revision_recorded,True,
libreyolo_valid_frame_000049-1_jpg.rf.68bdd8bb87e39284f8d24b51b8ae774e,/Users/mobcoderid-296/Desktop/fire-smoke/fire-smoke-cpu/data/raw/hf_candidates/LibreYOLO_smoke-uvylj_hf_snapshot/valid/images/frame_000049-1_jpg.rf.68bdd8bb87e39284f8d24b51b8ae774e.jpg,/Users/mobcoderid-296/Desktop/fire-smoke/fire-smoke-cpu/data/raw/hf_candidates/LibreYOLO_smoke-uvylj_hf_snapshot/valid/labels/frame_000049-1_jpg.rf.68bdd8bb87e39284f8d24b51b8ae774e.txt,640,640,VALID_SMOKE,valid,False,False,True,0,smoke,True,8e9602124aac75138cdbf34015bcbfc7608bc4d9e06f93d81dd121f72063ec42,8dc0a0d0e1fcffff,huggingface_snapshot,pending_review,hf_snapshot_revision_recorded,True,
libreyolo_valid_frame_000055-1_jpg.rf.e8e8eb3e8a0a93b810f9fa9a8693a3df,/Users/mobcoderid-296/Desktop/fire-smoke/fire-smoke-cpu/data/raw/hf_candidates/LibreYOLO_smoke-uvylj_hf_snapshot/valid/images/frame_000055-1_jpg.rf.e8e8eb3e8a0a93b810f9fa9a8693a3df.jpg,/Users/mobcoderid-296/Desktop/fire-smoke/fire-smoke-cpu/data/raw/hf_candidates/LibreYOLO_smoke-uvylj_hf_snapshot/valid/labels/frame_000055-1_jpg.rf.e8e8eb3e8a0a93b810f9fa9a8693a3df.txt,640,640,VALID_SMOKE,valid,False,False,True,0,smoke,True,15a084d1d3f074d4a73cb5a54a835430fab79bf45bae73a298327e857c2bd181,8dc0a0d0e1fcffff,huggingface_snapshot,pending_review,hf_snapshot_revision_recorded,True,
libreyolo_valid_frame_000055-4_jpg.rf.7795116e77de5e4f56ee3af046e71388,/Users/mobcoderid-296/Desktop/fire-smoke/fire-smoke-cpu/data/raw/hf_candidates/LibreYOLO_smoke-uvylj_hf_snapshot/valid/images/frame_000055-4_jpg.rf.7795116e77de5e4f56ee3af046e71388.jpg,/Users/mobcoderid-296/Desktop/fire-smoke/fire-smoke-cpu/data/raw/hf_candidates/LibreYOLO_smoke-uvylj_hf_snapshot/valid/labels/frame_000055-4_jpg.rf.7795116e77de5e4f56ee3af046e71388.txt,640,640,VALID_SMOKE,valid,False,False,True,0,smoke,True,880380674fa575243e20b057d18eabec0f19c09f0579516fe933ae8bffdad931,ffff13030080c2f0,huggingface_snapshot,pending_review,hf_snapshot_revision_recorded,True,
libreyolo_valid_frame_000058-1_jpg.rf.638a52d2b1f5ae747ab97125bdc3f43f,/Users/mobcoderid-296/Desktop/fire-smoke/fire-smoke-cpu/data/raw/hf_candidates/LibreYOLO_smoke-uvylj_hf_snapshot/valid/images/frame_000058-1_jpg.rf.638a52d2b1f5ae747ab97125bdc3f43f.jpg,/Users/mobcoderid-296/Desktop/fire-smoke/fire-smoke-cpu/data/raw/hf_candidates/LibreYOLO_smoke-uvylj_hf_snapshot/valid/labels/frame_000058-1_jpg.rf.638a52d2b1f5ae747ab97125bdc3f43f.txt,640,640,VALID_SMOKE,valid,False,False,True,0,smoke,True,fc255597803ce11de62f9ef98f5bf0a6081403b8961d3ca776c10cd2650ff306,8dc0a0d4e1fcffff,huggingface_snapshot,pending_review,hf_snapshot_revision_recorded,True,
libreyolo_valid_frame_000065-2_jpg.rf.bd5cf898348217d008908245c5f33e79,/Users/mobcoderid-296/Desktop/fire-smoke/fire-smoke-cpu/data/raw/hf_candidates/LibreYOLO_smoke-uvylj_hf_snapshot/valid/images/frame_000065-2_jpg.rf.bd5cf898348217d008908245c5f33e79.jpg,/Users/mobcoderid-296/Desktop/fire-smoke/fire-smoke-cpu/data/raw/hf_candidates/LibreYOLO_smoke-uvylj_hf_snapshot/valid/labels/frame_000065-2_jpg.rf.bd5cf898348217d008908245c5f33e79.txt,640,640,VALID_SMOKE,valid,False,False,True,0,smoke,True,8154e5c5980ffca4374098b89a9037860d22acf5ca5ef47c32d643abc78c4f69,0101c003077fffff,huggingface_snapshot,pending_review,hf_snapshot_revision_recorded,True,
libreyolo_valid_frame_000075_jpg.rf.96cc385ac6b0bc812bfb76d5d3f79064,/Users/mobcoderid-296/Desktop/fire-smoke/fire-smoke-cpu/data/raw/hf_candidates/LibreYOLO_smoke-uvylj_hf_snapshot/valid/images/frame_000075_jpg.rf.96cc385ac6b0bc812bfb76d5d3f79064.jpg,/Users/mobcoderid-296/Desktop/fire-smoke/fire-smoke-cpu/data/raw/hf_candidates/LibreYOLO_smoke-uvylj_hf_snapshot/valid/labels/frame_000075_jpg.rf.96cc385ac6b0bc812bfb76d5d3f79064.txt,640,640,VALID_SMOKE,valid,False,False,True,0,smoke,True,1b1484b5329592340a3be48b3779bab47e81731e8b887cc76a2db1f640a75535,fffce83c2c1c0040,huggingface_snapshot,pending_review,hf_snapshot_revision_recorded,True,
libreyolo_valid_frame_000085-2_jpg.rf.d86b80c63c1b4025fb2874859eadb340,/Users/mobcoderid-296/Desktop/fire-smoke/fire-smoke-cpu/data/raw/hf_candidates/LibreYOLO_smoke-uvylj_hf_snapshot/valid/images/frame_000085-2_jpg.rf.d86b80c63c1b4025fb2874859eadb340.jpg,/Users/mobcoderid-296/Desktop/fire-smoke/fire-smoke-cpu/data/raw/hf_candidates/LibreYOLO_smoke-uvylj_hf_snapshot/valid/labels/frame_000085-2_jpg.rf.d86b80c63c1b4025fb2874859eadb340.txt,640,640,VALID_SMOKE,valid,False,False,True,0,smoke,True,b8f82b68cc62e98164eb3d04ecae443d1a4a3043f5e7e6d2d5f0848e8856a936,0101c0030f7fffff,huggingface_snapshot,pending_review,hf_snapshot_revision_recorded,True,
libreyolo_valid_frame_000085_jpg.rf.3352aa266e33278a0a00d6d004e0cbdc,/Users/mobcoderid-296/Desktop/fire-smoke/fire-smoke-cpu/data/raw/hf_candidates/LibreYOLO_smoke-uvylj_hf_snapshot/valid/images/frame_000085_jpg.rf.3352aa266e33278a0a00d6d004e0cbdc.jpg,/Users/mobcoderid-296/Desktop/fire-smoke/fire-smoke-cpu/data/raw/hf_candidates/LibreYOLO_smoke-uvylj_hf_snapshot/valid/labels/frame_000085_jpg.rf.3352aa266e33278a0a00d6d004e0cbdc.txt,640,640,VALID_SMOKE,valid,False,False,True,0,smoke,True,b3d42cf952af95fc4878f2b1ab9ab17f7b31674173e6c66600a5475c38c8df07,ffecf83c2c1c1cc0,huggingface_snapshot,pending_review,hf_snapshot_revision_recorded,True,
libreyolo_valid_frame_000100-2_jpg.rf.29e18063287627444d75e56fbe81d18a,/Users/mobcoderid-296/Desktop/fire-smoke/fire-smoke-cpu/data/raw/hf_candidates/LibreYOLO_smoke-uvylj_hf_snapshot/valid/images/frame_000100-2_jpg.rf.29e18063287627444d75e56fbe81d18a.jpg,/Users/mobcoderid-296/Desktop/fire-smoke/fire-smoke-cpu/data/raw/hf_candidates/LibreYOLO_smoke-uvylj_hf_snapshot/valid/labels/frame_000100-2_jpg.rf.29e18063287627444d75e56fbe81d18a.txt,640,640,VALID_SMOKE,valid,False,False,True,0,smoke,True,b5f3c1b0db7847fae6fb874f31f4bd661a448b66f17ed291aec5d5522d341f88,0101c0030f7fffff,huggingface_snapshot,pending_review,hf_snapshot_revision_recorded,True,
libreyolo_valid_frame_000100_jpg.rf.5af0dcb40b9dd94865cfbe71d5579907,/Users/mobcoderid-296/Desktop/fire-smoke/fire-smoke-cpu/data/raw/hf_candidates/LibreYOLO_smoke-uvylj_hf_snapshot/valid/images/frame_000100_jpg.rf.5af0dcb40b9dd94865cfbe71d5579907.jpg,/Users/mobcoderid-296/Desktop/fire-smoke/fire-smoke-cpu/data/raw/hf_candidates/LibreYOLO_smoke-uvylj_hf_snapshot/valid/labels/frame_000100_jpg.rf.5af0dcb40b9dd94865cfbe71d5579907.txt,640,640,VALID_SMOKE,valid,False,False,True,0,smoke,True,a8e2dde1d31d3d5fa0e48621373a8d6741bfeeb4f91d40e1953ace7ab163d0fc,bfdff83c0c1c0cc0,huggingface_snapshot,pending_review,hf_snapshot_revision_recorded,True,
libreyolo_valid_frame_000110-2_jpg.rf.aa4f03059a015b96fe0bc324d1679a96,/Users/mobcoderid-296/Desktop/fire-smoke/fire-smoke-cpu/data/raw/hf_candidates/LibreYOLO_smoke-uvylj_hf_snapshot/valid/images/frame_000110-2_jpg.rf.aa4f03059a015b96fe0bc324d1679a96.jpg,/Users/mobcoderid-296/Desktop/fire-smoke/fire-smoke-cpu/data/raw/hf_candidates/LibreYOLO_smoke-uvylj_hf_snapshot/valid/labels/frame_000110-2_jpg.rf.aa4f03059a015b96fe0bc324d1679a96.txt,640,640,VALID_SMOKE,valid,False,False,True,0,smoke,True,2ac3b8c7a65c14793cc24d035a83573ea152a40cf23a96d7c965f130aabcfc67,0101c003077fffff,huggingface_snapshot,pending_review,hf_snapshot_revision_recorded,True,
libreyolo_valid_frame_000115_jpg.rf.4a2f22e02b0bf58688b744d25e07182e,/Users/mobcoderid-296/Desktop/fire-smoke/fire-smoke-cpu/data/raw/hf_candidates/LibreYOLO_smoke-uvylj_hf_snapshot/valid/images/frame_000115_jpg.rf.4a2f22e02b0bf58688b744d25e07182e.jpg,/Users/mobcoderid-296/Desktop/fire-smoke/fire-smoke-cpu/data/raw/hf_candidates/LibreYOLO_smoke-uvylj_hf_snapshot/valid/labels/frame_000115_jpg.rf.4a2f22e02b0bf58688b744d25e07182e.txt,640,640,VALID_SMOKE,valid,False,False,True,0,smoke,True,485f2c20dfc3a2f4cc8149a2c667be696fdb4de61e999a572fd818c23f9c0b1c,bffe381c1c1d0cc0,huggingface_snapshot,pending_review,hf_snapshot_revision_recorded,True,
libreyolo_valid_frame_000120-2_jpg.rf.d36315e303081d1de0b68da68ab2126b,/Users/mobcoderid-296/Desktop/fire-smoke/fire-smoke-cpu/data/raw/hf_candidates/LibreYOLO_smoke-uvylj_hf_snapshot/valid/images/frame_000120-2_jpg.rf.d36315e303081d1de0b68da68ab2126b.jpg,/Users/mobcoderid-296/Desktop/fire-smoke/fire-smoke-cpu/data/raw/hf_candidates/LibreYOLO_smoke-uvylj_hf_snapshot/valid/labels/frame_000120-2_jpg.rf.d36315e303081d1de0b68da68ab2126b.txt,640,640,VALID_SMOKE,valid,False,False,True,0,smoke,True,6b1f3d0157ace175a34673b9e2de91cfaaf50012eef6db0b09f37211aaeb63a8,0101c003077fffff,huggingface_snapshot,pending_review,hf_snapshot_revision_recorded,True,
libreyolo_valid_frame_000125-3_jpg.rf.daa35f65eb0176540407269ac988f30d,/Users/mobcoderid-296/Desktop/fire-smoke/fire-smoke-cpu/data/raw/hf_candidates/LibreYOLO_smoke-uvylj_hf_snapshot/valid/images/frame_000125-3_jpg.rf.daa35f65eb0176540407269ac988f30d.jpg,/Users/mobcoderid-296/Desktop/fire-smoke/fire-smoke-cpu/data/raw/hf_candidates/LibreYOLO_smoke-uvylj_hf_snapshot/valid/labels/frame_000125-3_jpg.rf.daa35f65eb0176540407269ac988f30d.txt,640,640,VALID_SMOKE,valid,False,False,True,0,smoke,True,4719d8c7b9e9626cd7b939e7453f0f41515cb599ac248dc215627b92c5f03d41,ff1f0f0401030f3f,huggingface_snapshot,pending_review,hf_snapshot_revision_recorded,True,
libreyolo_valid_frame_000125_jpg.rf.e1176b35cea943df95f024e231d15ac2,/Users/mobcoderid-296/Desktop/fire-smoke/fire-smoke-cpu/data/raw/hf_candidates/LibreYOLO_smoke-uvylj_hf_snapshot/valid/images/frame_000125_jpg.rf.e1176b35cea943df95f024e231d15ac2.jpg,/Users/mobcoderid-296/Desktop/fire-smoke/fire-smoke-cpu/data/raw/hf_candidates/LibreYOLO_smoke-uvylj_hf_snapshot/valid/labels/frame_000125_jpg.rf.e1176b35cea943df95f024e231d15ac2.txt,640,640,VALID_SMOKE,valid,False,False,True,0,smoke,True,d83af98b23b58fec41fddc55c41a349e060e03aceab8a74f9622cbaa92a8f2a2,bfce281c0c1d0ec0,huggingface_snapshot,pending_review,hf_snapshot_revision_recorded,True,
libreyolo_valid_frame_000135-4_jpg.rf.6b998ddb050c6f7ec90c36b32012b5f2,/Users/mobcoderid-296/Desktop/fire-smoke/fire-smoke-cpu/data/raw/hf_candidates/LibreYOLO_smoke-uvylj_hf_snapshot/valid/images/frame_000135-4_jpg.rf.6b998ddb050c6f7ec90c36b32012b5f2.jpg,/Users/mobcoderid-296/Desktop/fire-smoke/fire-smoke-cpu/data/raw/hf_candidates/LibreYOLO_smoke-uvylj_hf_snapshot/valid/labels/frame_000135-4_jpg.rf.6b998ddb050c6f7ec90c36b32012b5f2.txt,640,640,VALID_SMOKE,valid,False,False,True,0,smoke,True,bbbcc418511b1649cc3b8746a9d54b4b8e82abfb19eedf009da93c6bd6eaff15,fbfbc1c1c0c0c2e0,huggingface_snapshot,pending_review,hf_snapshot_revision_recorded,True,
libreyolo_valid_frame_000140-2_jpg.rf.6aab656e2b6d83a697c51db254feeadb,/Users/mobcoderid-296/Desktop/fire-smoke/fire-smoke-cpu/data/raw/hf_candidates/LibreYOLO_smoke-uvylj_hf_snapshot/valid/images/frame_000140-2_jpg.rf.6aab656e2b6d83a697c51db254feeadb.jpg,/Users/mobcoderid-296/Desktop/fire-smoke/fire-smoke-cpu/data/raw/hf_candidates/LibreYOLO_smoke-uvylj_hf_snapshot/valid/labels/frame_000140-2_jpg.rf.6aab656e2b6d83a697c51db254feeadb.txt,640,640,VALID_SMOKE,valid,False,False,True,0,smoke,True,35dc243b742d72acc17f7d44467b07969914685ce54f07630f114bf791fb330b,01018003077fffff,huggingface_snapshot,pending_review,hf_snapshot_revision_recorded,True,
libreyolo_valid_frame_000140-3_jpg.rf.75e42026942ee89b2f8adb1d5079f713,/Users/mobcoderid-296/Desktop/fire-smoke/fire-smoke-cpu/data/raw/hf_candidates/LibreYOLO_smoke-uvylj_hf_snapshot/valid/images/frame_000140-3_jpg.rf.75e42026942ee89b2f8adb1d5079f713.jpg,/Users/mobcoderid-296/Desktop/fire-smoke/fire-smoke-cpu/data/raw/hf_candidates/LibreYOLO_smoke-uvylj_hf_snapshot/valid/labels/frame_000140-3_jpg.rf.75e42026942ee89b2f8adb1d5079f713.txt,640,640,VALID_SMOKE,valid,False,False,True,0,smoke,True,fa803dd3b8a35861578fdac69f1f0dce7cb30af75bb55271781dd7936a18e6a3,ff1f0f0403031f3f,huggingface_snapshot,pending_review,hf_snapshot_revision_recorded,True,
libreyolo_valid_frame_000145-5_jpg.rf.56b02c91f846b6b15c03f689b807816d,/Users/mobcoderid-296/Desktop/fire-smoke/fire-smoke-cpu/data/raw/hf_candidates/LibreYOLO_smoke-uvylj_hf_snapshot/valid/images/frame_000145-5_jpg.rf.56b02c91f846b6b15c03f689b807816d.jpg,/Users/mobcoderid-296/Desktop/fire-smoke/fire-smoke-cpu/data/raw/hf_candidates/LibreYOLO_smoke-uvylj_hf_snapshot/valid/labels/frame_000145-5_jpg.rf.56b02c91f846b6b15c03f689b807816d.txt,640,640,VALID_SMOKE,valid,False,False,True,0,smoke,True,e87dcc88212eb56900860d495562acd6175660004de7f49af4950af6242d8f6e,030380031fffffff,huggingface_snapshot,pending_review,hf_snapshot_revision_recorded,True,
libreyolo_valid_frame_000150-3_jpg.rf.ea27d28ee868f90e5d800967b9a15048,/Users/mobcoderid-296/Desktop/fire-smoke/fire-smoke-cpu/data/raw/hf_candidates/LibreYOLO_smoke-uvylj_hf_snapshot/valid/images/frame_000150-3_jpg.rf.ea27d28ee868f90e5d800967b9a15048.jpg,/Users/mobcoderid-296/Desktop/fire-smoke/fire-smoke-cpu/data/raw/hf_candidates/LibreYOLO_smoke-uvylj_hf_snapshot/valid/labels/frame_000150-3_jpg.rf.ea27d28ee868f90e5d800967b9a15048.txt,640,640,VALID_SMOKE,valid,False,False,True,0,smoke,True,f61a5573742b43ce5a4f6e2522080433881d13a4dadfcd96713d585ec4e1815f,ff1f0f040103073f,huggingface_snapshot,pending_review,hf_snapshot_revision_recorded,True,
libreyolo_valid_frame_000165-5_jpg.rf.cb07706f920bc6269d1047b7c9117254,/Users/mobcoderid-296/Desktop/fire-smoke/fire-smoke-cpu/data/raw/hf_candidates/LibreYOLO_smoke-uvylj_hf_snapshot/valid/images/frame_000165-5_jpg.rf.cb07706f920bc6269d1047b7c9117254.jpg,/Users/mobcoderid-296/Desktop/fire-smoke/fire-smoke-cpu/data/raw/hf_candidates/LibreYOLO_smoke-uvylj_hf_snapshot/valid/labels/frame_000165-5_jpg.rf.cb07706f920bc6269d1047b7c9117254.txt,640,640,VALID_SMOKE,valid,False,False,True,0,smoke,True,b57dc3d351e17ba17e69c6b4c561d97190bed791a5d362c219021619cfeeb18b,030380033fffffff,huggingface_snapshot,pending_review,hf_snapshot_revision_recorded,True,
libreyolo_valid_frame_000170-5_jpg.rf.89bd2c89ef9ca9fbeb2e269d7d809f8f,/Users/mobcoderid-296/Desktop/fire-smoke/fire-smoke-cpu/data/raw/hf_candidates/LibreYOLO_smoke-uvylj_hf_snapshot/valid/images/frame_000170-5_jpg.rf.89bd2c89ef9ca9fbeb2e269d7d809f8f.jpg,/Users/mobcoderid-296/Desktop/fire-smoke/fire-smoke-cpu/data/raw/hf_candidates/LibreYOLO_smoke-uvylj_hf_snapshot/valid/labels/frame_000170-5_jpg.rf.89bd2c89ef9ca9fbeb2e269d7d809f8f.txt,640,640,VALID_SMOKE,valid,False,False,True,0,smoke,True,7a2e99f2bcf9cf814579affb9bc92db8a94772687c5fe7a40e60089e3e3f1add,030380033fffffff,huggingface_snapshot,pending_review,hf_snapshot_revision_recorded,True,
libreyolo_valid_frame_000175-5_jpg.rf.585e2228e3004da46b547925abf13cc7,/Users/mobcoderid-296/Desktop/fire-smoke/fire-smoke-cpu/data/raw/hf_candidates/LibreYOLO_smoke-uvylj_hf_snapshot/valid/images/frame_000175-5_jpg.rf.585e2228e3004da46b547925abf13cc7.jpg,/Users/mobcoderid-296/Desktop/fire-smoke/fire-smoke-cpu/data/raw/hf_candidates/LibreYOLO_smoke-uvylj_hf_snapshot/valid/labels/frame_000175-5_jpg.rf.585e2228e3004da46b547925abf13cc7.txt,640,640,VALID_SMOKE,valid,False,False,True,0,smoke,True,cac2a2578ca07730dd2f90fb4d29a4c26eb6bf3e079b9b46393374c912a37540,030380033fffffff,huggingface_snapshot,pending_review,hf_snapshot_revision_recorded,True,
libreyolo_valid_frame_000180-2_jpg.rf.6da7e5281da3994b329aa40d9d5e2a5d,/Users/mobcoderid-296/Desktop/fire-smoke/fire-smoke-cpu/data/raw/hf_candidates/LibreYOLO_smoke-uvylj_hf_snapshot/valid/images/frame_000180-2_jpg.rf.6da7e5281da3994b329aa40d9d5e2a5d.jpg,/Users/mobcoderid-296/Desktop/fire-smoke/fire-smoke-cpu/data/raw/hf_candidates/LibreYOLO_smoke-uvylj_hf_snapshot/valid/labels/frame_000180-2_jpg.rf.6da7e5281da3994b329aa40d9d5e2a5d.txt,640,640,VALID_SMOKE,valid,False,False,True,0,smoke,True,0ad4cc05533efa510b68a62e8922fd3d2914588513acdccb08aaa62940256627,0101c0030f7fffff,huggingface_snapshot,pending_review,hf_snapshot_revision_recorded,True,
libreyolo_valid_frame_000180-5_jpg.rf.0a0fb088df3e6b0b272f4bebe17980c0,/Users/mobcoderid-296/Desktop/fire-smoke/fire-smoke-cpu/data/raw/hf_candidates/LibreYOLO_smoke-uvylj_hf_snapshot/valid/images/frame_000180-5_jpg.rf.0a0fb088df3e6b0b272f4bebe17980c0.jpg,/Users/mobcoderid-296/Desktop/fire-smoke/fire-smoke-cpu/data/raw/hf_candidates/LibreYOLO_smoke-uvylj_hf_snapshot/valid/labels/frame_000180-5_jpg.rf.0a0fb088df3e6b0b272f4bebe17980c0.txt,640,640,VALID_SMOKE,valid,False,False,True,0,smoke,True,2028c006bfc4bef528984bba8a1686541b317c7032255a5a20d948f1d8881a0a,030380023fffffff,huggingface_snapshot,pending_review,hf_snapshot_revision_recorded,True,
libreyolo_valid_frame_000185-5_jpg.rf.f3d936ab648f2b64108a111d51fd9e1b,/Users/mobcoderid-296/Desktop/fire-smoke/fire-smoke-cpu/data/raw/hf_candidates/LibreYOLO_smoke-uvylj_hf_snapshot/valid/images/frame_000185-5_jpg.rf.f3d936ab648f2b64108a111d51fd9e1b.jpg,/Users/mobcoderid-296/Desktop/fire-smoke/fire-smoke-cpu/data/raw/hf_candidates/LibreYOLO_smoke-uvylj_hf_snapshot/valid/labels/frame_000185-5_jpg.rf.f3d936ab648f2b64108a111d51fd9e1b.txt,640,640,VALID_SMOKE,valid,False,False,True,0,smoke,True,ac49c2b8c597d492baa06a00f7af87ae26e97218419401d7424acdea47021f11,030780023fffffff,huggingface_snapshot,pending_review,hf_snapshot_revision_recorded,True,
libreyolo_valid_frame_000190-2_jpg.rf.0c0386dbc29e83c7d308c7849ada01fa,/Users/mobcoderid-296/Desktop/fire-smoke/fire-smoke-cpu/data/raw/hf_candidates/LibreYOLO_smoke-uvylj_hf_snapshot/valid/images/frame_000190-2_jpg.rf.0c0386dbc29e83c7d308c7849ada01fa.jpg,/Users/mobcoderid-296/Desktop/fire-smoke/fire-smoke-cpu/data/raw/hf_candidates/LibreYOLO_smoke-uvylj_hf_snapshot/valid/labels/frame_000190-2_jpg.rf.0c0386dbc29e83c7d308c7849ada01fa.txt,640,640,VALID_SMOKE,valid,False,False,True,0,smoke,True,acfcb58e00f79fe5662ea13d83fa4ad62d493d06430eedeb3b979ae4d3804d23,010180030f7fffff,huggingface_snapshot,pending_review,hf_snapshot_revision_recorded,True,
libreyolo_valid_frame_000190-3_jpg.rf.44fdcfd78b36275c33de8d6c543ab4bf,/Users/mobcoderid-296/Desktop/fire-smoke/fire-smoke-cpu/data/raw/hf_candidates/LibreYOLO_smoke-uvylj_hf_snapshot/valid/images/frame_000190-3_jpg.rf.44fdcfd78b36275c33de8d6c543ab4bf.jpg,/Users/mobcoderid-296/Desktop/fire-smoke/fire-smoke-cpu/data/raw/hf_candidates/LibreYOLO_smoke-uvylj_hf_snapshot/valid/labels/frame_000190-3_jpg.rf.44fdcfd78b36275c33de8d6c543ab4bf.txt,640,640,VALID_SMOKE,valid,False,False,True,0,smoke,True,25947c93c07cd924d713834f260203bc7a942ac885805045d751a988aadea4aa,ff1f0f0401030f3f,huggingface_snapshot,pending_review,hf_snapshot_revision_recorded,True,
libreyolo_valid_frame_000195-2_jpg.rf.710b5f705ce9b49993c317e7ca664e3d,/Users/mobcoderid-296/Desktop/fire-smoke/fire-smoke-cpu/data/raw/hf_candidates/LibreYOLO_smoke-uvylj_hf_snapshot/valid/images/frame_000195-2_jpg.rf.710b5f705ce9b49993c317e7ca664e3d.jpg,/Users/mobcoderid-296/Desktop/fire-smoke/fire-smoke-cpu/data/raw/hf_candidates/LibreYOLO_smoke-uvylj_hf_snapshot/valid/labels/frame_000195-2_jpg.rf.710b5f705ce9b49993c317e7ca664e3d.txt,640,640,VALID_SMOKE,valid,False,False,True,0,smoke,True,1ed4e980c20f1e606399bda70136735698d5125f457c1fbf34e29bf571a43aaa,010180030f7fffff,huggingface_snapshot,pending_review,hf_snapshot_revision_recorded,True,
libreyolo_valid_frame_000205-4_jpg.rf.eda852f301edc24929bdcb4cf6394685,/Users/mobcoderid-296/Desktop/fire-smoke/fire-smoke-cpu/data/raw/hf_candidates/LibreYOLO_smoke-uvylj_hf_snapshot/valid/images/frame_000205-4_jpg.rf.eda852f301edc24929bdcb4cf6394685.jpg,/Users/mobcoderid-296/Desktop/fire-smoke/fire-smoke-cpu/data/raw/hf_candidates/LibreYOLO_smoke-uvylj_hf_snapshot/valid/labels/frame_000205-4_jpg.rf.eda852f301edc24929bdcb4cf6394685.txt,640,640,VALID_SMOKE,valid,False,False,True,0,smoke,True,f806378b5f428aa06d2b48b92485b6a0c1eaf3581cc586180aab4e0a283f69d8,fffbf1e1e0c0c000,huggingface_snapshot,pending_review,hf_snapshot_revision_recorded,True,
libreyolo_valid_frame_000210-2_jpg.rf.57356f91edac2e6ba8364ed3ec8b4a16,/Users/mobcoderid-296/Desktop/fire-smoke/fire-smoke-cpu/data/raw/hf_candidates/LibreYOLO_smoke-uvylj_hf_snapshot/valid/images/frame_000210-2_jpg.rf.57356f91edac2e6ba8364ed3ec8b4a16.jpg,/Users/mobcoderid-296/Desktop/fire-smoke/fire-smoke-cpu/data/raw/hf_candidates/LibreYOLO_smoke-uvylj_hf_snapshot/valid/labels/frame_000210-2_jpg.rf.57356f91edac2e6ba8364ed3ec8b4a16.txt,640,640,VALID_SMOKE,valid,False,False,True,0,smoke,True,11280ee1de64b8bfba7de870a690573d9cdcdcca11aa67ff4a54f6cf75ddf2b1,010180030f7fffff,huggingface_snapshot,pending_review,hf_snapshot_revision_recorded,True,
libreyolo_valid_frame_000210-4_jpg.rf.d649e7315f51627ca4ccca2a2fb00222,/Users/mobcoderid-296/Desktop/fire-smoke/fire-smoke-cpu/data/raw/hf_candidates/LibreYOLO_smoke-uvylj_hf_snapshot/valid/images/frame_000210-4_jpg.rf.d649e7315f51627ca4ccca2a2fb00222.jpg,/Users/mobcoderid-296/Desktop/fire-smoke/fire-smoke-cpu/data/raw/hf_candidates/LibreYOLO_smoke-uvylj_hf_snapshot/valid/labels/frame_000210-4_jpg.rf.d649e7315f51627ca4ccca2a2fb00222.txt,640,640,VALID_SMOKE,valid,False,False,True,0,smoke,True,df08c599b82fc52add3252d1875dd08a84219bd048336549176afea2b8d43e72,fffff9f1e0c0c000,huggingface_snapshot,pending_review,hf_snapshot_revision_recorded,True,
libreyolo_valid_frame_000215-4_jpg.rf.537d3908d44370df794f98ba74349dcc,/Users/mobcoderid-296/Desktop/fire-smoke/fire-smoke-cpu/data/raw/hf_candidates/LibreYOLO_smoke-uvylj_hf_snapshot/valid/images/frame_000215-4_jpg.rf.537d3908d44370df794f98ba74349dcc.jpg,/Users/mobcoderid-296/Desktop/fire-smoke/fire-smoke-cpu/data/raw/hf_candidates/LibreYOLO_smoke-uvylj_hf_snapshot/valid/labels/frame_000215-4_jpg.rf.537d3908d44370df794f98ba74349dcc.txt,640,640,VALID_SMOKE,valid,False,False,True,0,smoke,True,888ab8b8989f5418a27c593213c2935d6ec0fb6dbec881ecec594840588af9b5,fffbfbe1e0c0c000,huggingface_snapshot,pending_review,hf_snapshot_revision_recorded,True,
libreyolo_valid_frame_000220-3_jpg.rf.4b53a34760d7a157004ef4e03a7005c1,/Users/mobcoderid-296/Desktop/fire-smoke/fire-smoke-cpu/data/raw/hf_candidates/LibreYOLO_smoke-uvylj_hf_snapshot/valid/images/frame_000220-3_jpg.rf.4b53a34760d7a157004ef4e03a7005c1.jpg,/Users/mobcoderid-296/Desktop/fire-smoke/fire-smoke-cpu/data/raw/hf_candidates/LibreYOLO_smoke-uvylj_hf_snapshot/valid/labels/frame_000220-3_jpg.rf.4b53a34760d7a157004ef4e03a7005c1.txt,640,640,VALID_SMOKE,valid,False,False,True,0,smoke,True,92569d466d73fd6040c5f17fb2718531da089b15ed04ab82cf0a6b96a610f50d,ff1f0f4400001f3f,huggingface_snapshot,pending_review,hf_snapshot_revision_recorded,True,
libreyolo_valid_frame_000220-5_jpg.rf.d6259fac5571835a754ef7c212e4bac9,/Users/mobcoderid-296/Desktop/fire-smoke/fire-smoke-cpu/data/raw/hf_candidates/LibreYOLO_smoke-uvylj_hf_snapshot/valid/images/frame_000220-5_jpg.rf.d6259fac5571835a754ef7c212e4bac9.jpg,/Users/mobcoderid-296/Desktop/fire-smoke/fire-smoke-cpu/data/raw/hf_candidates/LibreYOLO_smoke-uvylj_hf_snapshot/valid/labels/frame_000220-5_jpg.rf.d6259fac5571835a754ef7c212e4bac9.txt,640,640,VALID_SMOKE,valid,False,False,True,0,smoke,True,d2c657d55c80dce2e5080b59d07b578848ac413ea673e1941e2fafe3868c8aca,030301023fffffff,huggingface_snapshot,pending_review,hf_snapshot_revision_recorded,True,
libreyolo_valid_frame_000225-5_jpg.rf.44b8f21e12791421dc08e19220c4ec9b,/Users/mobcoderid-296/Desktop/fire-smoke/fire-smoke-cpu/data/raw/hf_candidates/LibreYOLO_smoke-uvylj_hf_snapshot/valid/images/frame_000225-5_jpg.rf.44b8f21e12791421dc08e19220c4ec9b.jpg,/Users/mobcoderid-296/Desktop/fire-smoke/fire-smoke-cpu/data/raw/hf_candidates/LibreYOLO_smoke-uvylj_hf_snapshot/valid/labels/frame_000225-5_jpg.rf.44b8f21e12791421dc08e19220c4ec9b.txt,640,640,VALID_SMOKE,valid,False,False,True,0,smoke,True,2ae2768ea4cb33c2ea2cb1ebf36f883a4e59ea3053dbbc6bd3e151866114554e,030300023fffffff,huggingface_snapshot,pending_review,hf_snapshot_revision_recorded,True,
libreyolo_valid_frame_000235-2_jpg.rf.83c258caf28d137bf29c39ccef6ff0e7,/Users/mobcoderid-296/Desktop/fire-smoke/fire-smoke-cpu/data/raw/hf_candidates/LibreYOLO_smoke-uvylj_hf_snapshot/valid/images/frame_000235-2_jpg.rf.83c258caf28d137bf29c39ccef6ff0e7.jpg,/Users/mobcoderid-296/Desktop/fire-smoke/fire-smoke-cpu/data/raw/hf_candidates/LibreYOLO_smoke-uvylj_hf_snapshot/valid/labels/frame_000235-2_jpg.rf.83c258caf28d137bf29c39ccef6ff0e7.txt,640,640,VALID_SMOKE,valid,False,False,True,0,smoke,True,069f017ae94d1ac2c4937ebe11b3da2f23325187d928e410a6bf7615e76de9de,010180030f7fffff,huggingface_snapshot,pending_review,hf_snapshot_revision_recorded,True,
libreyolo_valid_frame_000235-3_jpg.rf.517625437970753c90c22ce46c8f3f62,/Users/mobcoderid-296/Desktop/fire-smoke/fire-smoke-cpu/data/raw/hf_candidates/LibreYOLO_smoke-uvylj_hf_snapshot/valid/images/frame_000235-3_jpg.rf.517625437970753c90c22ce46c8f3f62.jpg,/Users/mobcoderid-296/Desktop/fire-smoke/fire-smoke-cpu/data/raw/hf_candidates/LibreYOLO_smoke-uvylj_hf_snapshot/valid/labels/frame_000235-3_jpg.rf.517625437970753c90c22ce46c8f3f62.txt,640,640,VALID_SMOKE,valid,False,False,True,0,smoke,True,1a409b22482af9ffd473f4d885a9c5a2a9e4801aec5ed05bbe98609ae0c3b062,fe0f4c40000e1f3f,huggingface_snapshot,pending_review,hf_snapshot_revision_recorded,True,
libreyolo_valid_frame_000240-5_jpg.rf.f41f6afee9c584e62da95b6064d624e4,/Users/mobcoderid-296/Desktop/fire-smoke/fire-smoke-cpu/data/raw/hf_candidates/LibreYOLO_smoke-uvylj_hf_snapshot/valid/images/frame_000240-5_jpg.rf.f41f6afee9c584e62da95b6064d624e4.jpg,/Users/mobcoderid-296/Desktop/fire-smoke/fire-smoke-cpu/data/raw/hf_candidates/LibreYOLO_smoke-uvylj_hf_snapshot/valid/labels/frame_000240-5_jpg.rf.f41f6afee9c584e62da95b6064d624e4.txt,640,640,VALID_SMOKE,valid,False,False,True,0,smoke,True,78b13d4a7d0080de4056df7d5411c64eb5bc9d8c0024a345440f66c321d95e67,030300227fffffff,huggingface_snapshot,pending_review,hf_snapshot_revision_recorded,True,
libreyolo_valid_frame_000240_jpg.rf.bd939ab5ec99e8cee726912e50f96e7a,/Users/mobcoderid-296/Desktop/fire-smoke/fire-smoke-cpu/data/raw/hf_candidates/LibreYOLO_smoke-uvylj_hf_snapshot/valid/images/frame_000240_jpg.rf.bd939ab5ec99e8cee726912e50f96e7a.jpg,/Users/mobcoderid-296/Desktop/fire-smoke/fire-smoke-cpu/data/raw/hf_candidates/LibreYOLO_smoke-uvylj_hf_snapshot/valid/labels/frame_000240_jpg.rf.bd939ab5ec99e8cee726912e50f96e7a.txt,640,640,VALID_SMOKE,valid,False,False,True,0,smoke,True,a988c622a75be11763d57b6710d9432f7e013fc8cb17c48fc0221f7a4eaac7f6,1c18141c9fe1ffff,huggingface_snapshot,pending_review,hf_snapshot_revision_recorded,True,
libreyolo_valid_frame_000245-5_jpg.rf.46e13b5b33050ada1ae6faf4a84879aa,/Users/mobcoderid-296/Desktop/fire-smoke/fire-smoke-cpu/data/raw/hf_candidates/LibreYOLO_smoke-uvylj_hf_snapshot/valid/images/frame_000245-5_jpg.rf.46e13b5b33050ada1ae6faf4a84879aa.jpg,/Users/mobcoderid-296/Desktop/fire-smoke/fire-smoke-cpu/data/raw/hf_candidates/LibreYOLO_smoke-uvylj_hf_snapshot/valid/labels/frame_000245-5_jpg.rf.46e13b5b33050ada1ae6faf4a84879aa.txt,640,640,VALID_SMOKE,valid,False,False,True,0,smoke,True,1b2439a8b231aedbc4411ac87dcc8051b87e605f55de872f2ad29db17bb5f0bf,030300227fffffff,huggingface_snapshot,pending_review,hf_snapshot_revision_recorded,True,
libreyolo_valid_frame_000250-4_jpg.rf.9e1e79df59af5b2f96c1593e1fd74fb1,/Users/mobcoderid-296/Desktop/fire-smoke/fire-smoke-cpu/data/raw/hf_candidates/LibreYOLO_smoke-uvylj_hf_snapshot/valid/images/frame_000250-4_jpg.rf.9e1e79df59af5b2f96c1593e1fd74fb1.jpg,/Users/mobcoderid-296/Desktop/fire-smoke/fire-smoke-cpu/data/raw/hf_candidates/LibreYOLO_smoke-uvylj_hf_snapshot/valid/labels/frame_000250-4_jpg.rf.9e1e79df59af5b2f96c1593e1fd74fb1.txt,640,640,VALID_SMOKE,valid,False,False,True,0,smoke,True,b18cd91b19ecfe0e830bc102ddc0007f110c2ce939b10c7eaaa53701e53c3d31,fffbfff9e0e00000,huggingface_snapshot,pending_review,hf_snapshot_revision_recorded,True,
libreyolo_valid_frame_000255_jpg.rf.8d8e3f9257c2f302c4e7dba73dc2459f,/Users/mobcoderid-296/Desktop/fire-smoke/fire-smoke-cpu/data/raw/hf_candidates/LibreYOLO_smoke-uvylj_hf_snapshot/valid/images/frame_000255_jpg.rf.8d8e3f9257c2f302c4e7dba73dc2459f.jpg,/Users/mobcoderid-296/Desktop/fire-smoke/fire-smoke-cpu/data/raw/hf_candidates/LibreYOLO_smoke-uvylj_hf_snapshot/valid/labels/frame_000255_jpg.rf.8d8e3f9257c2f302c4e7dba73dc2459f.txt,640,640,VALID_SMOKE,valid,False,False,True,0,smoke,True,943ffd6c58eb63a16af597545ebee2fa8058f14dc167e0d56e1d71a8ef91a37a,1c1c0c0c8fe3ffff,huggingface_snapshot,pending_review,hf_snapshot_revision_recorded,True,
libreyolo_valid_frame_000260_jpg.rf.09ac8f9a45576761265d35d5d30be622,/Users/mobcoderid-296/Desktop/fire-smoke/fire-smoke-cpu/data/raw/hf_candidates/LibreYOLO_smoke-uvylj_hf_snapshot/valid/images/frame_000260_jpg.rf.09ac8f9a45576761265d35d5d30be622.jpg,/Users/mobcoderid-296/Desktop/fire-smoke/fire-smoke-cpu/data/raw/hf_candidates/LibreYOLO_smoke-uvylj_hf_snapshot/valid/labels/frame_000260_jpg.rf.09ac8f9a45576761265d35d5d30be622.txt,640,640,VALID_SMOKE,valid,False,False,True,0,smoke,True,b4c692d205bc63fc41db6e843a66610de278fef0cafd425c6ac7244886990de5,bfcfe61e0c0e8e6c,huggingface_snapshot,pending_review,hf_snapshot_revision_recorded,True,
libreyolo_valid_frame_000275_jpg.rf.8fcaeb954cd9c3abff090da4a786d4f8,/Users/mobcoderid-296/Desktop/fire-smoke/fire-smoke-cpu/data/raw/hf_candidates/LibreYOLO_smoke-uvylj_hf_snapshot/valid/images/frame_000275_jpg.rf.8fcaeb954cd9c3abff090da4a786d4f8.jpg,/Users/mobcoderid-296/Desktop/fire-smoke/fire-smoke-cpu/data/raw/hf_candidates/LibreYOLO_smoke-uvylj_hf_snapshot/valid/labels/frame_000275_jpg.rf.8fcaeb954cd9c3abff090da4a786d4f8.txt,640,640,VALID_SMOKE,valid,False,False,True,0,smoke,True,35bced1ad613ce7059d7ad4b130209f72ebf8ab2258daca4deaf9d769e939dc6,bfcfe61e0c0e8e6c,huggingface_snapshot,pending_review,hf_snapshot_revision_recorded,True,
libreyolo_valid_frame_000290_jpg.rf.c5073dac590cf5232ca9476d729b9863,/Users/mobcoderid-296/Desktop/fire-smoke/fire-smoke-cpu/data/raw/hf_candidates/LibreYOLO_smoke-uvylj_hf_snapshot/valid/images/frame_000290_jpg.rf.c5073dac590cf5232ca9476d729b9863.jpg,/Users/mobcoderid-296/Desktop/fire-smoke/fire-smoke-cpu/data/raw/hf_candidates/LibreYOLO_smoke-uvylj_hf_snapshot/valid/labels/frame_000290_jpg.rf.c5073dac590cf5232ca9476d729b9863.txt,640,640,UNKNOWN_CLASS_OR_INVALID_ANNOTATION,valid,False,False,False,,,False,9d79c537c9fcae6371fe81e23405625183ab733471de54a71703ff2123c53906,9fcfe61e0e0e8eec,huggingface_snapshot,pending_review,hf_snapshot_revision_recorded,False,unknown_class_or_invalid_annotation
libreyolo_valid_frame_000300_jpg.rf.0f24fa4ee80f3220f7ca0537da8d1e30,/Users/mobcoderid-296/Desktop/fire-smoke/fire-smoke-cpu/data/raw/hf_candidates/LibreYOLO_smoke-uvylj_hf_snapshot/valid/images/frame_000300_jpg.rf.0f24fa4ee80f3220f7ca0537da8d1e30.jpg,/Users/mobcoderid-296/Desktop/fire-smoke/fire-smoke-cpu/data/raw/hf_candidates/LibreYOLO_smoke-uvylj_hf_snapshot/valid/labels/frame_000300_jpg.rf.0f24fa4ee80f3220f7ca0537da8d1e30.txt,640,640,VALID_SMOKE,valid,False,False,True,0,smoke,True,6fd44856a87299fcfd766fd55420e25affe9a1043daa0e7c84d22cdda31595e4,9fcf4e1e0e0e1cec,huggingface_snapshot,pending_review,hf_snapshot_revision_recorded,True,
libreyolo_valid_frame_000310_jpg.rf.5514714f46e2c38e04e10f0ff1f902a4,/Users/mobcoderid-296/Desktop/fire-smoke/fire-smoke-cpu/data/raw/hf_candidates/LibreYOLO_smoke-uvylj_hf_snapshot/valid/images/frame_000310_jpg.rf.5514714f46e2c38e04e10f0ff1f902a4.jpg,/Users/mobcoderid-296/Desktop/fire-smoke/fire-smoke-cpu/data/raw/hf_candidates/LibreYOLO_smoke-uvylj_hf_snapshot/valid/labels/frame_000310_jpg.rf.5514714f46e2c38e04e10f0ff1f902a4.txt,640,640,VALID_SMOKE,valid,False,False,True,0,smoke,True,26ef2a8dc054c72319204a3c595cc3ffe43217eccca30c8c42009ee1394f3096,9fcf4e1e0e0e1efc,huggingface_snapshot,pending_review,hf_snapshot_revision_recorded,True,
libreyolo_valid_frame_000315_jpg.rf.3a3d23e7da5a5adb2a752204ea5f896e,/Users/mobcoderid-296/Desktop/fire-smoke/fire-smoke-cpu/data/raw/hf_candidates/LibreYOLO_smoke-uvylj_hf_snapshot/valid/images/frame_000315_jpg.rf.3a3d23e7da5a5adb2a752204ea5f896e.jpg,/Users/mobcoderid-296/Desktop/fire-smoke/fire-smoke-cpu/data/raw/hf_candidates/LibreYOLO_smoke-uvylj_hf_snapshot/valid/labels/frame_000315_jpg.rf.3a3d23e7da5a5adb2a752204ea5f896e.txt,640,640,VALID_SMOKE,valid,False,False,True,0,smoke,True,e21a03cbe4f4b17dae33da86cddf0fd3a29212362da7a8546e9e6e084fe14b2d,1c1c1c1c1fffffff,huggingface_snapshot,pending_review,hf_snapshot_revision_recorded,True,
libreyolo_valid_frame_000350_jpg.rf.da66f5ea9699b3485e7a86694cbc959b,/Users/mobcoderid-296/Desktop/fire-smoke/fire-smoke-cpu/data/raw/hf_candidates/LibreYOLO_smoke-uvylj_hf_snapshot/valid/images/frame_000350_jpg.rf.da66f5ea9699b3485e7a86694cbc959b.jpg,/Users/mobcoderid-296/Desktop/fire-smoke/fire-smoke-cpu/data/raw/hf_candidates/LibreYOLO_smoke-uvylj_hf_snapshot/valid/labels/frame_000350_jpg.rf.da66f5ea9699b3485e7a86694cbc959b.txt,640,640,VALID_SMOKE,valid,False,False,True,0,smoke,True,fe4eaddc67aca56aa1f25b1d515d6c86580cb9c3189d198f506719d699cc6580,9fcf4e0e0e0e0cfe,huggingface_snapshot,pending_review,hf_snapshot_revision_recorded,True,
libreyolo_valid_frame_000355-3_jpg.rf.1739e3aaa23a29883ad6ad79c48b0ee8,/Users/mobcoderid-296/Desktop/fire-smoke/fire-smoke-cpu/data/raw/hf_candidates/LibreYOLO_smoke-uvylj_hf_snapshot/valid/images/frame_000355-3_jpg.rf.1739e3aaa23a29883ad6ad79c48b0ee8.jpg,/Users/mobcoderid-296/Desktop/fire-smoke/fire-smoke-cpu/data/raw/hf_candidates/LibreYOLO_smoke-uvylj_hf_snapshot/valid/labels/frame_000355-3_jpg.rf.1739e3aaa23a29883ad6ad79c48b0ee8.txt,640,640,VALID_SMOKE,valid,False,False,True,0,smoke,True,0df92d4625b53a56ad8791ddfbb06f7176f40f4ecb5208b4847c0fe1e7f9816c,fe1f0f4343070f3f,huggingface_snapshot,pending_review,hf_snapshot_revision_recorded,True,
libreyolo_valid_frame_000355_jpg.rf.1fe044acf897651bb3e77307b079594a,/Users/mobcoderid-296/Desktop/fire-smoke/fire-smoke-cpu/data/raw/hf_candidates/LibreYOLO_smoke-uvylj_hf_snapshot/valid/images/frame_000355_jpg.rf.1fe044acf897651bb3e77307b079594a.jpg,/Users/mobcoderid-296/Desktop/fire-smoke/fire-smoke-cpu/data/raw/hf_candidates/LibreYOLO_smoke-uvylj_hf_snapshot/valid/labels/frame_000355_jpg.rf.1fe044acf897651bb3e77307b079594a.txt,640,640,VALID_SMOKE,valid,False,False,True,0,smoke,True,56c9c62ee529d46ca18e709e979fb8ea5c5cae61d14f220bac7febae43d0f489,1c1c3c3c3fffffff,huggingface_snapshot,pending_review,hf_snapshot_revision_recorded,True,
libreyolo_valid_frame_000360_jpg.rf.4cd882b4d814559d1af4b5810bbe4adc,/Users/mobcoderid-296/Desktop/fire-smoke/fire-smoke-cpu/data/raw/hf_candidates/LibreYOLO_smoke-uvylj_hf_snapshot/valid/images/frame_000360_jpg.rf.4cd882b4d814559d1af4b5810bbe4adc.jpg,/Users/mobcoderid-296/Desktop/fire-smoke/fire-smoke-cpu/data/raw/hf_candidates/LibreYOLO_smoke-uvylj_hf_snapshot/valid/labels/frame_000360_jpg.rf.4cd882b4d814559d1af4b5810bbe4adc.txt,640,640,VALID_SMOKE,valid,False,False,True,0,smoke,True,c0a0b97d81f664e10f16a4e64849650c386d4a65c4884586c8501289e94d0454,9fcf6e0e0e0e8cfe,huggingface_snapshot,pending_review,hf_snapshot_revision_recorded,True,
libreyolo_valid_frame_000370-5_jpg.rf.0de962ca89d03f4a2eecd001fe0dc37b,/Users/mobcoderid-296/Desktop/fire-smoke/fire-smoke-cpu/data/raw/hf_candidates/LibreYOLO_smoke-uvylj_hf_snapshot/valid/images/frame_000370-5_jpg.rf.0de962ca89d03f4a2eecd001fe0dc37b.jpg,/Users/mobcoderid-296/Desktop/fire-smoke/fire-smoke-cpu/data/raw/hf_candidates/LibreYOLO_smoke-uvylj_hf_snapshot/valid/labels/frame_000370-5_jpg.rf.0de962ca89d03f4a2eecd001fe0dc37b.txt,640,640,VALID_SMOKE,valid,False,False,True,0,smoke,True,c7c766519b48c65236da83a5d6ff4ad3733bf6d21abad7fee9398e9c04a3aa9e,030301a27ffeffff,huggingface_snapshot,pending_review,hf_snapshot_revision_recorded,True,
libreyolo_valid_frame_000390-5_jpg.rf.07dceceffbab75956e284847c2effa24,/Users/mobcoderid-296/Desktop/fire-smoke/fire-smoke-cpu/data/raw/hf_candidates/LibreYOLO_smoke-uvylj_hf_snapshot/valid/images/frame_000390-5_jpg.rf.07dceceffbab75956e284847c2effa24.jpg,/Users/mobcoderid-296/Desktop/fire-smoke/fire-smoke-cpu/data/raw/hf_candidates/LibreYOLO_smoke-uvylj_hf_snapshot/valid/labels/frame_000390-5_jpg.rf.07dceceffbab75956e284847c2effa24.txt,640,640,VALID_SMOKE,valid,False,False,True,0,smoke,True,6ca0c21e29652d3a4ad23402f5d1960f5ed7418598d171c17c4f09836db9d285,030301a27fffffff,huggingface_snapshot,pending_review,hf_snapshot_revision_recorded,True,
libreyolo_valid_frame_000400-3_jpg.rf.c78b043f911be9d363fc3bfff2ce251d,/Users/mobcoderid-296/Desktop/fire-smoke/fire-smoke-cpu/data/raw/hf_candidates/LibreYOLO_smoke-uvylj_hf_snapshot/valid/images/frame_000400-3_jpg.rf.c78b043f911be9d363fc3bfff2ce251d.jpg,/Users/mobcoderid-296/Desktop/fire-smoke/fire-smoke-cpu/data/raw/hf_candidates/LibreYOLO_smoke-uvylj_hf_snapshot/valid/labels/frame_000400-3_jpg.rf.c78b043f911be9d363fc3bfff2ce251d.txt,640,640,VALID_SMOKE,valid,False,False,True,0,smoke,True,21e186224ca688a6428161d0bfa5bfcac449933da5cc91469f72445fe10d0230,fe0f0f8181030f3f,huggingface_snapshot,pending_review,hf_snapshot_revision_recorded,True,
libreyolo_valid_frame_000405-3_jpg.rf.7d9fcdbb2cb3c4c3a79be875e61b80e2,/Users/mobcoderid-296/Desktop/fire-smoke/fire-smoke-cpu/data/raw/hf_candidates/LibreYOLO_smoke-uvylj_hf_snapshot/valid/images/frame_000405-3_jpg.rf.7d9fcdbb2cb3c4c3a79be875e61b80e2.jpg,/Users/mobcoderid-296/Desktop/fire-smoke/fire-smoke-cpu/data/raw/hf_candidates/LibreYOLO_smoke-uvylj_hf_snapshot/valid/labels/frame_000405-3_jpg.rf.7d9fcdbb2cb3c4c3a79be875e61b80e2.txt,640,640,VALID_SMOKE,valid,False,False,True,0,smoke,True,374c54dc26910572c7bc3c7067325b054eb9bd76d3ba66a3825e5c5df5875482,fe0f0f8181030f3f,huggingface_snapshot,pending_review,hf_snapshot_revision_recorded,True,
libreyolo_valid_frame_000420_jpg.rf.ab479eebaace6844c7e789414bad2db6,/Users/mobcoderid-296/Desktop/fire-smoke/fire-smoke-cpu/data/raw/hf_candidates/LibreYOLO_smoke-uvylj_hf_snapshot/valid/images/frame_000420_jpg.rf.ab479eebaace6844c7e789414bad2db6.jpg,/Users/mobcoderid-296/Desktop/fire-smoke/fire-smoke-cpu/data/raw/hf_candidates/LibreYOLO_smoke-uvylj_hf_snapshot/valid/labels/frame_000420_jpg.rf.ab479eebaace6844c7e789414bad2db6.txt,640,640,VALID_SMOKE,valid,False,False,True,0,smoke,True,14acbb0e7f7f1d907a16b80bf4c24b7c62dbca619566cc44a072ee93d19f86af,1c1c5cfcfffbfefe,huggingface_snapshot,pending_review,hf_snapshot_revision_recorded,True,
libreyolo_valid_frame_000435_jpg.rf.77a5a8cd1a93d45cda68865e5b4e4f4b,/Users/mobcoderid-296/Desktop/fire-smoke/fire-smoke-cpu/data/raw/hf_candidates/LibreYOLO_smoke-uvylj_hf_snapshot/valid/images/frame_000435_jpg.rf.77a5a8cd1a93d45cda68865e5b4e4f4b.jpg,/Users/mobcoderid-296/Desktop/fire-smoke/fire-smoke-cpu/data/raw/hf_candidates/LibreYOLO_smoke-uvylj_hf_snapshot/valid/labels/frame_000435_jpg.rf.77a5a8cd1a93d45cda68865e5b4e4f4b.txt,640,640,VALID_SMOKE,valid,False,False,True,0,smoke,True,25914cd51028d837d34ac208e9d6222d97a61766724e166dffc71fd98651f8e7,1c1c5c7cfff3fef8,huggingface_snapshot,pending_review,hf_snapshot_revision_recorded,True,
libreyolo_valid_frame_000440-3_jpg.rf.47a009b3be0d6eb771e5e19aa3e65d1b,/Users/mobcoderid-296/Desktop/fire-smoke/fire-smoke-cpu/data/raw/hf_candidates/LibreYOLO_smoke-uvylj_hf_snapshot/valid/images/frame_000440-3_jpg.rf.47a009b3be0d6eb771e5e19aa3e65d1b.jpg,/Users/mobcoderid-296/Desktop/fire-smoke/fire-smoke-cpu/data/raw/hf_candidates/LibreYOLO_smoke-uvylj_hf_snapshot/valid/labels/frame_000440-3_jpg.rf.47a009b3be0d6eb771e5e19aa3e65d1b.txt,640,640,VALID_SMOKE,valid,False,False,True,0,smoke,True,06d4b055b964d6bb8005c26113644df0c473794a860d06be1a683a5c198c4360,fe1f0fc501030f3f,huggingface_snapshot,pending_review,hf_snapshot_revision_recorded,True,
libreyolo_valid_frame_000450_jpg.rf.04926c846116bf80665745ebdd8719d4,/Users/mobcoderid-296/Desktop/fire-smoke/fire-smoke-cpu/data/raw/hf_candidates/LibreYOLO_smoke-uvylj_hf_snapshot/valid/images/frame_000450_jpg.rf.04926c846116bf80665745ebdd8719d4.jpg,/Users/mobcoderid-296/Desktop/fire-smoke/fire-smoke-cpu/data/raw/hf_candidates/LibreYOLO_smoke-uvylj_hf_snapshot/valid/labels/frame_000450_jpg.rf.04926c846116bf80665745ebdd8719d4.txt,640,640,VALID_SMOKE,valid,False,False,True,0,smoke,True,b0d2de5746e3c59406dcb82cc1a68612f26f145064e3da778e867ab424fd0709,1c1c5cfcfff3fef8,huggingface_snapshot,pending_review,hf_snapshot_revision_recorded,True,
libreyolo_valid_frame_000470-3_jpg.rf.50fe109b3c13e805be8a24130ef6d0b9,/Users/mobcoderid-296/Desktop/fire-smoke/fire-smoke-cpu/data/raw/hf_candidates/LibreYOLO_smoke-uvylj_hf_snapshot/valid/images/frame_000470-3_jpg.rf.50fe109b3c13e805be8a24130ef6d0b9.jpg,/Users/mobcoderid-296/Desktop/fire-smoke/fire-smoke-cpu/data/raw/hf_candidates/LibreYOLO_smoke-uvylj_hf_snapshot/valid/labels/frame_000470-3_jpg.rf.50fe109b3c13e805be8a24130ef6d0b9.txt,640,640,VALID_SMOKE,valid,False,False,True,0,smoke,True,228f8d2b798712d4ab9fc52365dda32cf58d9c3568746321bd5b6fc5c75da334,fe1f0f474103073f,huggingface_snapshot,pending_review,hf_snapshot_revision_recorded,True,
libreyolo_valid_frame_000485-3_jpg.rf.815488df734122147e3be7e56487d604,/Users/mobcoderid-296/Desktop/fire-smoke/fire-smoke-cpu/data/raw/hf_candidates/LibreYOLO_smoke-uvylj_hf_snapshot/valid/images/frame_000485-3_jpg.rf.815488df734122147e3be7e56487d604.jpg,/Users/mobcoderid-296/Desktop/fire-smoke/fire-smoke-cpu/data/raw/hf_candidates/LibreYOLO_smoke-uvylj_hf_snapshot/valid/labels/frame_000485-3_jpg.rf.815488df734122147e3be7e56487d604.txt,640,640,VALID_SMOKE,valid,False,False,True,0,smoke,True,ea6066b11c66dfcac993903a11332a0e2555fe3c465e6a141168dc64725aef4b,fc1f0f4703070f3f,huggingface_snapshot,pending_review,hf_snapshot_revision_recorded,True,
libreyolo_valid_frame_000490-3_jpg.rf.a8ef4fefafccb51e7614cb35169f4d3a,/Users/mobcoderid-296/Desktop/fire-smoke/fire-smoke-cpu/data/raw/hf_candidates/LibreYOLO_smoke-uvylj_hf_snapshot/valid/images/frame_000490-3_jpg.rf.a8ef4fefafccb51e7614cb35169f4d3a.jpg,/Users/mobcoderid-296/Desktop/fire-smoke/fire-smoke-cpu/data/raw/hf_candidates/LibreYOLO_smoke-uvylj_hf_snapshot/valid/labels/frame_000490-3_jpg.rf.a8ef4fefafccb51e7614cb35169f4d3a.txt,640,640,VALID_SMOKE,valid,False,False,True,0,smoke,True,44e6470664d933abf4b5aa90074586d46e769af85cd3d609f989568b24182afb,fc1f0f0701030f3f,huggingface_snapshot,pending_review,hf_snapshot_revision_recorded,True,
libreyolo_valid_frame_000525-3_jpg.rf.2202af748d6a2c3facda7376a20c3b30,/Users/mobcoderid-296/Desktop/fire-smoke/fire-smoke-cpu/data/raw/hf_candidates/LibreYOLO_smoke-uvylj_hf_snapshot/valid/images/frame_000525-3_jpg.rf.2202af748d6a2c3facda7376a20c3b30.jpg,/Users/mobcoderid-296/Desktop/fire-smoke/fire-smoke-cpu/data/raw/hf_candidates/LibreYOLO_smoke-uvylj_hf_snapshot/valid/labels/frame_000525-3_jpg.rf.2202af748d6a2c3facda7376a20c3b30.txt,640,640,VALID_SMOKE,valid,False,False,True,0,smoke,True,c67cdedf59dd560f571c46004f3cd88100664c2e03561bf734d407e57b6ff856,fe1f0f4403030f3f,huggingface_snapshot,pending_review,hf_snapshot_revision_recorded,True,
libreyolo_valid_frame_000535-3_jpg.rf.626188bc2c4870740ca75d891f42ba76,/Users/mobcoderid-296/Desktop/fire-smoke/fire-smoke-cpu/data/raw/hf_candidates/LibreYOLO_smoke-uvylj_hf_snapshot/valid/images/frame_000535-3_jpg.rf.626188bc2c4870740ca75d891f42ba76.jpg,/Users/mobcoderid-296/Desktop/fire-smoke/fire-smoke-cpu/data/raw/hf_candidates/LibreYOLO_smoke-uvylj_hf_snapshot/valid/labels/frame_000535-3_jpg.rf.626188bc2c4870740ca75d891f42ba76.txt,640,640,VALID_SMOKE,valid,False,False,True,0,smoke,True,2fb0810c009e251bfb51e205cd6c9e59c37e0e3bddc482dbc0c9cc0258830a43,ff0f0f4743010f3f,huggingface_snapshot,pending_review,hf_snapshot_revision_recorded,True,
libreyolo_valid_frame_000555_jpg.rf.3f9a8b9744828ebaad92c6f53c420941,/Users/mobcoderid-296/Desktop/fire-smoke/fire-smoke-cpu/data/raw/hf_candidates/LibreYOLO_smoke-uvylj_hf_snapshot/valid/images/frame_000555_jpg.rf.3f9a8b9744828ebaad92c6f53c420941.jpg,/Users/mobcoderid-296/Desktop/fire-smoke/fire-smoke-cpu/data/raw/hf_candidates/LibreYOLO_smoke-uvylj_hf_snapshot/valid/labels/frame_000555_jpg.rf.3f9a8b9744828ebaad92c6f53c420941.txt,640,640,VALID_SMOKE,valid,False,False,True,0,smoke,True,149d88c64531532adc97ff1177949324f80ee5a70445b8270f9ce3ffb03746ae,1c9c9cfcfffbfef0,huggingface_snapshot,pending_review,hf_snapshot_revision_recorded,True,
libreyolo_valid_frame_000560-3_jpg.rf.22f80d0070eebaa9945c98de6fef7289,/Users/mobcoderid-296/Desktop/fire-smoke/fire-smoke-cpu/data/raw/hf_candidates/LibreYOLO_smoke-uvylj_hf_snapshot/valid/images/frame_000560-3_jpg.rf.22f80d0070eebaa9945c98de6fef7289.jpg,/Users/mobcoderid-296/Desktop/fire-smoke/fire-smoke-cpu/data/raw/hf_candidates/LibreYOLO_smoke-uvylj_hf_snapshot/valid/labels/frame_000560-3_jpg.rf.22f80d0070eebaa9945c98de6fef7289.txt,640,640,VALID_SMOKE,valid,False,False,True,0,smoke,True,540cd80c0da432f6169546fabe4e0e014960e841e4b2ca9e28e283e547cf844b,ff0f0f8583020f3f,huggingface_snapshot,pending_review,hf_snapshot_revision_recorded,True,
libreyolo_valid_frame_000565-3_jpg.rf.40a82f183b60aea4f5d7c5a7559a51ce,/Users/mobcoderid-296/Desktop/fire-smoke/fire-smoke-cpu/data/raw/hf_candidates/LibreYOLO_smoke-uvylj_hf_snapshot/valid/images/frame_000565-3_jpg.rf.40a82f183b60aea4f5d7c5a7559a51ce.jpg,/Users/mobcoderid-296/Desktop/fire-smoke/fire-smoke-cpu/data/raw/hf_candidates/LibreYOLO_smoke-uvylj_hf_snapshot/valid/labels/frame_000565-3_jpg.rf.40a82f183b60aea4f5d7c5a7559a51ce.txt,640,640,VALID_SMOKE,valid,False,False,True,0,smoke,True,36fadf460738b56243dbbf6284ad45d6b5f77260ef7ba65f7fbeebd1e69ee12c,ff0f0fc101030f3f,huggingface_snapshot,pending_review,hf_snapshot_revision_recorded,True,
libreyolo_valid_frame_000570_jpg.rf.a6254f49778bed558372f85383bb8cbb,/Users/mobcoderid-296/Desktop/fire-smoke/fire-smoke-cpu/data/raw/hf_candidates/LibreYOLO_smoke-uvylj_hf_snapshot/valid/images/frame_000570_jpg.rf.a6254f49778bed558372f85383bb8cbb.jpg,/Users/mobcoderid-296/Desktop/fire-smoke/fire-smoke-cpu/data/raw/hf_candidates/LibreYOLO_smoke-uvylj_hf_snapshot/valid/labels/frame_000570_jpg.rf.a6254f49778bed558372f85383bb8cbb.txt,640,640,VALID_SMOKE,valid,False,False,True,0,smoke,True,da1505b956c59623342f61908b097528dca2f7ca3d5372c4e2a513403601aeda,1c1cd4fcfff3fef0,huggingface_snapshot,pending_review,hf_snapshot_revision_recorded,True,
libreyolo_valid_frame_000585_jpg.rf.3b3910f33ae57a9fa92063332a8516e2,/Users/mobcoderid-296/Desktop/fire-smoke/fire-smoke-cpu/data/raw/hf_candidates/LibreYOLO_smoke-uvylj_hf_snapshot/valid/images/frame_000585_jpg.rf.3b3910f33ae57a9fa92063332a8516e2.jpg,/Users/mobcoderid-296/Desktop/fire-smoke/fire-smoke-cpu/data/raw/hf_candidates/LibreYOLO_smoke-uvylj_hf_snapshot/valid/labels/frame_000585_jpg.rf.3b3910f33ae57a9fa92063332a8516e2.txt,640,640,VALID_SMOKE,valid,False,False,True,0,smoke,True,b50554d701254bb9e626a25a423e72922d54c1064f2fdcf55598bd1a2b51feaa,1c1cd8fcffe3fef0,huggingface_snapshot,pending_review,hf_snapshot_revision_recorded,True,
libreyolo_valid_frame_000630_jpg.rf.171036e41dd7a62aaf60b3a9c2257181,/Users/mobcoderid-296/Desktop/fire-smoke/fire-smoke-cpu/data/raw/hf_candidates/LibreYOLO_smoke-uvylj_hf_snapshot/valid/images/frame_000630_jpg.rf.171036e41dd7a62aaf60b3a9c2257181.jpg,/Users/mobcoderid-296/Desktop/fire-smoke/fire-smoke-cpu/data/raw/hf_candidates/LibreYOLO_smoke-uvylj_hf_snapshot/valid/labels/frame_000630_jpg.rf.171036e41dd7a62aaf60b3a9c2257181.txt,640,640,VALID_SMOKE,valid,False,False,True,0,smoke,True,e86d7f7451370a79926878f87522b65bf7ab9a710da62a314f7eedcb15baec60,1c5cdcfcffe3c0e0,huggingface_snapshot,pending_review,hf_snapshot_revision_recorded,True,
libreyolo_valid_frame_000645-3_jpg.rf.d759db23e496d6d7ce73366f3d5126ff,/Users/mobcoderid-296/Desktop/fire-smoke/fire-smoke-cpu/data/raw/hf_candidates/LibreYOLO_smoke-uvylj_hf_snapshot/valid/images/frame_000645-3_jpg.rf.d759db23e496d6d7ce73366f3d5126ff.jpg,/Users/mobcoderid-296/Desktop/fire-smoke/fire-smoke-cpu/data/raw/hf_candidates/LibreYOLO_smoke-uvylj_hf_snapshot/valid/labels/frame_000645-3_jpg.rf.d759db23e496d6d7ce73366f3d5126ff.txt,640,640,VALID_SMOKE,valid,False,False,True,0,smoke,True,088f8d2ac0887f11538bee3fbf330c83dcf718bab6abc3fc73dedc69c4d66986,fe1f0f4f4703173f,huggingface_snapshot,pending_review,hf_snapshot_revision_recorded,True,
libreyolo_valid_frame_000650_jpg.rf.6dbdae05ceb2d4a44c09b47a2fba775e,/Users/mobcoderid-296/Desktop/fire-smoke/fire-smoke-cpu/data/raw/hf_candidates/LibreYOLO_smoke-uvylj_hf_snapshot/valid/images/frame_000650_jpg.rf.6dbdae05ceb2d4a44c09b47a2fba775e.jpg,/Users/mobcoderid-296/Desktop/fire-smoke/fire-smoke-cpu/data/raw/hf_candidates/LibreYOLO_smoke-uvylj_hf_snapshot/valid/labels/frame_000650_jpg.rf.6dbdae05ceb2d4a44c09b47a2fba775e.txt,640,640,VALID_SMOKE,valid,False,False,True,0,smoke,True,1b5e2cca67b141cc41fb700870994a9f73bee669f01f053ff4df9058f09c5b3d,1c1cfcfcffc100c0,huggingface_snapshot,pending_review,hf_snapshot_revision_recorded,True,
libreyolo_valid_frame_000655_jpg.rf.6621038044c028ab3a56f223b83c2baa,/Users/mobcoderid-296/Desktop/fire-smoke/fire-smoke-cpu/data/raw/hf_candidates/LibreYOLO_smoke-uvylj_hf_snapshot/valid/images/frame_000655_jpg.rf.6621038044c028ab3a56f223b83c2baa.jpg,/Users/mobcoderid-296/Desktop/fire-smoke/fire-smoke-cpu/data/raw/hf_candidates/LibreYOLO_smoke-uvylj_hf_snapshot/valid/labels/frame_000655_jpg.rf.6621038044c028ab3a56f223b83c2baa.txt,640,640,VALID_SMOKE,valid,False,False,True,0,smoke,True,73e60c36d477edca18982c94daef6d4640312fdeb83e3a02889458f0ebc4a20f,1c9cfcfcffc100c0,huggingface_snapshot,pending_review,hf_snapshot_revision_recorded,True,
libreyolo_valid_frame_000660_jpg.rf.7a0b4879bbed16aa573ce5e7d48139e0,/Users/mobcoderid-296/Desktop/fire-smoke/fire-smoke-cpu/data/raw/hf_candidates/LibreYOLO_smoke-uvylj_hf_snapshot/valid/images/frame_000660_jpg.rf.7a0b4879bbed16aa573ce5e7d48139e0.jpg,/Users/mobcoderid-296/Desktop/fire-smoke/fire-smoke-cpu/data/raw/hf_candidates/LibreYOLO_smoke-uvylj_hf_snapshot/valid/labels/frame_000660_jpg.rf.7a0b4879bbed16aa573ce5e7d48139e0.txt,640,640,VALID_SMOKE,valid,False,False,True,0,smoke,True,f0865545a2aa29d205509de4c3f6ff6e3d161db01b726af8544aa009c27647d5,1c9cfcfcffc100c0,huggingface_snapshot,pending_review,hf_snapshot_revision_recorded,True,
libreyolo_valid_frame_000665_jpg.rf.70b1c8aabfff462476b221b3ee8d4d25,/Users/mobcoderid-296/Desktop/fire-smoke/fire-smoke-cpu/data/raw/hf_candidates/LibreYOLO_smoke-uvylj_hf_snapshot/valid/images/frame_000665_jpg.rf.70b1c8aabfff462476b221b3ee8d4d25.jpg,/Users/mobcoderid-296/Desktop/fire-smoke/fire-smoke-cpu/data/raw/hf_candidates/LibreYOLO_smoke-uvylj_hf_snapshot/valid/labels/frame_000665_jpg.rf.70b1c8aabfff462476b221b3ee8d4d25.txt,640,640,VALID_SMOKE,valid,False,False,True,0,smoke,True,e6c865d86485fa8af67b07d66e44dc00ec72164e6f38dcdaf73800216f8f3e8f,1c9cfcfcffc10080,huggingface_snapshot,pending_review,hf_snapshot_revision_recorded,True,
libreyolo_valid_frame_000670-3_jpg.rf.8edf9ec461ca59aaf86b320a8682f3b3,/Users/mobcoderid-296/Desktop/fire-smoke/fire-smoke-cpu/data/raw/hf_candidates/LibreYOLO_smoke-uvylj_hf_snapshot/valid/images/frame_000670-3_jpg.rf.8edf9ec461ca59aaf86b320a8682f3b3.jpg,/Users/mobcoderid-296/Desktop/fire-smoke/fire-smoke-cpu/data/raw/hf_candidates/LibreYOLO_smoke-uvylj_hf_snapshot/valid/labels/frame_000670-3_jpg.rf.8edf9ec461ca59aaf86b320a8682f3b3.txt,640,640,VALID_SMOKE,valid,False,False,True,0,smoke,True,8bc9111f1a26e2aa7b09c2d6c4a8a60d5c0701d0f441804c1f0dec69f27da822,ff1f0f0f07011f3f,huggingface_snapshot,pending_review,hf_snapshot_revision_recorded,True,
libreyolo_valid_frame_000675_jpg.rf.292da394c6e7a5f0865e22ae62a6f3d7,/Users/mobcoderid-296/Desktop/fire-smoke/fire-smoke-cpu/data/raw/hf_candidates/LibreYOLO_smoke-uvylj_hf_snapshot/valid/images/frame_000675_jpg.rf.292da394c6e7a5f0865e22ae62a6f3d7.jpg,/Users/mobcoderid-296/Desktop/fire-smoke/fire-smoke-cpu/data/raw/hf_candidates/LibreYOLO_smoke-uvylj_hf_snapshot/valid/labels/frame_000675_jpg.rf.292da394c6e7a5f0865e22ae62a6f3d7.txt,640,640,VALID_SMOKE,valid,False,False,True,0,smoke,True,e7afbbeb9c99c73ecaec688ab6855be9e0606b53a0b1a0fa4c50ad204ae563a2,1c9cfcfcffc10000,huggingface_snapshot,pending_review,hf_snapshot_revision_recorded,True,
libreyolo_valid_frame_000690-3_jpg.rf.61b56541bdc75773ed972b3340c5c712,/Users/mobcoderid-296/Desktop/fire-smoke/fire-smoke-cpu/data/raw/hf_candidates/LibreYOLO_smoke-uvylj_hf_snapshot/valid/images/frame_000690-3_jpg.rf.61b56541bdc75773ed972b3340c5c712.jpg,/Users/mobcoderid-296/Desktop/fire-smoke/fire-smoke-cpu/data/raw/hf_candidates/LibreYOLO_smoke-uvylj_hf_snapshot/valid/labels/frame_000690-3_jpg.rf.61b56541bdc75773ed972b3340c5c712.txt,640,640,VALID_SMOKE,valid,False,False,True,0,smoke,True,e29508459ebed699c789d82a77efde9f7b254bdb0b47605437993e0020bb5a4f,ff9f0f0f07010fbf,huggingface_snapshot,pending_review,hf_snapshot_revision_recorded,True,
libreyolo_valid_frame_000700_jpg.rf.4d409f75cc45ebdaa60ab9ca974b508a,/Users/mobcoderid-296/Desktop/fire-smoke/fire-smoke-cpu/data/raw/hf_candidates/LibreYOLO_smoke-uvylj_hf_snapshot/valid/images/frame_000700_jpg.rf.4d409f75cc45ebdaa60ab9ca974b508a.jpg,/Users/mobcoderid-296/Desktop/fire-smoke/fire-smoke-cpu/data/raw/hf_candidates/LibreYOLO_smoke-uvylj_hf_snapshot/valid/labels/frame_000700_jpg.rf.4d409f75cc45ebdaa60ab9ca974b508a.txt,640,640,VALID_SMOKE,valid,False,False,True,0,smoke,True,25875180c1f68a46d84b7f34ce99de0e16dec414af3104e3307927ac4bb5105b,fcfcfcfcff4100c0,huggingface_snapshot,pending_review,hf_snapshot_revision_recorded,True,
libreyolo_valid_frame_000725_jpg.rf.4645ef1051e33d55a31825f35a209537,/Users/mobcoderid-296/Desktop/fire-smoke/fire-smoke-cpu/data/raw/hf_candidates/LibreYOLO_smoke-uvylj_hf_snapshot/valid/images/frame_000725_jpg.rf.4645ef1051e33d55a31825f35a209537.jpg,/Users/mobcoderid-296/Desktop/fire-smoke/fire-smoke-cpu/data/raw/hf_candidates/LibreYOLO_smoke-uvylj_hf_snapshot/valid/labels/frame_000725_jpg.rf.4645ef1051e33d55a31825f35a209537.txt,640,640,VALID_SMOKE,valid,False,False,True,0,smoke,True,d9a81ef1c9c854b047a26ee4eddd65e77ad99c6e92000f593d5fd6809dabb713,fcfcfcfcff0100c0,huggingface_snapshot,pending_review,hf_snapshot_revision_recorded,True,
libreyolo_valid_frame_000740_jpg.rf.b8027fdf702aa9e9538ddbedb681c06f,/Users/mobcoderid-296/Desktop/fire-smoke/fire-smoke-cpu/data/raw/hf_candidates/LibreYOLO_smoke-uvylj_hf_snapshot/valid/images/frame_000740_jpg.rf.b8027fdf702aa9e9538ddbedb681c06f.jpg,/Users/mobcoderid-296/Desktop/fire-smoke/fire-smoke-cpu/data/raw/hf_candidates/LibreYOLO_smoke-uvylj_hf_snapshot/valid/labels/frame_000740_jpg.rf.b8027fdf702aa9e9538ddbedb681c06f.txt,640,640,VALID_SMOKE,valid,False,False,True,0,smoke,True,5e6d33dc6b05dff02945df0a9f3a7695345b7b04ff2d47350e320b08daf9fea3,fcfcfcfc3f018000,huggingface_snapshot,pending_review,hf_snapshot_revision_recorded,True,
libreyolo_valid_frame_000750-3_jpg.rf.afcf363a7f5c6d07e285a6aeca848c9d,/Users/mobcoderid-296/Desktop/fire-smoke/fire-smoke-cpu/data/raw/hf_candidates/LibreYOLO_smoke-uvylj_hf_snapshot/valid/images/frame_000750-3_jpg.rf.afcf363a7f5c6d07e285a6aeca848c9d.jpg,/Users/mobcoderid-296/Desktop/fire-smoke/fire-smoke-cpu/data/raw/hf_candidates/LibreYOLO_smoke-uvylj_hf_snapshot/valid/labels/frame_000750-3_jpg.rf.afcf363a7f5c6d07e285a6aeca848c9d.txt,640,640,VALID_SMOKE,valid,False,False,True,0,smoke,True,b17777e8109abb628e74499801d1468c8997b02f299de987784dd3c6164705cb,ff1f8f870701073f,huggingface_snapshot,pending_review,hf_snapshot_revision_recorded,True,
libreyolo_valid_frame_000750_jpg.rf.95370d782ae234a0bd49700206733af5,/Users/mobcoderid-296/Desktop/fire-smoke/fire-smoke-cpu/data/raw/hf_candidates/LibreYOLO_smoke-uvylj_hf_snapshot/valid/images/frame_000750_jpg.rf.95370d782ae234a0bd49700206733af5.jpg,/Users/mobcoderid-296/Desktop/fire-smoke/fire-smoke-cpu/data/raw/hf_candidates/LibreYOLO_smoke-uvylj_hf_snapshot/valid/labels/frame_000750_jpg.rf.95370d782ae234a0bd49700206733af5.txt,640,640,VALID_SMOKE,valid,False,False,True,0,smoke,True,303c9a4af385dbde136c2326d27a76e730751b6804850404ef38507825d3ed14,fcfcfcfc3f018000,huggingface_snapshot,pending_review,hf_snapshot_revision_recorded,True,
libreyolo_valid_frame_002164_jpg.rf.85b969ef750c4e037ef7443087fc066c,/Users/mobcoderid-296/Desktop/fire-smoke/fire-smoke-cpu/data/raw/hf_candidates/LibreYOLO_smoke-uvylj_hf_snapshot/valid/images/frame_002164_jpg.rf.85b969ef750c4e037ef7443087fc066c.jpg,/Users/mobcoderid-296/Desktop/fire-smoke/fire-smoke-cpu/data/raw/hf_candidates/LibreYOLO_smoke-uvylj_hf_snapshot/valid/labels/frame_002164_jpg.rf.85b969ef750c4e037ef7443087fc066c.txt,640,640,VALID_SMOKE,valid,False,False,True,0,smoke,True,81543102d04f5cff998d899e097aa682884af933748bb571fd80c54fe569b560,ffef0606040c0800,huggingface_snapshot,pending_review,hf_snapshot_revision_recorded,True,
libreyolo_valid_frame_002166_jpg.rf.4639d16c1d0aac593619775548c351bd,/Users/mobcoderid-296/Desktop/fire-smoke/fire-smoke-cpu/data/raw/hf_candidates/LibreYOLO_smoke-uvylj_hf_snapshot/valid/images/frame_002166_jpg.rf.4639d16c1d0aac593619775548c351bd.jpg,/Users/mobcoderid-296/Desktop/fire-smoke/fire-smoke-cpu/data/raw/hf_candidates/LibreYOLO_smoke-uvylj_hf_snapshot/valid/labels/frame_002166_jpg.rf.4639d16c1d0aac593619775548c351bd.txt,640,640,VALID_SMOKE,valid,False,False,True,0,smoke,True,1c8ae3d71de3649eb957a1786af959f9f2a32bc13f4e2ab71259615f949418ae,ffef0606040c0800,huggingface_snapshot,pending_review,hf_snapshot_revision_recorded,True,
libreyolo_valid_frame_002171_jpg.rf.e744998e165e672d5dbf536656fd9311,/Users/mobcoderid-296/Desktop/fire-smoke/fire-smoke-cpu/data/raw/hf_candidates/LibreYOLO_smoke-uvylj_hf_snapshot/valid/images/frame_002171_jpg.rf.e744998e165e672d5dbf536656fd9311.jpg,/Users/mobcoderid-296/Desktop/fire-smoke/fire-smoke-cpu/data/raw/hf_candidates/LibreYOLO_smoke-uvylj_hf_snapshot/valid/labels/frame_002171_jpg.rf.e744998e165e672d5dbf536656fd9311.txt,640,640,VALID_SMOKE,valid,False,False,True,0,smoke,True,c2bcf465e4dac1a18537c258b0b05991f34dca54253bbf16bc947950dc6052c4,ffef0206040c0800,huggingface_snapshot,pending_review,hf_snapshot_revision_recorded,True,
libreyolo_valid_frame_002176_jpg.rf.c5d7e4931a907fcb2213f1990d840a9e,/Users/mobcoderid-296/Desktop/fire-smoke/fire-smoke-cpu/data/raw/hf_candidates/LibreYOLO_smoke-uvylj_hf_snapshot/valid/images/frame_002176_jpg.rf.c5d7e4931a907fcb2213f1990d840a9e.jpg,/Users/mobcoderid-296/Desktop/fire-smoke/fire-smoke-cpu/data/raw/hf_candidates/LibreYOLO_smoke-uvylj_hf_snapshot/valid/labels/frame_002176_jpg.rf.c5d7e4931a907fcb2213f1990d840a9e.txt,640,640,VALID_SMOKE,valid,False,False,True,0,smoke,True,9b422b35eb9ae5f38d9063c011eb853cdcef02266e92a03d2f82ac3a41683be8,ffef0206040c0800,huggingface_snapshot,pending_review,hf_snapshot_revision_recorded,True,
libreyolo_valid_frame_002177_jpg.rf.e2d03fc1e39e9208da9bfc24d05c25cd,/Users/mobcoderid-296/Desktop/fire-smoke/fire-smoke-cpu/data/raw/hf_candidates/LibreYOLO_smoke-uvylj_hf_snapshot/valid/images/frame_002177_jpg.rf.e2d03fc1e39e9208da9bfc24d05c25cd.jpg,/Users/mobcoderid-296/Desktop/fire-smoke/fire-smoke-cpu/data/raw/hf_candidates/LibreYOLO_smoke-uvylj_hf_snapshot/valid/labels/frame_002177_jpg.rf.e2d03fc1e39e9208da9bfc24d05c25cd.txt,640,640,VALID_SMOKE,valid,False,False,True,0,smoke,True,dd2eb117c991d6863d739442383507fa922ea28e636dd98f29267b4ba84de96c,ffef0206040c0800,huggingface_snapshot,pending_review,hf_snapshot_revision_recorded,True,
libreyolo_valid_frame_002182_jpg.rf.5aae1a95d3c94a3b89bc604e0cc3b1c6,/Users/mobcoderid-296/Desktop/fire-smoke/fire-smoke-cpu/data/raw/hf_candidates/LibreYOLO_smoke-uvylj_hf_snapshot/valid/images/frame_002182_jpg.rf.5aae1a95d3c94a3b89bc604e0cc3b1c6.jpg,/Users/mobcoderid-296/Desktop/fire-smoke/fire-smoke-cpu/data/raw/hf_candidates/LibreYOLO_smoke-uvylj_hf_snapshot/valid/labels/frame_002182_jpg.rf.5aae1a95d3c94a3b89bc604e0cc3b1c6.txt,640,640,VALID_SMOKE,valid,False,False,True,0,smoke,True,18ded7d9c227161f7245175a961443445cc1f4f88d9c21ba81effa02c53d05a7,ffef0206040c0800,huggingface_snapshot,pending_review,hf_snapshot_revision_recorded,True,
libreyolo_valid_frame_002199_jpg.rf.1612e9c5cbd3d0a377ac90e128f6ab79,/Users/mobcoderid-296/Desktop/fire-smoke/fire-smoke-cpu/data/raw/hf_candidates/LibreYOLO_smoke-uvylj_hf_snapshot/valid/images/frame_002199_jpg.rf.1612e9c5cbd3d0a377ac90e128f6ab79.jpg,/Users/mobcoderid-296/Desktop/fire-smoke/fire-smoke-cpu/data/raw/hf_candidates/LibreYOLO_smoke-uvylj_hf_snapshot/valid/labels/frame_002199_jpg.rf.1612e9c5cbd3d0a377ac90e128f6ab79.txt,640,640,VALID_SMOKE,valid,False,False,True,0,smoke,True,87b7e62692a559c8a8793fb31bcd1e78dacdba22f9dfffb8a7bc62fde221a0c4,ffef0706040c0c00,huggingface_snapshot,pending_review,hf_snapshot_revision_recorded,True,
libreyolo_valid_frame_002201_jpg.rf.83bf25cf25d96dca5d2ddd3d80623792,/Users/mobcoderid-296/Desktop/fire-smoke/fire-smoke-cpu/data/raw/hf_candidates/LibreYOLO_smoke-uvylj_hf_snapshot/valid/images/frame_002201_jpg.rf.83bf25cf25d96dca5d2ddd3d80623792.jpg,/Users/mobcoderid-296/Desktop/fire-smoke/fire-smoke-cpu/data/raw/hf_candidates/LibreYOLO_smoke-uvylj_hf_snapshot/valid/labels/frame_002201_jpg.rf.83bf25cf25d96dca5d2ddd3d80623792.txt,640,640,VALID_SMOKE,valid,False,False,True,0,smoke,True,01d92833dc478330d8878aac39dcca5a91948bedbec760e4bded33e7f759d08c,ffef0706040c0c00,huggingface_snapshot,pending_review,hf_snapshot_revision_recorded,True,
libreyolo_valid_frame_002205_jpg.rf.9071b833682e0b9c3d84df1d4d15617e,/Users/mobcoderid-296/Desktop/fire-smoke/fire-smoke-cpu/data/raw/hf_candidates/LibreYOLO_smoke-uvylj_hf_snapshot/valid/images/frame_002205_jpg.rf.9071b833682e0b9c3d84df1d4d15617e.jpg,/Users/mobcoderid-296/Desktop/fire-smoke/fire-smoke-cpu/data/raw/hf_candidates/LibreYOLO_smoke-uvylj_hf_snapshot/valid/labels/frame_002205_jpg.rf.9071b833682e0b9c3d84df1d4d15617e.txt,640,640,VALID_SMOKE,valid,False,False,True,0,smoke,True,ef15cf197082f3c94bc90901225f6cdf358db270c159c5c6cd1bf4061ca4db48,ffef0706040c0c00,huggingface_snapshot,pending_review,hf_snapshot_revision_recorded,True,
libreyolo_valid_frame_002208_jpg.rf.19245b31f2d513a9e6b5f8c6ce5885c4,/Users/mobcoderid-296/Desktop/fire-smoke/fire-smoke-cpu/data/raw/hf_candidates/LibreYOLO_smoke-uvylj_hf_snapshot/valid/images/frame_002208_jpg.rf.19245b31f2d513a9e6b5f8c6ce5885c4.jpg,/Users/mobcoderid-296/Desktop/fire-smoke/fire-smoke-cpu/data/raw/hf_candidates/LibreYOLO_smoke-uvylj_hf_snapshot/valid/labels/frame_002208_jpg.rf.19245b31f2d513a9e6b5f8c6ce5885c4.txt,640,640,VALID_SMOKE,valid,False,False,True,0,smoke,True,d444d0281ce232f229ea6e37d6d1b3bc5d5adbe017805d925e066a40780d0c7c,ffef0706040c0c00,huggingface_snapshot,pending_review,hf_snapshot_revision_recorded,True,
libreyolo_valid_frame_002213_jpg.rf.8d90f4af3f4f0e0d56d7b750c825f473,/Users/mobcoderid-296/Desktop/fire-smoke/fire-smoke-cpu/data/raw/hf_candidates/LibreYOLO_smoke-uvylj_hf_snapshot/valid/images/frame_002213_jpg.rf.8d90f4af3f4f0e0d56d7b750c825f473.jpg,/Users/mobcoderid-296/Desktop/fire-smoke/fire-smoke-cpu/data/raw/hf_candidates/LibreYOLO_smoke-uvylj_hf_snapshot/valid/labels/frame_002213_jpg.rf.8d90f4af3f4f0e0d56d7b750c825f473.txt,640,640,VALID_SMOKE,valid,False,False,True,0,smoke,True,839764a4d4a102ad3050d9cdcfaa83755b234d705fa2f4b9d4d40e377cf58a38,ffef07060c0c0c00,huggingface_snapshot,pending_review,hf_snapshot_revision_recorded,True,
libreyolo_valid_frame_002214_jpg.rf.f216f3ab7867d1eade59f74bcb88737e,/Users/mobcoderid-296/Desktop/fire-smoke/fire-smoke-cpu/data/raw/hf_candidates/LibreYOLO_smoke-uvylj_hf_snapshot/valid/images/frame_002214_jpg.rf.f216f3ab7867d1eade59f74bcb88737e.jpg,/Users/mobcoderid-296/Desktop/fire-smoke/fire-smoke-cpu/data/raw/hf_candidates/LibreYOLO_smoke-uvylj_hf_snapshot/valid/labels/frame_002214_jpg.rf.f216f3ab7867d1eade59f74bcb88737e.txt,640,640,VALID_SMOKE,valid,False,False,True,0,smoke,True,1dcc454bf4cc14985ba2272430962e4be4bfce4b05de1d426f58824e77cdc21b,ffef07060c0c0c00,huggingface_snapshot,pending_review,hf_snapshot_revision_recorded,True,
libreyolo_valid_frame_002219_jpg.rf.d5fb289cf23ffe4b138f1294e36721de,/Users/mobcoderid-296/Desktop/fire-smoke/fire-smoke-cpu/data/raw/hf_candidates/LibreYOLO_smoke-uvylj_hf_snapshot/valid/images/frame_002219_jpg.rf.d5fb289cf23ffe4b138f1294e36721de.jpg,/Users/mobcoderid-296/Desktop/fire-smoke/fire-smoke-cpu/data/raw/hf_candidates/LibreYOLO_smoke-uvylj_hf_snapshot/valid/labels/frame_002219_jpg.rf.d5fb289cf23ffe4b138f1294e36721de.txt,640,640,VALID_SMOKE,valid,False,False,True,0,smoke,True,6dc58c24f21f8cd9a7d5d3d3bc820714e550673b4c8b5453d94ccf0f7a936c1d,ffef07060c0c0c00,huggingface_snapshot,pending_review,hf_snapshot_revision_recorded,True,
libreyolo_valid_frame_002220_jpg.rf.03c45e389e69cad28112fedc95872f61,/Users/mobcoderid-296/Desktop/fire-smoke/fire-smoke-cpu/data/raw/hf_candidates/LibreYOLO_smoke-uvylj_hf_snapshot/valid/images/frame_002220_jpg.rf.03c45e389e69cad28112fedc95872f61.jpg,/Users/mobcoderid-296/Desktop/fire-smoke/fire-smoke-cpu/data/raw/hf_candidates/LibreYOLO_smoke-uvylj_hf_snapshot/valid/labels/frame_002220_jpg.rf.03c45e389e69cad28112fedc95872f61.txt,640,640,VALID_SMOKE,valid,False,False,True,0,smoke,True,27ecb52c1ccac547a24cc0b9bc1f71534358a12afe7a7805ff88618a85381186,ffef07060c0c0c00,huggingface_snapshot,pending_review,hf_snapshot_revision_recorded,True,
libreyolo_valid_frame_002221_jpg.rf.f310d3fc4805ce096521141990b28914,/Users/mobcoderid-296/Desktop/fire-smoke/fire-smoke-cpu/data/raw/hf_candidates/LibreYOLO_smoke-uvylj_hf_snapshot/valid/images/frame_002221_jpg.rf.f310d3fc4805ce096521141990b28914.jpg,/Users/mobcoderid-296/Desktop/fire-smoke/fire-smoke-cpu/data/raw/hf_candidates/LibreYOLO_smoke-uvylj_hf_snapshot/valid/labels/frame_002221_jpg.rf.f310d3fc4805ce096521141990b28914.txt,640,640,VALID_SMOKE,valid,False,False,True,0,smoke,True,717c9ec1794ef8896ce812cfcc9ce53ad284ab8ae04dc2173b6d44c06d6ede16,ffef07060c0c0c00,huggingface_snapshot,pending_review,hf_snapshot_revision_recorded,True,
libreyolo_valid_frame_002224_jpg.rf.002b68897ff8cf92b583e451c81badcb,/Users/mobcoderid-296/Desktop/fire-smoke/fire-smoke-cpu/data/raw/hf_candidates/LibreYOLO_smoke-uvylj_hf_snapshot/valid/images/frame_002224_jpg.rf.002b68897ff8cf92b583e451c81badcb.jpg,/Users/mobcoderid-296/Desktop/fire-smoke/fire-smoke-cpu/data/raw/hf_candidates/LibreYOLO_smoke-uvylj_hf_snapshot/valid/labels/frame_002224_jpg.rf.002b68897ff8cf92b583e451c81badcb.txt,640,640,VALID_SMOKE,valid,False,False,True,0,smoke,True,bb983b860e8c1a134e26371685e8ba5403b0107a620f4fe1ad066678f5dcd2f5,ffef07060c0c0c00,huggingface_snapshot,pending_review,hf_snapshot_revision_recorded,True,
libreyolo_valid_frame_002229_jpg.rf.7e022ec27d1d113661621efaf080dc08,/Users/mobcoderid-296/Desktop/fire-smoke/fire-smoke-cpu/data/raw/hf_candidates/LibreYOLO_smoke-uvylj_hf_snapshot/valid/images/frame_002229_jpg.rf.7e022ec27d1d113661621efaf080dc08.jpg,/Users/mobcoderid-296/Desktop/fire-smoke/fire-smoke-cpu/data/raw/hf_candidates/LibreYOLO_smoke-uvylj_hf_snapshot/valid/labels/frame_002229_jpg.rf.7e022ec27d1d113661621efaf080dc08.txt,640,640,VALID_SMOKE,valid,False,False,True,0,smoke,True,72146435f002eafb68585e531de70bf5f2adaa04722b88d339d5105318406e07,ffef07060c0c0c00,huggingface_snapshot,pending_review,hf_snapshot_revision_recorded,True,
libreyolo_valid_frame_002231_jpg.rf.d6e375bea5a8c469c35dc4705090bee5,/Users/mobcoderid-296/Desktop/fire-smoke/fire-smoke-cpu/data/raw/hf_candidates/LibreYOLO_smoke-uvylj_hf_snapshot/valid/images/frame_002231_jpg.rf.d6e375bea5a8c469c35dc4705090bee5.jpg,/Users/mobcoderid-296/Desktop/fire-smoke/fire-smoke-cpu/data/raw/hf_candidates/LibreYOLO_smoke-uvylj_hf_snapshot/valid/labels/frame_002231_jpg.rf.d6e375bea5a8c469c35dc4705090bee5.txt,640,640,VALID_SMOKE,valid,False,False,True,0,smoke,True,ebb852ceffdecda060f32bd45a5bb27e389fa7ea0f0e87dd22d6f839d7cb4977,ffef07060c0c0c00,huggingface_snapshot,pending_review,hf_snapshot_revision_recorded,True,
libreyolo_valid_frame_002234_jpg.rf.769ce7ce8d599e5e27fdb77fbfcbe4e4,/Users/mobcoderid-296/Desktop/fire-smoke/fire-smoke-cpu/data/raw/hf_candidates/LibreYOLO_smoke-uvylj_hf_snapshot/valid/images/frame_002234_jpg.rf.769ce7ce8d599e5e27fdb77fbfcbe4e4.jpg,/Users/mobcoderid-296/Desktop/fire-smoke/fire-smoke-cpu/data/raw/hf_candidates/LibreYOLO_smoke-uvylj_hf_snapshot/valid/labels/frame_002234_jpg.rf.769ce7ce8d599e5e27fdb77fbfcbe4e4.txt,640,640,VALID_SMOKE,valid,False,False,True,0,smoke,True,c4fe3c08066d36d761845398508e47f52fcbb7e886f839c0c87721fedc933d9d,ffef07060c0c0c00,huggingface_snapshot,pending_review,hf_snapshot_revision_recorded,True,
libreyolo_valid_frame_002253_jpg.rf.554ad579021837f56ce0cacf96464310,/Users/mobcoderid-296/Desktop/fire-smoke/fire-smoke-cpu/data/raw/hf_candidates/LibreYOLO_smoke-uvylj_hf_snapshot/valid/images/frame_002253_jpg.rf.554ad579021837f56ce0cacf96464310.jpg,/Users/mobcoderid-296/Desktop/fire-smoke/fire-smoke-cpu/data/raw/hf_candidates/LibreYOLO_smoke-uvylj_hf_snapshot/valid/labels/frame_002253_jpg.rf.554ad579021837f56ce0cacf96464310.txt,640,640,VALID_SMOKE,valid,False,False,True,0,smoke,True,3f75aaa0a0de5a2253cb96b6c69a0a5f2e49d9e6a1c8c65c26ecb359b0d4eeea,ffef0e0e0c1c0c00,huggingface_snapshot,pending_review,hf_snapshot_revision_recorded,True,
libreyolo_valid_frame_002255_jpg.rf.b1fafca5c1af2ce9076d977a36f8ab55,/Users/mobcoderid-296/Desktop/fire-smoke/fire-smoke-cpu/data/raw/hf_candidates/LibreYOLO_smoke-uvylj_hf_snapshot/valid/images/frame_002255_jpg.rf.b1fafca5c1af2ce9076d977a36f8ab55.jpg,/Users/mobcoderid-296/Desktop/fire-smoke/fire-smoke-cpu/data/raw/hf_candidates/LibreYOLO_smoke-uvylj_hf_snapshot/valid/labels/frame_002255_jpg.rf.b1fafca5c1af2ce9076d977a36f8ab55.txt,640,640,VALID_SMOKE,valid,False,False,True,0,smoke,True,7dbf501082d04a7de68d594eb47fd9410c1e56eb685278aebeb959b5a1e09174,ffef0e0e0c1c1c00,huggingface_snapshot,pending_review,hf_snapshot_revision_recorded,True,
libreyolo_valid_frame_002256_jpg.rf.2c24e656073f0477e2e36a3022acc837,/Users/mobcoderid-296/Desktop/fire-smoke/fire-smoke-cpu/data/raw/hf_candidates/LibreYOLO_smoke-uvylj_hf_snapshot/valid/images/frame_002256_jpg.rf.2c24e656073f0477e2e36a3022acc837.jpg,/Users/mobcoderid-296/Desktop/fire-smoke/fire-smoke-cpu/data/raw/hf_candidates/LibreYOLO_smoke-uvylj_hf_snapshot/valid/labels/frame_002256_jpg.rf.2c24e656073f0477e2e36a3022acc837.txt,640,640,VALID_SMOKE,valid,False,False,True,0,smoke,True,c492a56f262aebadb34bc3bd88b76e7d23ad88b2a92c077f609c5fcbc033f192,ffef0e0e0c1c1c00,huggingface_snapshot,pending_review,hf_snapshot_revision_recorded,True,
libreyolo_valid_frame_002258_jpg.rf.12f5cd4c5258160f1b008aa6c96e6866,/Users/mobcoderid-296/Desktop/fire-smoke/fire-smoke-cpu/data/raw/hf_candidates/LibreYOLO_smoke-uvylj_hf_snapshot/valid/images/frame_002258_jpg.rf.12f5cd4c5258160f1b008aa6c96e6866.jpg,/Users/mobcoderid-296/Desktop/fire-smoke/fire-smoke-cpu/data/raw/hf_candidates/LibreYOLO_smoke-uvylj_hf_snapshot/valid/labels/frame_002258_jpg.rf.12f5cd4c5258160f1b008aa6c96e6866.txt,640,640,VALID_SMOKE,valid,False,False,True,0,smoke,True,f969651cd7539f54821f8c3d6162782018ec7ca601e31e417eb20e55fc61a5ae,ffef0e0e0c1c1c00,huggingface_snapshot,pending_review,hf_snapshot_revision_recorded,True,
libreyolo_valid_frame_002259_jpg.rf.8460a6ac3c5f9a7302ced72b96149046,/Users/mobcoderid-296/Desktop/fire-smoke/fire-smoke-cpu/data/raw/hf_candidates/LibreYOLO_smoke-uvylj_hf_snapshot/valid/images/frame_002259_jpg.rf.8460a6ac3c5f9a7302ced72b96149046.jpg,/Users/mobcoderid-296/Desktop/fire-smoke/fire-smoke-cpu/data/raw/hf_candidates/LibreYOLO_smoke-uvylj_hf_snapshot/valid/labels/frame_002259_jpg.rf.8460a6ac3c5f9a7302ced72b96149046.txt,640,640,VALID_SMOKE,valid,False,False,True,0,smoke,True,1d30820176e14dda782707392de4798a761e129e0493cb23e817dc0624429514,ffee0e0e0c1c1c00,huggingface_snapshot,pending_review,hf_snapshot_revision_recorded,True,
libreyolo_valid_frame_002262_jpg.rf.50aa80800f70771c35033b54aeb5ba50,/Users/mobcoderid-296/Desktop/fire-smoke/fire-smoke-cpu/data/raw/hf_candidates/LibreYOLO_smoke-uvylj_hf_snapshot/valid/images/frame_002262_jpg.rf.50aa80800f70771c35033b54aeb5ba50.jpg,/Users/mobcoderid-296/Desktop/fire-smoke/fire-smoke-cpu/data/raw/hf_candidates/LibreYOLO_smoke-uvylj_hf_snapshot/valid/labels/frame_002262_jpg.rf.50aa80800f70771c35033b54aeb5ba50.txt,640,640,VALID_SMOKE,valid,False,False,True,0,smoke,True,414c83a997dbbd841ed62b0abdd71848dfcdb9a3c69768cba37c83c821844291,ffee0e0e0c1c1c00,huggingface_snapshot,pending_review,hf_snapshot_revision_recorded,True,
libreyolo_valid_frame_002266_jpg.rf.4f0ad36b175cf17c8996e35fe6bb52a0,/Users/mobcoderid-296/Desktop/fire-smoke/fire-smoke-cpu/data/raw/hf_candidates/LibreYOLO_smoke-uvylj_hf_snapshot/valid/images/frame_002266_jpg.rf.4f0ad36b175cf17c8996e35fe6bb52a0.jpg,/Users/mobcoderid-296/Desktop/fire-smoke/fire-smoke-cpu/data/raw/hf_candidates/LibreYOLO_smoke-uvylj_hf_snapshot/valid/labels/frame_002266_jpg.rf.4f0ad36b175cf17c8996e35fe6bb52a0.txt,640,640,VALID_SMOKE,valid,False,False,True,0,smoke,True,463c2d890d66604cff9e7b79023de8a6900e8de88975dc1eefb0168c24371936,ffee0e0e0c1c1c00,huggingface_snapshot,pending_review,hf_snapshot_revision_recorded,True,
libreyolo_valid_frame_002272_jpg.rf.f724848f4fadcdf76fcba8be8871acd9,/Users/mobcoderid-296/Desktop/fire-smoke/fire-smoke-cpu/data/raw/hf_candidates/LibreYOLO_smoke-uvylj_hf_snapshot/valid/images/frame_002272_jpg.rf.f724848f4fadcdf76fcba8be8871acd9.jpg,/Users/mobcoderid-296/Desktop/fire-smoke/fire-smoke-cpu/data/raw/hf_candidates/LibreYOLO_smoke-uvylj_hf_snapshot/valid/labels/frame_002272_jpg.rf.f724848f4fadcdf76fcba8be8871acd9.txt,640,640,VALID_SMOKE,valid,False,False,True,0,smoke,True,dce9117003e95c63b4bf0a67dca330512dbb5474070884cb5ea3172e0a091205,ffef0e0c0c1c1c00,huggingface_snapshot,pending_review,hf_snapshot_revision_recorded,True,
libreyolo_valid_frame_002283_jpg.rf.e2ec7cac85022878cd6d2c4ea332887a,/Users/mobcoderid-296/Desktop/fire-smoke/fire-smoke-cpu/data/raw/hf_candidates/LibreYOLO_smoke-uvylj_hf_snapshot/valid/images/frame_002283_jpg.rf.e2ec7cac85022878cd6d2c4ea332887a.jpg,/Users/mobcoderid-296/Desktop/fire-smoke/fire-smoke-cpu/data/raw/hf_candidates/LibreYOLO_smoke-uvylj_hf_snapshot/valid/labels/frame_002283_jpg.rf.e2ec7cac85022878cd6d2c4ea332887a.txt,640,640,VALID_SMOKE,valid,False,False,True,0,smoke,True,b3edebb3ef7de009c55d77c06baf040c3ed6a3a9c0d946fc27e6c9c509f5e60c,ffef0f0c0c1c1c00,huggingface_snapshot,pending_review,hf_snapshot_revision_recorded,True,
libreyolo_valid_frame_002930-1_jpg.rf.02b5fe681dfabca6cf7cc732a80e421c,/Users/mobcoderid-296/Desktop/fire-smoke/fire-smoke-cpu/data/raw/hf_candidates/LibreYOLO_smoke-uvylj_hf_snapshot/valid/images/frame_002930-1_jpg.rf.02b5fe681dfabca6cf7cc732a80e421c.jpg,/Users/mobcoderid-296/Desktop/fire-smoke/fire-smoke-cpu/data/raw/hf_candidates/LibreYOLO_smoke-uvylj_hf_snapshot/valid/labels/frame_002930-1_jpg.rf.02b5fe681dfabca6cf7cc732a80e421c.txt,640,640,VALID_SMOKE,valid,False,False,True,0,smoke,True,8c4943703b94f254396c4b69cd92c49687add15287fd97c052b917aaeecffb7f,0e0e8e0e0fffffff,huggingface_snapshot,pending_review,hf_snapshot_revision_recorded,True,
libreyolo_valid_frame_003000-1_jpg.rf.e2aca30bcd27cd76b6900f14dcf37eec,/Users/mobcoderid-296/Desktop/fire-smoke/fire-smoke-cpu/data/raw/hf_candidates/LibreYOLO_smoke-uvylj_hf_snapshot/valid/images/frame_003000-1_jpg.rf.e2aca30bcd27cd76b6900f14dcf37eec.jpg,/Users/mobcoderid-296/Desktop/fire-smoke/fire-smoke-cpu/data/raw/hf_candidates/LibreYOLO_smoke-uvylj_hf_snapshot/valid/labels/frame_003000-1_jpg.rf.e2aca30bcd27cd76b6900f14dcf37eec.txt,640,640,VALID_SMOKE,valid,False,False,True,0,smoke,True,156dd1e959b0fc6f6ab0782e41e7f31d01dea51893b5dd719780e3e2c40f7874,043e7e7e7e9f18f0,huggingface_snapshot,pending_review,hf_snapshot_revision_recorded,True,
libreyolo_valid_frame_003030-1_jpg.rf.dba47f3250c88c8b5c08f7289dae74ba,/Users/mobcoderid-296/Desktop/fire-smoke/fire-smoke-cpu/data/raw/hf_candidates/LibreYOLO_smoke-uvylj_hf_snapshot/valid/images/frame_003030-1_jpg.rf.dba47f3250c88c8b5c08f7289dae74ba.jpg,/Users/mobcoderid-296/Desktop/fire-smoke/fire-smoke-cpu/data/raw/hf_candidates/LibreYOLO_smoke-uvylj_hf_snapshot/valid/labels/frame_003030-1_jpg.rf.dba47f3250c88c8b5c08f7289dae74ba.txt,640,640,VALID_SMOKE,valid,False,False,True,0,smoke,True,96f510eca700ad30532f6e16491816349c41859f05757a991a9b74fdebf97fcf,047efcfe7e3c10e0,huggingface_snapshot,pending_review,hf_snapshot_revision_recorded,True,
libreyolo_valid_frame_003050-1_jpg.rf.123b4edd3683b83122d7f8e4e0c2b7d9,/Users/mobcoderid-296/Desktop/fire-smoke/fire-smoke-cpu/data/raw/hf_candidates/LibreYOLO_smoke-uvylj_hf_snapshot/valid/images/frame_003050-1_jpg.rf.123b4edd3683b83122d7f8e4e0c2b7d9.jpg,/Users/mobcoderid-296/Desktop/fire-smoke/fire-smoke-cpu/data/raw/hf_candidates/LibreYOLO_smoke-uvylj_hf_snapshot/valid/labels/frame_003050-1_jpg.rf.123b4edd3683b83122d7f8e4e0c2b7d9.txt,640,640,VALID_SMOKE,valid,False,False,True,0,smoke,True,45182d1b3c8f8586ec209bd58e6cdfb66a8a66d0841702dd40573faee11d6f15,0c7efefe7e3c00e0,huggingface_snapshot,pending_review,hf_snapshot_revision_recorded,True,
libreyolo_valid_frame_003160-1_jpg.rf.fda5e0918e53a855a93a2f2d6862c35f,/Users/mobcoderid-296/Desktop/fire-smoke/fire-smoke-cpu/data/raw/hf_candidates/LibreYOLO_smoke-uvylj_hf_snapshot/valid/images/frame_003160-1_jpg.rf.fda5e0918e53a855a93a2f2d6862c35f.jpg,/Users/mobcoderid-296/Desktop/fire-smoke/fire-smoke-cpu/data/raw/hf_candidates/LibreYOLO_smoke-uvylj_hf_snapshot/valid/labels/frame_003160-1_jpg.rf.fda5e0918e53a855a93a2f2d6862c35f.txt,640,640,VALID_SMOKE,valid,False,False,True,0,smoke,True,3bb345d68333020ca5dcf5068e729d529ae8e25efbb7fa4a1212202e82680853,3c3ebefefcf1e0f0,huggingface_snapshot,pending_review,hf_snapshot_revision_recorded,True,
libreyolo_valid_frame_003240-1_jpg.rf.b9583576d782592cd202ca806222a28a,/Users/mobcoderid-296/Desktop/fire-smoke/fire-smoke-cpu/data/raw/hf_candidates/LibreYOLO_smoke-uvylj_hf_snapshot/valid/images/frame_003240-1_jpg.rf.b9583576d782592cd202ca806222a28a.jpg,/Users/mobcoderid-296/Desktop/fire-smoke/fire-smoke-cpu/data/raw/hf_candidates/LibreYOLO_smoke-uvylj_hf_snapshot/valid/labels/frame_003240-1_jpg.rf.b9583576d782592cd202ca806222a28a.txt,640,640,VALID_SMOKE,valid,False,False,True,0,smoke,True,63f80003ce5816e5dad29fb994e04ddccaf67f6df128fabeb9ec0c13478488a1,0c0efefefde0e0f0,huggingface_snapshot,pending_review,hf_snapshot_revision_recorded,True,
libreyolo_valid_frame_003260-1_jpg.rf.e4b2f6e238fcb5173530cbf778385d3f,/Users/mobcoderid-296/Desktop/fire-smoke/fire-smoke-cpu/data/raw/hf_candidates/LibreYOLO_smoke-uvylj_hf_snapshot/valid/images/frame_003260-1_jpg.rf.e4b2f6e238fcb5173530cbf778385d3f.jpg,/Users/mobcoderid-296/Desktop/fire-smoke/fire-smoke-cpu/data/raw/hf_candidates/LibreYOLO_smoke-uvylj_hf_snapshot/valid/labels/frame_003260-1_jpg.rf.e4b2f6e238fcb5173530cbf778385d3f.txt,640,640,VALID_SMOKE,valid,False,False,True,0,smoke,True,db02694b01b9551c00c92047f30e639f527fc33859733c0a93ff9f6e0f9e1eeb,0c0efefeffe0fcf0,huggingface_snapshot,pending_review,hf_snapshot_revision_recorded,True,
libreyolo_valid_frame_003300-1_jpg.rf.fb5f6394219a8cc9e3081bbbc0ff5f11,/Users/mobcoderid-296/Desktop/fire-smoke/fire-smoke-cpu/data/raw/hf_candidates/LibreYOLO_smoke-uvylj_hf_snapshot/valid/images/frame_003300-1_jpg.rf.fb5f6394219a8cc9e3081bbbc0ff5f11.jpg,/Users/mobcoderid-296/Desktop/fire-smoke/fire-smoke-cpu/data/raw/hf_candidates/LibreYOLO_smoke-uvylj_hf_snapshot/valid/labels/frame_003300-1_jpg.rf.fb5f6394219a8cc9e3081bbbc0ff5f11.txt,640,640,VALID_SMOKE,valid,False,False,True,0,smoke,True,9a788c46c6d5cf2655e754d265e37a4a8c6d27f20cc7dffc36b3f5d01ef1d2f6,0607767f7ff0f0e0,huggingface_snapshot,pending_review,hf_snapshot_revision_recorded,True,
libreyolo_valid_frame_003315-1_jpg.rf.11c43e36f394eeb0a040bbb865e14a11,/Users/mobcoderid-296/Desktop/fire-smoke/fire-smoke-cpu/data/raw/hf_candidates/LibreYOLO_smoke-uvylj_hf_snapshot/valid/images/frame_003315-1_jpg.rf.11c43e36f394eeb0a040bbb865e14a11.jpg,/Users/mobcoderid-296/Desktop/fire-smoke/fire-smoke-cpu/data/raw/hf_candidates/LibreYOLO_smoke-uvylj_hf_snapshot/valid/labels/frame_003315-1_jpg.rf.11c43e36f394eeb0a040bbb865e14a11.txt,640,640,VALID_SMOKE,valid,False,False,True,0,smoke,True,c61f7bf879a97414904ca65eea2dbc9c78e4d4defc20485e7f22308d94d3d822,0e0e6efefee0e4f0,huggingface_snapshot,pending_review,hf_snapshot_revision_recorded,True,
libreyolo_valid_frame_003340-1_jpg.rf.0eda9d6124d153d52197bb000a45fa0e,/Users/mobcoderid-296/Desktop/fire-smoke/fire-smoke-cpu/data/raw/hf_candidates/LibreYOLO_smoke-uvylj_hf_snapshot/valid/images/frame_003340-1_jpg.rf.0eda9d6124d153d52197bb000a45fa0e.jpg,/Users/mobcoderid-296/Desktop/fire-smoke/fire-smoke-cpu/data/raw/hf_candidates/LibreYOLO_smoke-uvylj_hf_snapshot/valid/labels/frame_003340-1_jpg.rf.0eda9d6124d153d52197bb000a45fa0e.txt,640,640,VALID_SMOKE,valid,False,False,True,0,smoke,True,eef238ab1acd991433c89c093eb3f1f57c43503dca47f9f9f6013cf4656ce3cc,181c9cfcfffbf8ff,huggingface_snapshot,pending_review,hf_snapshot_revision_recorded,True,
libreyolo_valid_frame_003345-1_jpg.rf.458b328592c7843be28e750165bf1610,/Users/mobcoderid-296/Desktop/fire-smoke/fire-smoke-cpu/data/raw/hf_candidates/LibreYOLO_smoke-uvylj_hf_snapshot/valid/images/frame_003345-1_jpg.rf.458b328592c7843be28e750165bf1610.jpg,/Users/mobcoderid-296/Desktop/fire-smoke/fire-smoke-cpu/data/raw/hf_candidates/LibreYOLO_smoke-uvylj_hf_snapshot/valid/labels/frame_003345-1_jpg.rf.458b328592c7843be28e750165bf1610.txt,640,640,VALID_SMOKE,valid,False,False,True,0,smoke,True,717718bd4cbd528771e1a685d2737d9aba3b94f577281df5bc99f05705631bbe,181c9cfcfffbf8ff,huggingface_snapshot,pending_review,hf_snapshot_revision_recorded,True,
libreyolo_valid_frame_003370-1_jpg.rf.cc7787c0531cfe5cac05a9fea0f4e5b5,/Users/mobcoderid-296/Desktop/fire-smoke/fire-smoke-cpu/data/raw/hf_candidates/LibreYOLO_smoke-uvylj_hf_snapshot/valid/images/frame_003370-1_jpg.rf.cc7787c0531cfe5cac05a9fea0f4e5b5.jpg,/Users/mobcoderid-296/Desktop/fire-smoke/fire-smoke-cpu/data/raw/hf_candidates/LibreYOLO_smoke-uvylj_hf_snapshot/valid/labels/frame_003370-1_jpg.rf.cc7787c0531cfe5cac05a9fea0f4e5b5.txt,640,640,VALID_SMOKE,valid,False,False,True,0,smoke,True,9a388a9300b580bcd3c3386829928bf60d17ff63017aa6507faf3ea4fdc4c233,0e0ecefe7ff0fcf8,huggingface_snapshot,pending_review,hf_snapshot_revision_recorded,True,
libreyolo_valid_frame_003390-1_jpg.rf.2925cd108bec6c2805161ba700793224,/Users/mobcoderid-296/Desktop/fire-smoke/fire-smoke-cpu/data/raw/hf_candidates/LibreYOLO_smoke-uvylj_hf_snapshot/valid/images/frame_003390-1_jpg.rf.2925cd108bec6c2805161ba700793224.jpg,/Users/mobcoderid-296/Desktop/fire-smoke/fire-smoke-cpu/data/raw/hf_candidates/LibreYOLO_smoke-uvylj_hf_snapshot/valid/labels/frame_003390-1_jpg.rf.2925cd108bec6c2805161ba700793224.txt,640,640,VALID_SMOKE,valid,False,False,True,0,smoke,True,295e46aa38ad719c690aa16fc0a7d7fe9dc2f8d2f9382c8ce05e131993cf2d3b,0e0e4e7e7ff0fcf8,huggingface_snapshot,pending_review,hf_snapshot_revision_recorded,True,
libreyolo_valid_frame_003410-1_jpg.rf.d3bafb9dfd9c8c1b25b184edaba5872a,/Users/mobcoderid-296/Desktop/fire-smoke/fire-smoke-cpu/data/raw/hf_candidates/LibreYOLO_smoke-uvylj_hf_snapshot/valid/images/frame_003410-1_jpg.rf.d3bafb9dfd9c8c1b25b184edaba5872a.jpg,/Users/mobcoderid-296/Desktop/fire-smoke/fire-smoke-cpu/data/raw/hf_candidates/LibreYOLO_smoke-uvylj_hf_snapshot/valid/labels/frame_003410-1_jpg.rf.d3bafb9dfd9c8c1b25b184edaba5872a.txt,640,640,VALID_SMOKE,valid,False,False,True,0,smoke,True,b5a2b2a4942d6b8ea2913a3a8123dca6e177aced5d3f95a719b0b87950b8283e,0c1c9cfcfff9fcff,huggingface_snapshot,pending_review,hf_snapshot_revision_recorded,True,
libreyolo_valid_frame_003445-1_jpg.rf.04a4d5a2450cede50b629268285848ce,/Users/mobcoderid-296/Desktop/fire-smoke/fire-smoke-cpu/data/raw/hf_candidates/LibreYOLO_smoke-uvylj_hf_snapshot/valid/images/frame_003445-1_jpg.rf.04a4d5a2450cede50b629268285848ce.jpg,/Users/mobcoderid-296/Desktop/fire-smoke/fire-smoke-cpu/data/raw/hf_candidates/LibreYOLO_smoke-uvylj_hf_snapshot/valid/labels/frame_003445-1_jpg.rf.04a4d5a2450cede50b629268285848ce.txt,640,640,VALID_SMOKE,valid,False,False,True,0,smoke,True,891a024af49a04d58b02e612b90e5215dc981e72848ea016e563f1dd2ff79f2b,1c1c9cdcfff9fcff,huggingface_snapshot,pending_review,hf_snapshot_revision_recorded,True,
libreyolo_valid_frame_003475-1_jpg.rf.db5efe919c01c7409cdffe294e5a798d,/Users/mobcoderid-296/Desktop/fire-smoke/fire-smoke-cpu/data/raw/hf_candidates/LibreYOLO_smoke-uvylj_hf_snapshot/valid/images/frame_003475-1_jpg.rf.db5efe919c01c7409cdffe294e5a798d.jpg,/Users/mobcoderid-296/Desktop/fire-smoke/fire-smoke-cpu/data/raw/hf_candidates/LibreYOLO_smoke-uvylj_hf_snapshot/valid/labels/frame_003475-1_jpg.rf.db5efe919c01c7409cdffe294e5a798d.txt,640,640,VALID_SMOKE,valid,False,False,True,0,smoke,True,2822b97ac545b6db817185d3a7dc16fd3b37447049654ea7d66a669784065e4b,1c1c9cdcfff9fcff,huggingface_snapshot,pending_review,hf_snapshot_revision_recorded,True,
libreyolo_valid_frame_003480-1_jpg.rf.f0df018e6b5b638d18faf04ae6c14831,/Users/mobcoderid-296/Desktop/fire-smoke/fire-smoke-cpu/data/raw/hf_candidates/LibreYOLO_smoke-uvylj_hf_snapshot/valid/images/frame_003480-1_jpg.rf.f0df018e6b5b638d18faf04ae6c14831.jpg,/Users/mobcoderid-296/Desktop/fire-smoke/fire-smoke-cpu/data/raw/hf_candidates/LibreYOLO_smoke-uvylj_hf_snapshot/valid/labels/frame_003480-1_jpg.rf.f0df018e6b5b638d18faf04ae6c14831.txt,640,640,VALID_SMOKE,valid,False,False,True,0,smoke,True,5e0e17497eaacd5c372d1021ec31753fbb4c3d2bef4146a3e0c072ad3eac9c04,1c1c9cdcfff9fcff,huggingface_snapshot,pending_review,hf_snapshot_revision_recorded,True,
libreyolo_valid_frame_003535-1_jpg.rf.cb3471cd354c1b2419dd90c405577634,/Users/mobcoderid-296/Desktop/fire-smoke/fire-smoke-cpu/data/raw/hf_candidates/LibreYOLO_smoke-uvylj_hf_snapshot/valid/images/frame_003535-1_jpg.rf.cb3471cd354c1b2419dd90c405577634.jpg,/Users/mobcoderid-296/Desktop/fire-smoke/fire-smoke-cpu/data/raw/hf_candidates/LibreYOLO_smoke-uvylj_hf_snapshot/valid/labels/frame_003535-1_jpg.rf.cb3471cd354c1b2419dd90c405577634.txt,640,640,VALID_SMOKE,valid,False,False,True,0,smoke,True,bdead038f4cbc2693b705f0ee59570632b506a063c04fcf380b049808ba429b6,1c1c9c9cfffbfcff,huggingface_snapshot,pending_review,hf_snapshot_revision_recorded,True,
libreyolo_valid_frame_003540-1_jpg.rf.ee7ab2093f790947d3c4db752dfd34cf,/Users/mobcoderid-296/Desktop/fire-smoke/fire-smoke-cpu/data/raw/hf_candidates/LibreYOLO_smoke-uvylj_hf_snapshot/valid/images/frame_003540-1_jpg.rf.ee7ab2093f790947d3c4db752dfd34cf.jpg,/Users/mobcoderid-296/Desktop/fire-smoke/fire-smoke-cpu/data/raw/hf_candidates/LibreYOLO_smoke-uvylj_hf_snapshot/valid/labels/frame_003540-1_jpg.rf.ee7ab2093f790947d3c4db752dfd34cf.txt,640,640,VALID_SMOKE,valid,False,False,True,0,smoke,True,54f5f5ad83797dffbf088404c0142b6908c4bd2bf7671141e61b4c7e195e4ab4,1c1c9c9cfffbfcff,huggingface_snapshot,pending_review,hf_snapshot_revision_recorded,True,
libreyolo_valid_frame_003570-1_jpg.rf.649ddb13a818ac08eb0a686f1edd9c67,/Users/mobcoderid-296/Desktop/fire-smoke/fire-smoke-cpu/data/raw/hf_candidates/LibreYOLO_smoke-uvylj_hf_snapshot/valid/images/frame_003570-1_jpg.rf.649ddb13a818ac08eb0a686f1edd9c67.jpg,/Users/mobcoderid-296/Desktop/fire-smoke/fire-smoke-cpu/data/raw/hf_candidates/LibreYOLO_smoke-uvylj_hf_snapshot/valid/labels/frame_003570-1_jpg.rf.649ddb13a818ac08eb0a686f1edd9c67.txt,640,640,VALID_SMOKE,valid,False,False,True,0,smoke,True,8d6fce801e1c834a24d0f07c0210a2c475e3301b11a04005662b033f93e29cab,1c9c9c1cfffbfcff,huggingface_snapshot,pending_review,hf_snapshot_revision_recorded,True,
libreyolo_test_frame_000003-1_jpg.rf.f86595b0c5c06243ce29f5d87b6c3e2f,/Users/mobcoderid-296/Desktop/fire-smoke/fire-smoke-cpu/data/raw/hf_candidates/LibreYOLO_smoke-uvylj_hf_snapshot/test/images/frame_000003-1_jpg.rf.f86595b0c5c06243ce29f5d87b6c3e2f.jpg,/Users/mobcoderid-296/Desktop/fire-smoke/fire-smoke-cpu/data/raw/hf_candidates/LibreYOLO_smoke-uvylj_hf_snapshot/test/labels/frame_000003-1_jpg.rf.f86595b0c5c06243ce29f5d87b6c3e2f.txt,640,640,VALID_SMOKE,test,False,False,True,0,smoke,True,49d283ecb8a2be60b7af4fe9bb6cb8f3e6708bcbe8943d878c2fe54a8b3be0b1,8dc83818c0f8ffff,huggingface_snapshot,pending_review,hf_snapshot_revision_recorded,True,
libreyolo_test_frame_000022-1_jpg.rf.bd114e8b28d29a26258c4b9b602a43f1,/Users/mobcoderid-296/Desktop/fire-smoke/fire-smoke-cpu/data/raw/hf_candidates/LibreYOLO_smoke-uvylj_hf_snapshot/test/images/frame_000022-1_jpg.rf.bd114e8b28d29a26258c4b9b602a43f1.jpg,/Users/mobcoderid-296/Desktop/fire-smoke/fire-smoke-cpu/data/raw/hf_candidates/LibreYOLO_smoke-uvylj_hf_snapshot/test/labels/frame_000022-1_jpg.rf.bd114e8b28d29a26258c4b9b602a43f1.txt,640,640,VALID_SMOKE,test,False,False,True,0,smoke,True,086a27b8eaac1bd8f6f493ace4fff4630780e1ee2c3dddcda97bb17fc1e1e67f,8dc03010c0f8ffff,huggingface_snapshot,pending_review,hf_snapshot_revision_recorded,True,
libreyolo_test_frame_000025-5_jpg.rf.0563607c5089f4fc62e308ff75a0e6e0,/Users/mobcoderid-296/Desktop/fire-smoke/fire-smoke-cpu/data/raw/hf_candidates/LibreYOLO_smoke-uvylj_hf_snapshot/test/images/frame_000025-5_jpg.rf.0563607c5089f4fc62e308ff75a0e6e0.jpg,/Users/mobcoderid-296/Desktop/fire-smoke/fire-smoke-cpu/data/raw/hf_candidates/LibreYOLO_smoke-uvylj_hf_snapshot/test/labels/frame_000025-5_jpg.rf.0563607c5089f4fc62e308ff75a0e6e0.txt,640,640,VALID_SMOKE,test,False,False,True,0,smoke,True,2380491a78b63ccc05db29eb5c0e28fb27dcf5aa913ca59287718e147925c762,870700030fffffff,huggingface_snapshot,pending_review,hf_snapshot_revision_recorded,True,
libreyolo_test_frame_000055-2_jpg.rf.a33fcb994b99ae201bd27260e2efb5d5,/Users/mobcoderid-296/Desktop/fire-smoke/fire-smoke-cpu/data/raw/hf_candidates/LibreYOLO_smoke-uvylj_hf_snapshot/test/images/frame_000055-2_jpg.rf.a33fcb994b99ae201bd27260e2efb5d5.jpg,/Users/mobcoderid-296/Desktop/fire-smoke/fire-smoke-cpu/data/raw/hf_candidates/LibreYOLO_smoke-uvylj_hf_snapshot/test/labels/frame_000055-2_jpg.rf.a33fcb994b99ae201bd27260e2efb5d5.txt,640,640,VALID_SMOKE,test,False,False,True,0,smoke,True,822945c012e624563b1e5ed3a579027c85c20cb8895e3dd4ac8e9292e3a7e971,2101c003077fffff,huggingface_snapshot,pending_review,hf_snapshot_revision_recorded,True,
libreyolo_test_frame_000060-5_jpg.rf.b6603d2df424eb2caab2ef610dd9b927,/Users/mobcoderid-296/Desktop/fire-smoke/fire-smoke-cpu/data/raw/hf_candidates/LibreYOLO_smoke-uvylj_hf_snapshot/test/images/frame_000060-5_jpg.rf.b6603d2df424eb2caab2ef610dd9b927.jpg,/Users/mobcoderid-296/Desktop/fire-smoke/fire-smoke-cpu/data/raw/hf_candidates/LibreYOLO_smoke-uvylj_hf_snapshot/test/labels/frame_000060-5_jpg.rf.b6603d2df424eb2caab2ef610dd9b927.txt,640,640,VALID_SMOKE,test,False,False,True,0,smoke,True,05431a2749d8a067050cc879f10ba5276ed58c902590aba4ff746ece64db8740,870700030fffffff,huggingface_snapshot,pending_review,hf_snapshot_revision_recorded,True,
libreyolo_test_frame_000080-2_jpg.rf.8881f36d5e3e9ffbc0c99406b831e04e,/Users/mobcoderid-296/Desktop/fire-smoke/fire-smoke-cpu/data/raw/hf_candidates/LibreYOLO_smoke-uvylj_hf_snapshot/test/images/frame_000080-2_jpg.rf.8881f36d5e3e9ffbc0c99406b831e04e.jpg,/Users/mobcoderid-296/Desktop/fire-smoke/fire-smoke-cpu/data/raw/hf_candidates/LibreYOLO_smoke-uvylj_hf_snapshot/test/labels/frame_000080-2_jpg.rf.8881f36d5e3e9ffbc0c99406b831e04e.txt,640,640,VALID_SMOKE,test,False,False,True,0,smoke,True,7ff57bcf0b7a4e900efc4735adb946b7719b03104d05b256c9ba0a28f1e3317d,0101c0030f7fffff,huggingface_snapshot,pending_review,hf_snapshot_revision_recorded,True,
libreyolo_test_frame_000080-4_jpg.rf.d78ed2bcd2bcb6406984e6563e436919,/Users/mobcoderid-296/Desktop/fire-smoke/fire-smoke-cpu/data/raw/hf_candidates/LibreYOLO_smoke-uvylj_hf_snapshot/test/images/frame_000080-4_jpg.rf.d78ed2bcd2bcb6406984e6563e436919.jpg,/Users/mobcoderid-296/Desktop/fire-smoke/fire-smoke-cpu/data/raw/hf_candidates/LibreYOLO_smoke-uvylj_hf_snapshot/test/labels/frame_000080-4_jpg.rf.d78ed2bcd2bcb6406984e6563e436919.txt,640,640,VALID_SMOKE,test,False,False,True,0,smoke,True,bed36b4dddd84f8a932ea4c6f9dd4aa87d5a78d02ef77103962cabb36820bd37,ffff13030080c2f0,huggingface_snapshot,pending_review,hf_snapshot_revision_recorded,True,
libreyolo_test_frame_000095_jpg.rf.31b6a32f1e1441b20982645bc71d4ed4,/Users/mobcoderid-296/Desktop/fire-smoke/fire-smoke-cpu/data/raw/hf_candidates/LibreYOLO_smoke-uvylj_hf_snapshot/test/images/frame_000095_jpg.rf.31b6a32f1e1441b20982645bc71d4ed4.jpg,/Users/mobcoderid-296/Desktop/fire-smoke/fire-smoke-cpu/data/raw/hf_candidates/LibreYOLO_smoke-uvylj_hf_snapshot/test/labels/frame_000095_jpg.rf.31b6a32f1e1441b20982645bc71d4ed4.txt,640,640,VALID_SMOKE,test,False,False,True,0,smoke,True,9be1fc68b166a363472f74d3619810d5414ae30d313d3868d077582e7079894d,bfdef83c0c0c8cc0,huggingface_snapshot,pending_review,hf_snapshot_revision_recorded,True,
libreyolo_test_frame_000110-3_jpg.rf.60a8f33c2ce1aec248a90e6b173db4fd,/Users/mobcoderid-296/Desktop/fire-smoke/fire-smoke-cpu/data/raw/hf_candidates/LibreYOLO_smoke-uvylj_hf_snapshot/test/images/frame_000110-3_jpg.rf.60a8f33c2ce1aec248a90e6b173db4fd.jpg,/Users/mobcoderid-296/Desktop/fire-smoke/fire-smoke-cpu/data/raw/hf_candidates/LibreYOLO_smoke-uvylj_hf_snapshot/test/labels/frame_000110-3_jpg.rf.60a8f33c2ce1aec248a90e6b173db4fd.txt,640,640,VALID_SMOKE,test,False,False,True,0,smoke,True,1c61320edbfc691d98cd72267bdf50e486bc9ffb5a78c272109f79a337551251,fe1f0f0503030f3f,huggingface_snapshot,pending_review,hf_snapshot_revision_recorded,True,
libreyolo_test_frame_000120-4_jpg.rf.13bef7b057c1cece3a29b26cb6fec224,/Users/mobcoderid-296/Desktop/fire-smoke/fire-smoke-cpu/data/raw/hf_candidates/LibreYOLO_smoke-uvylj_hf_snapshot/test/images/frame_000120-4_jpg.rf.13bef7b057c1cece3a29b26cb6fec224.jpg,/Users/mobcoderid-296/Desktop/fire-smoke/fire-smoke-cpu/data/raw/hf_candidates/LibreYOLO_smoke-uvylj_hf_snapshot/test/labels/frame_000120-4_jpg.rf.13bef7b057c1cece3a29b26cb6fec224.txt,640,640,VALID_SMOKE,test,False,False,True,0,smoke,True,0aa511cbcef6fc187c37eed535489aca588391e8051c0af8d47a844fed5c6c11,fffbf1e1c0c0c2e0,huggingface_snapshot,pending_review,hf_snapshot_revision_recorded,True,
libreyolo_test_frame_000120-5_jpg.rf.4997388bf09c2ad85318a10ae6c5ff84,/Users/mobcoderid-296/Desktop/fire-smoke/fire-smoke-cpu/data/raw/hf_candidates/LibreYOLO_smoke-uvylj_hf_snapshot/test/images/frame_000120-5_jpg.rf.4997388bf09c2ad85318a10ae6c5ff84.jpg,/Users/mobcoderid-296/Desktop/fire-smoke/fire-smoke-cpu/data/raw/hf_candidates/LibreYOLO_smoke-uvylj_hf_snapshot/test/labels/frame_000120-5_jpg.rf.4997388bf09c2ad85318a10ae6c5ff84.txt,640,640,VALID_SMOKE,test,False,False,True,0,smoke,True,15222ed8931a308b50ecc82f3f9c9c67470886dd398829fa832cae40580ad5e0,030700031fffffff,huggingface_snapshot,pending_review,hf_snapshot_revision_recorded,True,
libreyolo_test_frame_000135-2_jpg.rf.92718b1a255e1bf783024cb02217efe6,/Users/mobcoderid-296/Desktop/fire-smoke/fire-smoke-cpu/data/raw/hf_candidates/LibreYOLO_smoke-uvylj_hf_snapshot/test/images/frame_000135-2_jpg.rf.92718b1a255e1bf783024cb02217efe6.jpg,/Users/mobcoderid-296/Desktop/fire-smoke/fire-smoke-cpu/data/raw/hf_candidates/LibreYOLO_smoke-uvylj_hf_snapshot/test/labels/frame_000135-2_jpg.rf.92718b1a255e1bf783024cb02217efe6.txt,640,640,VALID_SMOKE,test,False,False,True,0,smoke,True,b2200e8372a851a6e7681a6c2ffdcc7b81807261b484a75e944158253498bcb1,01018003077fffff,huggingface_snapshot,pending_review,hf_snapshot_revision_recorded,True,
libreyolo_test_frame_000135-3_jpg.rf.e8cb55e9359b01241fc4d9ea727dfe95,/Users/mobcoderid-296/Desktop/fire-smoke/fire-smoke-cpu/data/raw/hf_candidates/LibreYOLO_smoke-uvylj_hf_snapshot/test/images/frame_000135-3_jpg.rf.e8cb55e9359b01241fc4d9ea727dfe95.jpg,/Users/mobcoderid-296/Desktop/fire-smoke/fire-smoke-cpu/data/raw/hf_candidates/LibreYOLO_smoke-uvylj_hf_snapshot/test/labels/frame_000135-3_jpg.rf.e8cb55e9359b01241fc4d9ea727dfe95.txt,640,640,VALID_SMOKE,test,False,False,True,0,smoke,True,5b3a6cc575abf91d4c0d68b66b0c61b3af1fd8a3f007def95758a493224d36a6,ff1f0f040303073f,huggingface_snapshot,pending_review,hf_snapshot_revision_recorded,True,
libreyolo_test_frame_000145-3_jpg.rf.49929f2e390d5392db820d39ef67d9ff,/Users/mobcoderid-296/Desktop/fire-smoke/fire-smoke-cpu/data/raw/hf_candidates/LibreYOLO_smoke-uvylj_hf_snapshot/test/images/frame_000145-3_jpg.rf.49929f2e390d5392db820d39ef67d9ff.jpg,/Users/mobcoderid-296/Desktop/fire-smoke/fire-smoke-cpu/data/raw/hf_candidates/LibreYOLO_smoke-uvylj_hf_snapshot/test/labels/frame_000145-3_jpg.rf.49929f2e390d5392db820d39ef67d9ff.txt,640,640,VALID_SMOKE,test,False,False,True,0,smoke,True,4a9877277b4b44663a5b3ab80dcf8be31a3cab3e8860c80f7bef9b3faea52a7a,ff1f0f0401030f3f,huggingface_snapshot,pending_review,hf_snapshot_revision_recorded,True,
libreyolo_test_frame_000150-4_jpg.rf.3b3c0d0b5c3997ad9d6580ee5dc1ac42,/Users/mobcoderid-296/Desktop/fire-smoke/fire-smoke-cpu/data/raw/hf_candidates/LibreYOLO_smoke-uvylj_hf_snapshot/test/images/frame_000150-4_jpg.rf.3b3c0d0b5c3997ad9d6580ee5dc1ac42.jpg,/Users/mobcoderid-296/Desktop/fire-smoke/fire-smoke-cpu/data/raw/hf_candidates/LibreYOLO_smoke-uvylj_hf_snapshot/test/labels/frame_000150-4_jpg.rf.3b3c0d0b5c3997ad9d6580ee5dc1ac42.txt,640,640,VALID_SMOKE,test,False,False,True,0,smoke,True,4902e36a6b22d57e51a71549bc677e905664885439dae344934f397f4508d080,fffbf3c3e0e0c2e0,huggingface_snapshot,pending_review,hf_snapshot_revision_recorded,True,
libreyolo_test_frame_000160-5_jpg.rf.1e443e58485fad2e4ac2ecfd3cf22b75,/Users/mobcoderid-296/Desktop/fire-smoke/fire-smoke-cpu/data/raw/hf_candidates/LibreYOLO_smoke-uvylj_hf_snapshot/test/images/frame_000160-5_jpg.rf.1e443e58485fad2e4ac2ecfd3cf22b75.jpg,/Users/mobcoderid-296/Desktop/fire-smoke/fire-smoke-cpu/data/raw/hf_candidates/LibreYOLO_smoke-uvylj_hf_snapshot/test/labels/frame_000160-5_jpg.rf.1e443e58485fad2e4ac2ecfd3cf22b75.txt,640,640,VALID_SMOKE,test,False,False,True,0,smoke,True,91a71110899c06d6be303b458bd0f6a11e5c2efcb0a15889777846bf57b4a9cf,030380031fffffff,huggingface_snapshot,pending_review,hf_snapshot_revision_recorded,True,
libreyolo_test_frame_000175-3_jpg.rf.d14a5c3c1a21edf7bcd61c601272352b,/Users/mobcoderid-296/Desktop/fire-smoke/fire-smoke-cpu/data/raw/hf_candidates/LibreYOLO_smoke-uvylj_hf_snapshot/test/images/frame_000175-3_jpg.rf.d14a5c3c1a21edf7bcd61c601272352b.jpg,/Users/mobcoderid-296/Desktop/fire-smoke/fire-smoke-cpu/data/raw/hf_candidates/LibreYOLO_smoke-uvylj_hf_snapshot/test/labels/frame_000175-3_jpg.rf.d14a5c3c1a21edf7bcd61c601272352b.txt,640,640,VALID_SMOKE,test,False,False,True,0,smoke,True,ed52499579d56ab2590dd68ca01c4713d98a88f86bfa6b803091770683fa537f,ff9f8f8401011f3f,huggingface_snapshot,pending_review,hf_snapshot_revision_recorded,True,
libreyolo_test_frame_000180-4_jpg.rf.cae1a940ae70feb86d8155da8ee6ca68,/Users/mobcoderid-296/Desktop/fire-smoke/fire-smoke-cpu/data/raw/hf_candidates/LibreYOLO_smoke-uvylj_hf_snapshot/test/images/frame_000180-4_jpg.rf.cae1a940ae70feb86d8155da8ee6ca68.jpg,/Users/mobcoderid-296/Desktop/fire-smoke/fire-smoke-cpu/data/raw/hf_candidates/LibreYOLO_smoke-uvylj_hf_snapshot/test/labels/frame_000180-4_jpg.rf.cae1a940ae70feb86d8155da8ee6ca68.txt,640,640,VALID_SMOKE,test,False,False,True,0,smoke,True,da01e71abd8b75571f5e4c4639897c5ae2a376aae14b5deadd7db1ff71c83b07,fffbe3e1e0e0c0c0,huggingface_snapshot,pending_review,hf_snapshot_revision_recorded,True,
libreyolo_test_frame_000195-4_jpg.rf.d27fd16d227851a9bde3303563534504,/Users/mobcoderid-296/Desktop/fire-smoke/fire-smoke-cpu/data/raw/hf_candidates/LibreYOLO_smoke-uvylj_hf_snapshot/test/images/frame_000195-4_jpg.rf.d27fd16d227851a9bde3303563534504.jpg,/Users/mobcoderid-296/Desktop/fire-smoke/fire-smoke-cpu/data/raw/hf_candidates/LibreYOLO_smoke-uvylj_hf_snapshot/test/labels/frame_000195-4_jpg.rf.d27fd16d227851a9bde3303563534504.txt,640,640,VALID_SMOKE,test,False,False,True,0,smoke,True,2a197b3346240c754c1f3ec72135507d36938fa9464039d52aeb124250f8de25,fffbe1e1e0c0c040,huggingface_snapshot,pending_review,hf_snapshot_revision_recorded,True,
libreyolo_test_frame_000200-5_jpg.rf.4b1bdcf34d3cc5bd77fb64a08ef90164,/Users/mobcoderid-296/Desktop/fire-smoke/fire-smoke-cpu/data/raw/hf_candidates/LibreYOLO_smoke-uvylj_hf_snapshot/test/images/frame_000200-5_jpg.rf.4b1bdcf34d3cc5bd77fb64a08ef90164.jpg,/Users/mobcoderid-296/Desktop/fire-smoke/fire-smoke-cpu/data/raw/hf_candidates/LibreYOLO_smoke-uvylj_hf_snapshot/test/labels/frame_000200-5_jpg.rf.4b1bdcf34d3cc5bd77fb64a08ef90164.txt,640,640,VALID_SMOKE,test,False,False,True,0,smoke,True,eb2e3dd44c4b80c4c0da24d965b327a041d4e3baa82e760bc83f25c00d9a5d3f,030301023fffffff,huggingface_snapshot,pending_review,hf_snapshot_revision_recorded,True,
libreyolo_test_frame_000215-3_jpg.rf.cb9b3310fd61349f2d6a42640a49ad11,/Users/mobcoderid-296/Desktop/fire-smoke/fire-smoke-cpu/data/raw/hf_candidates/LibreYOLO_smoke-uvylj_hf_snapshot/test/images/frame_000215-3_jpg.rf.cb9b3310fd61349f2d6a42640a49ad11.jpg,/Users/mobcoderid-296/Desktop/fire-smoke/fire-smoke-cpu/data/raw/hf_candidates/LibreYOLO_smoke-uvylj_hf_snapshot/test/labels/frame_000215-3_jpg.rf.cb9b3310fd61349f2d6a42640a49ad11.txt,640,640,VALID_SMOKE,test,False,False,True,0,smoke,True,ccead83ae656b94de0d8bce7694e375852a931e6307eb75a2a0a16bdc054ea63,ff1f0f4401001f3f,huggingface_snapshot,pending_review,hf_snapshot_revision_recorded,True,
libreyolo_test_frame_000215-5_jpg.rf.321897ebc7c11901f7de88e20eda7897,/Users/mobcoderid-296/Desktop/fire-smoke/fire-smoke-cpu/data/raw/hf_candidates/LibreYOLO_smoke-uvylj_hf_snapshot/test/images/frame_000215-5_jpg.rf.321897ebc7c11901f7de88e20eda7897.jpg,/Users/mobcoderid-296/Desktop/fire-smoke/fire-smoke-cpu/data/raw/hf_candidates/LibreYOLO_smoke-uvylj_hf_snapshot/test/labels/frame_000215-5_jpg.rf.321897ebc7c11901f7de88e20eda7897.txt,640,640,VALID_SMOKE,test,False,False,True,0,smoke,True,3951e3478d172563d084a41f65414534984d797cdd2fba9a2699f061ff1eaab0,030301023fffffff,huggingface_snapshot,pending_review,hf_snapshot_revision_recorded,True,
libreyolo_test_frame_000230-3_jpg.rf.bfd2cc0a8ffad4d16cf6b6610e2b060a,/Users/mobcoderid-296/Desktop/fire-smoke/fire-smoke-cpu/data/raw/hf_candidates/LibreYOLO_smoke-uvylj_hf_snapshot/test/images/frame_000230-3_jpg.rf.bfd2cc0a8ffad4d16cf6b6610e2b060a.jpg,/Users/mobcoderid-296/Desktop/fire-smoke/fire-smoke-cpu/data/raw/hf_candidates/LibreYOLO_smoke-uvylj_hf_snapshot/test/labels/frame_000230-3_jpg.rf.bfd2cc0a8ffad4d16cf6b6610e2b060a.txt,640,640,VALID_SMOKE,test,False,False,True,0,smoke,True,a299ca9f748e797d7e5e4b07be0ecc02b79e098cc336b4301b7f0b9e9bb0253c,fe0f4e40000c1f3f,huggingface_snapshot,pending_review,hf_snapshot_revision_recorded,True,
libreyolo_test_frame_000260_jpg.rf.66af3fef7347af093cb20a9c0b4a9a54,/Users/mobcoderid-296/Desktop/fire-smoke/fire-smoke-cpu/data/raw/hf_candidates/LibreYOLO_smoke-uvylj_hf_snapshot/test/images/frame_000260_jpg.rf.66af3fef7347af093cb20a9c0b4a9a54.jpg,/Users/mobcoderid-296/Desktop/fire-smoke/fire-smoke-cpu/data/raw/hf_candidates/LibreYOLO_smoke-uvylj_hf_snapshot/test/labels/frame_000260_jpg.rf.66af3fef7347af093cb20a9c0b4a9a54.txt,640,640,VALID_SMOKE,test,False,False,True,0,smoke,True,ee63ea72e77f7021bf60ab7addf8500ca095f26270719afde8369d257490bd3b,1c1c0c1c8ef1ffff,huggingface_snapshot,pending_review,hf_snapshot_revision_recorded,True,
libreyolo_test_frame_000270_jpg.rf.c913e95b0533e9244e060225777e50c1,/Users/mobcoderid-296/Desktop/fire-smoke/fire-smoke-cpu/data/raw/hf_candidates/LibreYOLO_smoke-uvylj_hf_snapshot/test/images/frame_000270_jpg.rf.c913e95b0533e9244e060225777e50c1.jpg,/Users/mobcoderid-296/Desktop/fire-smoke/fire-smoke-cpu/data/raw/hf_candidates/LibreYOLO_smoke-uvylj_hf_snapshot/test/labels/frame_000270_jpg.rf.c913e95b0533e9244e060225777e50c1.txt,640,640,VALID_SMOKE,test,False,False,True,0,smoke,True,4f9fcc9cdd9b282115a5f002e8f7afa626d811f3ab12d999daa63857f5119f6f,bfcfe61e0c0e8eec,huggingface_snapshot,pending_review,hf_snapshot_revision_recorded,True,
libreyolo_test_frame_000275-5_jpg.rf.6a0d1ce19a3d7d1aa4b7c3efc5690d60,/Users/mobcoderid-296/Desktop/fire-smoke/fire-smoke-cpu/data/raw/hf_candidates/LibreYOLO_smoke-uvylj_hf_snapshot/test/images/frame_000275-5_jpg.rf.6a0d1ce19a3d7d1aa4b7c3efc5690d60.jpg,/Users/mobcoderid-296/Desktop/fire-smoke/fire-smoke-cpu/data/raw/hf_candidates/LibreYOLO_smoke-uvylj_hf_snapshot/test/labels/frame_000275-5_jpg.rf.6a0d1ce19a3d7d1aa4b7c3efc5690d60.txt,640,640,VALID_SMOKE,test,False,False,True,0,smoke,True,a4a42c5600b89f9a4f4623394cb1742ee80de94def948f691a432cc38f70e810,030300a2ffffffff,huggingface_snapshot,pending_review,hf_snapshot_revision_recorded,True,
libreyolo_test_frame_000280-3_jpg.rf.fb878be2c55f1280f581cfa3764bcb6c,/Users/mobcoderid-296/Desktop/fire-smoke/fire-smoke-cpu/data/raw/hf_candidates/LibreYOLO_smoke-uvylj_hf_snapshot/test/images/frame_000280-3_jpg.rf.fb878be2c55f1280f581cfa3764bcb6c.jpg,/Users/mobcoderid-296/Desktop/fire-smoke/fire-smoke-cpu/data/raw/hf_candidates/LibreYOLO_smoke-uvylj_hf_snapshot/test/labels/frame_000280-3_jpg.rf.fb878be2c55f1280f581cfa3764bcb6c.txt,640,640,VALID_SMOKE,test,False,False,True,0,smoke,True,17d25ec93f246160914f135f83a060d6fdba4e2edf2a2ff0466bd4052865998d,fe1f4ec203071f3f,huggingface_snapshot,pending_review,hf_snapshot_revision_recorded,True,
libreyolo_test_frame_000285_jpg.rf.4faf287e7647cd52c1b7eead0a11b54b,/Users/mobcoderid-296/Desktop/fire-smoke/fire-smoke-cpu/data/raw/hf_candidates/LibreYOLO_smoke-uvylj_hf_snapshot/test/images/frame_000285_jpg.rf.4faf287e7647cd52c1b7eead0a11b54b.jpg,/Users/mobcoderid-296/Desktop/fire-smoke/fire-smoke-cpu/data/raw/hf_candidates/LibreYOLO_smoke-uvylj_hf_snapshot/test/labels/frame_000285_jpg.rf.4faf287e7647cd52c1b7eead0a11b54b.txt,640,640,VALID_SMOKE,test,False,False,True,0,smoke,True,5675879fd8a244a56e8d99d202ee4744eaaa8a6aadb782d8cc18761cf9b6f24e,9fcfe61e0e0e9eec,huggingface_snapshot,pending_review,hf_snapshot_revision_recorded,True,
libreyolo_test_frame_000290-5_jpg.rf.4d4c71c523a443819a18e6716f1a59e2,/Users/mobcoderid-296/Desktop/fire-smoke/fire-smoke-cpu/data/raw/hf_candidates/LibreYOLO_smoke-uvylj_hf_snapshot/test/images/frame_000290-5_jpg.rf.4d4c71c523a443819a18e6716f1a59e2.jpg,/Users/mobcoderid-296/Desktop/fire-smoke/fire-smoke-cpu/data/raw/hf_candidates/LibreYOLO_smoke-uvylj_hf_snapshot/test/labels/frame_000290-5_jpg.rf.4d4c71c523a443819a18e6716f1a59e2.txt,640,640,VALID_SMOKE,test,False,False,True,0,smoke,True,28f7d5b923d2e4fbeef447ad7372906fd628fcbde0b8ff8c07db583b4eee7b76,03030002fffeffff,huggingface_snapshot,pending_review,hf_snapshot_revision_recorded,True,
libreyolo_test_frame_000300-3_jpg.rf.5218bc74d35bf6ab88b5a116461fc3c1,/Users/mobcoderid-296/Desktop/fire-smoke/fire-smoke-cpu/data/raw/hf_candidates/LibreYOLO_smoke-uvylj_hf_snapshot/test/images/frame_000300-3_jpg.rf.5218bc74d35bf6ab88b5a116461fc3c1.jpg,/Users/mobcoderid-296/Desktop/fire-smoke/fire-smoke-cpu/data/raw/hf_candidates/LibreYOLO_smoke-uvylj_hf_snapshot/test/labels/frame_000300-3_jpg.rf.5218bc74d35bf6ab88b5a116461fc3c1.txt,640,640,VALID_SMOKE,test,False,False,True,0,smoke,True,2510488da769dcd9fa95415ef030b007efdd3ff8b98ff524965eeadf122c4a6d,fe0f4f4103071f3f,huggingface_snapshot,pending_review,hf_snapshot_revision_recorded,True,
libreyolo_test_frame_000310-3_jpg.rf.37c689415adf63bd579bbd2850ad1be8,/Users/mobcoderid-296/Desktop/fire-smoke/fire-smoke-cpu/data/raw/hf_candidates/LibreYOLO_smoke-uvylj_hf_snapshot/test/images/frame_000310-3_jpg.rf.37c689415adf63bd579bbd2850ad1be8.jpg,/Users/mobcoderid-296/Desktop/fire-smoke/fire-smoke-cpu/data/raw/hf_candidates/LibreYOLO_smoke-uvylj_hf_snapshot/test/labels/frame_000310-3_jpg.rf.37c689415adf63bd579bbd2850ad1be8.txt,640,640,VALID_SMOKE,test,False,False,True,0,smoke,True,355c178d9807610aa801ecb90d0e88448ffa4a5867fab2d495e735efeb562f08,fe0f4f4003071f3f,huggingface_snapshot,pending_review,hf_snapshot_revision_recorded,True,
libreyolo_test_frame_000315-5_jpg.rf.90998c5b6cde1d4c2a1a66e915102e97,/Users/mobcoderid-296/Desktop/fire-smoke/fire-smoke-cpu/data/raw/hf_candidates/LibreYOLO_smoke-uvylj_hf_snapshot/test/images/frame_000315-5_jpg.rf.90998c5b6cde1d4c2a1a66e915102e97.jpg,/Users/mobcoderid-296/Desktop/fire-smoke/fire-smoke-cpu/data/raw/hf_candidates/LibreYOLO_smoke-uvylj_hf_snapshot/test/labels/frame_000315-5_jpg.rf.90998c5b6cde1d4c2a1a66e915102e97.txt,640,640,VALID_SMOKE,test,False,False,True,0,smoke,True,66eedd539727ec1c361c32fa33ebdd33d9af14f349e18a1add004904042a302a,07070300f7beffff,huggingface_snapshot,pending_review,hf_snapshot_revision_recorded,True,
libreyolo_test_frame_000315_jpg.rf.d62623b072596aecba072ce9a7949f3a,/Users/mobcoderid-296/Desktop/fire-smoke/fire-smoke-cpu/data/raw/hf_candidates/LibreYOLO_smoke-uvylj_hf_snapshot/test/images/frame_000315_jpg.rf.d62623b072596aecba072ce9a7949f3a.jpg,/Users/mobcoderid-296/Desktop/fire-smoke/fire-smoke-cpu/data/raw/hf_candidates/LibreYOLO_smoke-uvylj_hf_snapshot/test/labels/frame_000315_jpg.rf.d62623b072596aecba072ce9a7949f3a.txt,640,640,VALID_SMOKE,test,False,False,True,0,smoke,True,4b5acae907ab38c97084daa4510bb101bead3f49a3f37ef69aef98b9595ee9a3,9fcf4e1e0e0e1efe,huggingface_snapshot,pending_review,hf_snapshot_revision_recorded,True,
libreyolo_test_frame_000320_jpg.rf.e7f0876f3c75d8a1ea4ccc06ba9ece87,/Users/mobcoderid-296/Desktop/fire-smoke/fire-smoke-cpu/data/raw/hf_candidates/LibreYOLO_smoke-uvylj_hf_snapshot/test/images/frame_000320_jpg.rf.e7f0876f3c75d8a1ea4ccc06ba9ece87.jpg,/Users/mobcoderid-296/Desktop/fire-smoke/fire-smoke-cpu/data/raw/hf_candidates/LibreYOLO_smoke-uvylj_hf_snapshot/test/labels/frame_000320_jpg.rf.e7f0876f3c75d8a1ea4ccc06ba9ece87.txt,640,640,VALID_SMOKE,test,False,False,True,0,smoke,True,13ce5a3a35a06baec500f7f284b942250b09990147f4f747c78b784f048c4b22,1c1c1c3c3fffffff,huggingface_snapshot,pending_review,hf_snapshot_revision_recorded,True,
libreyolo_test_frame_000335_jpg.rf.0a2e39cb19521f7b2889eecfd0bf4dde,/Users/mobcoderid-296/Desktop/fire-smoke/fire-smoke-cpu/data/raw/hf_candidates/LibreYOLO_smoke-uvylj_hf_snapshot/test/images/frame_000335_jpg.rf.0a2e39cb19521f7b2889eecfd0bf4dde.jpg,/Users/mobcoderid-296/Desktop/fire-smoke/fire-smoke-cpu/data/raw/hf_candidates/LibreYOLO_smoke-uvylj_hf_snapshot/test/labels/frame_000335_jpg.rf.0a2e39cb19521f7b2889eecfd0bf4dde.txt,640,640,VALID_SMOKE,test,False,False,True,0,smoke,True,e6f4f5769791b0b9ab8c2dcdb96535e3eae464e972a2465b6a3d6832390737ea,9fcf4e1e0e0e8efe,huggingface_snapshot,pending_review,hf_snapshot_revision_recorded,True,
libreyolo_test_frame_000385-5_jpg.rf.a4c9db5060db66bc6dc0597df24cd343,/Users/mobcoderid-296/Desktop/fire-smoke/fire-smoke-cpu/data/raw/hf_candidates/LibreYOLO_smoke-uvylj_hf_snapshot/test/images/frame_000385-5_jpg.rf.a4c9db5060db66bc6dc0597df24cd343.jpg,/Users/mobcoderid-296/Desktop/fire-smoke/fire-smoke-cpu/data/raw/hf_candidates/LibreYOLO_smoke-uvylj_hf_snapshot/test/labels/frame_000385-5_jpg.rf.a4c9db5060db66bc6dc0597df24cd343.txt,640,640,VALID_SMOKE,test,False,False,True,0,smoke,True,55e968a5f157c773b6962b978bfe6baa73656103607ae7bb6559c4a977a0fa63,030301a27fffffff,huggingface_snapshot,pending_review,hf_snapshot_revision_recorded,True,
libreyolo_test_frame_000385_jpg.rf.fa33aeb6acca13220f264bceb6fc39bc,/Users/mobcoderid-296/Desktop/fire-smoke/fire-smoke-cpu/data/raw/hf_candidates/LibreYOLO_smoke-uvylj_hf_snapshot/test/images/frame_000385_jpg.rf.fa33aeb6acca13220f264bceb6fc39bc.jpg,/Users/mobcoderid-296/Desktop/fire-smoke/fire-smoke-cpu/data/raw/hf_candidates/LibreYOLO_smoke-uvylj_hf_snapshot/test/labels/frame_000385_jpg.rf.fa33aeb6acca13220f264bceb6fc39bc.txt,640,640,VALID_SMOKE,test,False,False,True,0,smoke,True,d4317beeb32de61fcb403872d9d0bec9bac573c829ec81cf32850eefe3110b8d,1c1c3c3cfffbfffe,huggingface_snapshot,pending_review,hf_snapshot_revision_recorded,True,
libreyolo_test_frame_000405_jpg.rf.f7aff91acbbc2737fa2a7ab7c8be3e00,/Users/mobcoderid-296/Desktop/fire-smoke/fire-smoke-cpu/data/raw/hf_candidates/LibreYOLO_smoke-uvylj_hf_snapshot/test/images/frame_000405_jpg.rf.f7aff91acbbc2737fa2a7ab7c8be3e00.jpg,/Users/mobcoderid-296/Desktop/fire-smoke/fire-smoke-cpu/data/raw/hf_candidates/LibreYOLO_smoke-uvylj_hf_snapshot/test/labels/frame_000405_jpg.rf.f7aff91acbbc2737fa2a7ab7c8be3e00.txt,640,640,VALID_SMOKE,test,False,False,True,0,smoke,True,c83c888ba1614bbe21ce10bee477907e3f6dac07263eb857495dac9820935bdc,1c1c7c3cfffbfffe,huggingface_snapshot,pending_review,hf_snapshot_revision_recorded,True,
libreyolo_test_frame_000410-3_jpg.rf.ef77c206e81a10b005c8dad6bf87d658,/Users/mobcoderid-296/Desktop/fire-smoke/fire-smoke-cpu/data/raw/hf_candidates/LibreYOLO_smoke-uvylj_hf_snapshot/test/images/frame_000410-3_jpg.rf.ef77c206e81a10b005c8dad6bf87d658.jpg,/Users/mobcoderid-296/Desktop/fire-smoke/fire-smoke-cpu/data/raw/hf_candidates/LibreYOLO_smoke-uvylj_hf_snapshot/test/labels/frame_000410-3_jpg.rf.ef77c206e81a10b005c8dad6bf87d658.txt,640,640,VALID_SMOKE,test,False,False,True,0,smoke,True,16907e1b93042f86f5f264cabe017279593723f7957ae4d266ebf3b9308b4477,fe0f0f810103073f,huggingface_snapshot,pending_review,hf_snapshot_revision_recorded,True,
libreyolo_test_frame_000410_jpg.rf.895dc2dae0f3d1d8b317bb05855fcb41,/Users/mobcoderid-296/Desktop/fire-smoke/fire-smoke-cpu/data/raw/hf_candidates/LibreYOLO_smoke-uvylj_hf_snapshot/test/images/frame_000410_jpg.rf.895dc2dae0f3d1d8b317bb05855fcb41.jpg,/Users/mobcoderid-296/Desktop/fire-smoke/fire-smoke-cpu/data/raw/hf_candidates/LibreYOLO_smoke-uvylj_hf_snapshot/test/labels/frame_000410_jpg.rf.895dc2dae0f3d1d8b317bb05855fcb41.txt,640,640,VALID_SMOKE,test,False,False,True,0,smoke,True,2ae2b6cc7149bf4f957fc93b4fb5511a3985586ac5d4bb2eb0a55dc864744b84,1c1c5cbcfffbfefe,huggingface_snapshot,pending_review,hf_snapshot_revision_recorded,True,
libreyolo_test_frame_000480-3_jpg.rf.8cf68e17a388938754a4aa88369e6568,/Users/mobcoderid-296/Desktop/fire-smoke/fire-smoke-cpu/data/raw/hf_candidates/LibreYOLO_smoke-uvylj_hf_snapshot/test/images/frame_000480-3_jpg.rf.8cf68e17a388938754a4aa88369e6568.jpg,/Users/mobcoderid-296/Desktop/fire-smoke/fire-smoke-cpu/data/raw/hf_candidates/LibreYOLO_smoke-uvylj_hf_snapshot/test/labels/frame_000480-3_jpg.rf.8cf68e17a388938754a4aa88369e6568.txt,640,640,VALID_SMOKE,test,False,False,True,0,smoke,True,be6d68abad4330b5641c6945bd39c81bef42224c65f262b028efdaf516296d2f,fe1f0f4743030f3f,huggingface_snapshot,pending_review,hf_snapshot_revision_recorded,True,
libreyolo_test_frame_000545_jpg.rf.e573626b88368407582ecb56aa826751,/Users/mobcoderid-296/Desktop/fire-smoke/fire-smoke-cpu/data/raw/hf_candidates/LibreYOLO_smoke-uvylj_hf_snapshot/test/images/frame_000545_jpg.rf.e573626b88368407582ecb56aa826751.jpg,/Users/mobcoderid-296/Desktop/fire-smoke/fire-smoke-cpu/data/raw/hf_candidates/LibreYOLO_smoke-uvylj_hf_snapshot/test/labels/frame_000545_jpg.rf.e573626b88368407582ecb56aa826751.txt,640,640,VALID_SMOKE,test,False,False,True,0,smoke,True,15313a1af241db3b8f7350a6046c629cf71de3f7dc2ed1d76df45b39c458b546,1c1c9cfcfffbfef0,huggingface_snapshot,pending_review,hf_snapshot_revision_recorded,True,
libreyolo_test_frame_000615_jpg.rf.10802188d9bdec9b51455cff00615685,/Users/mobcoderid-296/Desktop/fire-smoke/fire-smoke-cpu/data/raw/hf_candidates/LibreYOLO_smoke-uvylj_hf_snapshot/test/images/frame_000615_jpg.rf.10802188d9bdec9b51455cff00615685.jpg,/Users/mobcoderid-296/Desktop/fire-smoke/fire-smoke-cpu/data/raw/hf_candidates/LibreYOLO_smoke-uvylj_hf_snapshot/test/labels/frame_000615_jpg.rf.10802188d9bdec9b51455cff00615685.txt,640,640,VALID_SMOKE,test,False,False,True,0,smoke,True,18f34e94ac4982c8255dc1f29b168fc898fc10d8e4fb748a3855e30938f5e4b9,1c5cd4fcffe3c0e0,huggingface_snapshot,pending_review,hf_snapshot_revision_recorded,True,
libreyolo_test_frame_000630-3_jpg.rf.d50cfd2dbd3a1c94f29aea6f495aec3a,/Users/mobcoderid-296/Desktop/fire-smoke/fire-smoke-cpu/data/raw/hf_candidates/LibreYOLO_smoke-uvylj_hf_snapshot/test/images/frame_000630-3_jpg.rf.d50cfd2dbd3a1c94f29aea6f495aec3a.jpg,/Users/mobcoderid-296/Desktop/fire-smoke/fire-smoke-cpu/data/raw/hf_candidates/LibreYOLO_smoke-uvylj_hf_snapshot/test/labels/frame_000630-3_jpg.rf.d50cfd2dbd3a1c94f29aea6f495aec3a.txt,640,640,VALID_SMOKE,test,False,False,True,0,smoke,True,79f05c39879dbeae6663add5a6036948b7489e1ff8cf46fea347fb71424c8568,fe1f0f4747010f3f,huggingface_snapshot,pending_review,hf_snapshot_revision_recorded,True,
libreyolo_test_frame_000645_jpg.rf.6e27a568b66e9494aeb184ec93ff7139,/Users/mobcoderid-296/Desktop/fire-smoke/fire-smoke-cpu/data/raw/hf_candidates/LibreYOLO_smoke-uvylj_hf_snapshot/test/images/frame_000645_jpg.rf.6e27a568b66e9494aeb184ec93ff7139.jpg,/Users/mobcoderid-296/Desktop/fire-smoke/fire-smoke-cpu/data/raw/hf_candidates/LibreYOLO_smoke-uvylj_hf_snapshot/test/labels/frame_000645_jpg.rf.6e27a568b66e9494aeb184ec93ff7139.txt,640,640,VALID_SMOKE,test,False,False,True,0,smoke,True,f100082376a3e5241fe73a8cb48238af1a71ed4bbb8f47f6baead968051280ee,1c3cfcfcffc180c0,huggingface_snapshot,pending_review,hf_snapshot_revision_recorded,True,
libreyolo_test_frame_000650-3_jpg.rf.337baa7b9bd8803e683c7d9108b4c40a,/Users/mobcoderid-296/Desktop/fire-smoke/fire-smoke-cpu/data/raw/hf_candidates/LibreYOLO_smoke-uvylj_hf_snapshot/test/images/frame_000650-3_jpg.rf.337baa7b9bd8803e683c7d9108b4c40a.jpg,/Users/mobcoderid-296/Desktop/fire-smoke/fire-smoke-cpu/data/raw/hf_candidates/LibreYOLO_smoke-uvylj_hf_snapshot/test/labels/frame_000650-3_jpg.rf.337baa7b9bd8803e683c7d9108b4c40a.txt,640,640,VALID_SMOKE,test,False,False,True,0,smoke,True,adaf50dc854a3483eadd9a5baec8d42c917efb17f2614370fc141c9cf05c6d82,fe1f0f4747011f3f,huggingface_snapshot,pending_review,hf_snapshot_revision_recorded,True,
libreyolo_test_frame_000660-3_jpg.rf.4ca8924a5da203a7e109e4f4fe16f172,/Users/mobcoderid-296/Desktop/fire-smoke/fire-smoke-cpu/data/raw/hf_candidates/LibreYOLO_smoke-uvylj_hf_snapshot/test/images/frame_000660-3_jpg.rf.4ca8924a5da203a7e109e4f4fe16f172.jpg,/Users/mobcoderid-296/Desktop/fire-smoke/fire-smoke-cpu/data/raw/hf_candidates/LibreYOLO_smoke-uvylj_hf_snapshot/test/labels/frame_000660-3_jpg.rf.4ca8924a5da203a7e109e4f4fe16f172.txt,640,640,VALID_SMOKE,test,False,False,True,0,smoke,True,047dc3f1ab2c03459687a415b7bb236b012ddf05258e72b1acfe7fd0d3989377,fe1f0f4f0701073f,huggingface_snapshot,pending_review,hf_snapshot_revision_recorded,True,
libreyolo_test_frame_000675-3_jpg.rf.af86a88eea527dc0496bf84c8c5d0a40,/Users/mobcoderid-296/Desktop/fire-smoke/fire-smoke-cpu/data/raw/hf_candidates/LibreYOLO_smoke-uvylj_hf_snapshot/test/images/frame_000675-3_jpg.rf.af86a88eea527dc0496bf84c8c5d0a40.jpg,/Users/mobcoderid-296/Desktop/fire-smoke/fire-smoke-cpu/data/raw/hf_candidates/LibreYOLO_smoke-uvylj_hf_snapshot/test/labels/frame_000675-3_jpg.rf.af86a88eea527dc0496bf84c8c5d0a40.txt,640,640,VALID_SMOKE,test,False,False,True,0,smoke,True,a2240a0403bba7644e5a1f8e8ab6fd3e51458eaa814653ab36ecbf1442a53b4f,ff1f0f0f07031fbf,huggingface_snapshot,pending_review,hf_snapshot_revision_recorded,True,
libreyolo_test_frame_000705-3_jpg.rf.e34edb5afc39a8700facb3ac3a79297e,/Users/mobcoderid-296/Desktop/fire-smoke/fire-smoke-cpu/data/raw/hf_candidates/LibreYOLO_smoke-uvylj_hf_snapshot/test/images/frame_000705-3_jpg.rf.e34edb5afc39a8700facb3ac3a79297e.jpg,/Users/mobcoderid-296/Desktop/fire-smoke/fire-smoke-cpu/data/raw/hf_candidates/LibreYOLO_smoke-uvylj_hf_snapshot/test/labels/frame_000705-3_jpg.rf.e34edb5afc39a8700facb3ac3a79297e.txt,640,640,VALID_SMOKE,test,False,False,True,0,smoke,True,554e2aad728e1545952be39386a788b31ecdf26b8f28cea5ef2dd9d3529e6049,ff1f0f4747030f3f,huggingface_snapshot,pending_review,hf_snapshot_revision_recorded,True,
libreyolo_test_frame_000730_jpg.rf.95bb2b92994cd62a6b58c3967ec881d8,/Users/mobcoderid-296/Desktop/fire-smoke/fire-smoke-cpu/data/raw/hf_candidates/LibreYOLO_smoke-uvylj_hf_snapshot/test/images/frame_000730_jpg.rf.95bb2b92994cd62a6b58c3967ec881d8.jpg,/Users/mobcoderid-296/Desktop/fire-smoke/fire-smoke-cpu/data/raw/hf_candidates/LibreYOLO_smoke-uvylj_hf_snapshot/test/labels/frame_000730_jpg.rf.95bb2b92994cd62a6b58c3967ec881d8.txt,640,640,VALID_SMOKE,test,False,False,True,0,smoke,True,6387a09d806e62a9883a524f0692d99b0e337dfaa8ab5bc4d3e7688d9644d99e,fcfcfcfcff0100c0,huggingface_snapshot,pending_review,hf_snapshot_revision_recorded,True,
libreyolo_test_frame_000735_jpg.rf.5ee28bf691ed586d149a63eb8e8c61c3,/Users/mobcoderid-296/Desktop/fire-smoke/fire-smoke-cpu/data/raw/hf_candidates/LibreYOLO_smoke-uvylj_hf_snapshot/test/images/frame_000735_jpg.rf.5ee28bf691ed586d149a63eb8e8c61c3.jpg,/Users/mobcoderid-296/Desktop/fire-smoke/fire-smoke-cpu/data/raw/hf_candidates/LibreYOLO_smoke-uvylj_hf_snapshot/test/labels/frame_000735_jpg.rf.5ee28bf691ed586d149a63eb8e8c61c3.txt,640,640,VALID_SMOKE,test,False,False,True,0,smoke,True,c60c05bfb316006212761e3c87cdd145f388cdd0ab8bcc4ff540627690502685,fcfcfcfc7f010000,huggingface_snapshot,pending_review,hf_snapshot_revision_recorded,True,
libreyolo_test_frame_002167_jpg.rf.78f5dadd00ea5c67d589a4914d19ed79,/Users/mobcoderid-296/Desktop/fire-smoke/fire-smoke-cpu/data/raw/hf_candidates/LibreYOLO_smoke-uvylj_hf_snapshot/test/images/frame_002167_jpg.rf.78f5dadd00ea5c67d589a4914d19ed79.jpg,/Users/mobcoderid-296/Desktop/fire-smoke/fire-smoke-cpu/data/raw/hf_candidates/LibreYOLO_smoke-uvylj_hf_snapshot/test/labels/frame_002167_jpg.rf.78f5dadd00ea5c67d589a4914d19ed79.txt,640,640,VALID_SMOKE,test,False,False,True,0,smoke,True,a0f36c5af2deedc4cb63e6220d35101a9ffb3e1698d37abddc7a3943ae6a7990,ffef0206040c0800,huggingface_snapshot,pending_review,hf_snapshot_revision_recorded,True,
libreyolo_test_frame_002178_jpg.rf.918665ae5975b54da73b5ad722a06121,/Users/mobcoderid-296/Desktop/fire-smoke/fire-smoke-cpu/data/raw/hf_candidates/LibreYOLO_smoke-uvylj_hf_snapshot/test/images/frame_002178_jpg.rf.918665ae5975b54da73b5ad722a06121.jpg,/Users/mobcoderid-296/Desktop/fire-smoke/fire-smoke-cpu/data/raw/hf_candidates/LibreYOLO_smoke-uvylj_hf_snapshot/test/labels/frame_002178_jpg.rf.918665ae5975b54da73b5ad722a06121.txt,640,640,VALID_SMOKE,test,False,False,True,0,smoke,True,a5dcc5d88d2c9dbcbd909b11074acf1825cd0735b25d5e92680a0b7289416202,ffef0206040c0800,huggingface_snapshot,pending_review,hf_snapshot_revision_recorded,True,
libreyolo_test_frame_002180_jpg.rf.b2d1f320347dd11ec9960fb7a8274892,/Users/mobcoderid-296/Desktop/fire-smoke/fire-smoke-cpu/data/raw/hf_candidates/LibreYOLO_smoke-uvylj_hf_snapshot/test/images/frame_002180_jpg.rf.b2d1f320347dd11ec9960fb7a8274892.jpg,/Users/mobcoderid-296/Desktop/fire-smoke/fire-smoke-cpu/data/raw/hf_candidates/LibreYOLO_smoke-uvylj_hf_snapshot/test/labels/frame_002180_jpg.rf.b2d1f320347dd11ec9960fb7a8274892.txt,640,640,VALID_SMOKE,test,False,False,True,0,smoke,True,a3f043ea09a9e2fec9e9f5a7567cc72e91346923ca683e6a4aa6599b2c826a78,ffef0206040c0800,huggingface_snapshot,pending_review,hf_snapshot_revision_recorded,True,
libreyolo_test_frame_002192_jpg.rf.0bddafba4c95fc82835f94c4bc3bc4da,/Users/mobcoderid-296/Desktop/fire-smoke/fire-smoke-cpu/data/raw/hf_candidates/LibreYOLO_smoke-uvylj_hf_snapshot/test/images/frame_002192_jpg.rf.0bddafba4c95fc82835f94c4bc3bc4da.jpg,/Users/mobcoderid-296/Desktop/fire-smoke/fire-smoke-cpu/data/raw/hf_candidates/LibreYOLO_smoke-uvylj_hf_snapshot/test/labels/frame_002192_jpg.rf.0bddafba4c95fc82835f94c4bc3bc4da.txt,640,640,VALID_SMOKE,test,False,False,True,0,smoke,True,a8d08f4d07080359bb5f87f81a30a6faf4b1eab40f5cf63eeeec92e08a2e8090,ffef0706040c0c00,huggingface_snapshot,pending_review,hf_snapshot_revision_recorded,True,
libreyolo_test_frame_002194_jpg.rf.c556e33bcf67fd5f4f45c2d53202654b,/Users/mobcoderid-296/Desktop/fire-smoke/fire-smoke-cpu/data/raw/hf_candidates/LibreYOLO_smoke-uvylj_hf_snapshot/test/images/frame_002194_jpg.rf.c556e33bcf67fd5f4f45c2d53202654b.jpg,/Users/mobcoderid-296/Desktop/fire-smoke/fire-smoke-cpu/data/raw/hf_candidates/LibreYOLO_smoke-uvylj_hf_snapshot/test/labels/frame_002194_jpg.rf.c556e33bcf67fd5f4f45c2d53202654b.txt,640,640,VALID_SMOKE,test,False,False,True,0,smoke,True,5cda20556b5be63da31ec45876a0e65df077334a29d7bf056b624bd1b04c0d69,ffef0706040c0c00,huggingface_snapshot,pending_review,hf_snapshot_revision_recorded,True,
libreyolo_test_frame_002200_jpg.rf.2c3045ef968756220a45e8f0da8b61f2,/Users/mobcoderid-296/Desktop/fire-smoke/fire-smoke-cpu/data/raw/hf_candidates/LibreYOLO_smoke-uvylj_hf_snapshot/test/images/frame_002200_jpg.rf.2c3045ef968756220a45e8f0da8b61f2.jpg,/Users/mobcoderid-296/Desktop/fire-smoke/fire-smoke-cpu/data/raw/hf_candidates/LibreYOLO_smoke-uvylj_hf_snapshot/test/labels/frame_002200_jpg.rf.2c3045ef968756220a45e8f0da8b61f2.txt,640,640,VALID_SMOKE,test,False,False,True,0,smoke,True,5f66706fd7d2765d174b132dba894222bf2de630f84ebcb645e0c49a9eb58b48,ffef0706040c0c00,huggingface_snapshot,pending_review,hf_snapshot_revision_recorded,True,
libreyolo_test_frame_002216_jpg.rf.8ad0f84a93b7aac033f0aabf26e8cf58,/Users/mobcoderid-296/Desktop/fire-smoke/fire-smoke-cpu/data/raw/hf_candidates/LibreYOLO_smoke-uvylj_hf_snapshot/test/images/frame_002216_jpg.rf.8ad0f84a93b7aac033f0aabf26e8cf58.jpg,/Users/mobcoderid-296/Desktop/fire-smoke/fire-smoke-cpu/data/raw/hf_candidates/LibreYOLO_smoke-uvylj_hf_snapshot/test/labels/frame_002216_jpg.rf.8ad0f84a93b7aac033f0aabf26e8cf58.txt,640,640,VALID_SMOKE,test,False,False,True,0,smoke,True,525fbae6b889f9e6ff12dd07820c3225a265f993323c78be5a4bb64aaac4e5e1,ffef07060c0c0c00,huggingface_snapshot,pending_review,hf_snapshot_revision_recorded,True,
libreyolo_test_frame_002225_jpg.rf.fb0376c6580416d2c1999a304a808eae,/Users/mobcoderid-296/Desktop/fire-smoke/fire-smoke-cpu/data/raw/hf_candidates/LibreYOLO_smoke-uvylj_hf_snapshot/test/images/frame_002225_jpg.rf.fb0376c6580416d2c1999a304a808eae.jpg,/Users/mobcoderid-296/Desktop/fire-smoke/fire-smoke-cpu/data/raw/hf_candidates/LibreYOLO_smoke-uvylj_hf_snapshot/test/labels/frame_002225_jpg.rf.fb0376c6580416d2c1999a304a808eae.txt,640,640,VALID_SMOKE,test,False,False,True,0,smoke,True,ac293b258637cbad06cd403c1869f12f11a27fc55e3b77326c7ddc57a8fc6004,ffef07060c0c0c00,huggingface_snapshot,pending_review,hf_snapshot_revision_recorded,True,
libreyolo_test_frame_002240_jpg.rf.e4d9ad3eef57a959a8f29ec1d3d152ca,/Users/mobcoderid-296/Desktop/fire-smoke/fire-smoke-cpu/data/raw/hf_candidates/LibreYOLO_smoke-uvylj_hf_snapshot/test/images/frame_002240_jpg.rf.e4d9ad3eef57a959a8f29ec1d3d152ca.jpg,/Users/mobcoderid-296/Desktop/fire-smoke/fire-smoke-cpu/data/raw/hf_candidates/LibreYOLO_smoke-uvylj_hf_snapshot/test/labels/frame_002240_jpg.rf.e4d9ad3eef57a959a8f29ec1d3d152ca.txt,640,640,VALID_SMOKE,test,False,False,True,0,smoke,True,f994542f28ed3116e9b4c77e398081f9fd94d4bed9c68b341072d0f1549be865,ffef06060c0c0c00,huggingface_snapshot,pending_review,hf_snapshot_revision_recorded,True,
libreyolo_test_frame_002245_jpg.rf.29d229d3d557c82cea348acb76ccb284,/Users/mobcoderid-296/Desktop/fire-smoke/fire-smoke-cpu/data/raw/hf_candidates/LibreYOLO_smoke-uvylj_hf_snapshot/test/images/frame_002245_jpg.rf.29d229d3d557c82cea348acb76ccb284.jpg,/Users/mobcoderid-296/Desktop/fire-smoke/fire-smoke-cpu/data/raw/hf_candidates/LibreYOLO_smoke-uvylj_hf_snapshot/test/labels/frame_002245_jpg.rf.29d229d3d557c82cea348acb76ccb284.txt,640,640,VALID_SMOKE,test,False,False,True,0,smoke,True,a91103c8c71677b95e568ef7d25e391ea542d1c4d22115fa41f078ac20fe36ac,ffef06060c0c0c00,huggingface_snapshot,pending_review,hf_snapshot_revision_recorded,True,
libreyolo_test_frame_002249_jpg.rf.c1655df69f95b8487e0cff58c14fc185,/Users/mobcoderid-296/Desktop/fire-smoke/fire-smoke-cpu/data/raw/hf_candidates/LibreYOLO_smoke-uvylj_hf_snapshot/test/images/frame_002249_jpg.rf.c1655df69f95b8487e0cff58c14fc185.jpg,/Users/mobcoderid-296/Desktop/fire-smoke/fire-smoke-cpu/data/raw/hf_candidates/LibreYOLO_smoke-uvylj_hf_snapshot/test/labels/frame_002249_jpg.rf.c1655df69f95b8487e0cff58c14fc185.txt,640,640,VALID_SMOKE,test,False,False,True,0,smoke,True,1602fc0418d07b8c9704416c875c2fbc2c6a3cb81d00bbdfd486abf35969cc07,ffef06060c1c0c00,huggingface_snapshot,pending_review,hf_snapshot_revision_recorded,True,
libreyolo_test_frame_002250_jpg.rf.8c25fdbc9200ad4bef10b95bd0889b35,/Users/mobcoderid-296/Desktop/fire-smoke/fire-smoke-cpu/data/raw/hf_candidates/LibreYOLO_smoke-uvylj_hf_snapshot/test/images/frame_002250_jpg.rf.8c25fdbc9200ad4bef10b95bd0889b35.jpg,/Users/mobcoderid-296/Desktop/fire-smoke/fire-smoke-cpu/data/raw/hf_candidates/LibreYOLO_smoke-uvylj_hf_snapshot/test/labels/frame_002250_jpg.rf.8c25fdbc9200ad4bef10b95bd0889b35.txt,640,640,VALID_SMOKE,test,False,False,True,0,smoke,True,4fee8d582214dde0ff3f1119347f940bfae87685a48650cccaaab5c35e3a13c0,ffef06060c1c0c00,huggingface_snapshot,pending_review,hf_snapshot_revision_recorded,True,
libreyolo_test_frame_002254_jpg.rf.d7885b2f8206eb23e1e64da74f469d2a,/Users/mobcoderid-296/Desktop/fire-smoke/fire-smoke-cpu/data/raw/hf_candidates/LibreYOLO_smoke-uvylj_hf_snapshot/test/images/frame_002254_jpg.rf.d7885b2f8206eb23e1e64da74f469d2a.jpg,/Users/mobcoderid-296/Desktop/fire-smoke/fire-smoke-cpu/data/raw/hf_candidates/LibreYOLO_smoke-uvylj_hf_snapshot/test/labels/frame_002254_jpg.rf.d7885b2f8206eb23e1e64da74f469d2a.txt,640,640,VALID_SMOKE,test,False,False,True,0,smoke,True,5c9f1c8944ab63c0cc4808214257e88fa3383cd066b47517ec9b0e790c0565ee,ffef0e0e0c1c0c00,huggingface_snapshot,pending_review,hf_snapshot_revision_recorded,True,
libreyolo_test_frame_002268_jpg.rf.3be2a1f515221f5147aef8566b4329e5,/Users/mobcoderid-296/Desktop/fire-smoke/fire-smoke-cpu/data/raw/hf_candidates/LibreYOLO_smoke-uvylj_hf_snapshot/test/images/frame_002268_jpg.rf.3be2a1f515221f5147aef8566b4329e5.jpg,/Users/mobcoderid-296/Desktop/fire-smoke/fire-smoke-cpu/data/raw/hf_candidates/LibreYOLO_smoke-uvylj_hf_snapshot/test/labels/frame_002268_jpg.rf.3be2a1f515221f5147aef8566b4329e5.txt,640,640,VALID_SMOKE,test,False,False,True,0,smoke,True,52ce1eff9f8aab910f438f39e6933e7b520e80e966fb01a701dea63c0de98613,ffee0e0e0c1c1c00,huggingface_snapshot,pending_review,hf_snapshot_revision_recorded,True,
libreyolo_test_frame_002278_jpg.rf.948f3464d537e4b3f6e0887b4797e79a,/Users/mobcoderid-296/Desktop/fire-smoke/fire-smoke-cpu/data/raw/hf_candidates/LibreYOLO_smoke-uvylj_hf_snapshot/test/images/frame_002278_jpg.rf.948f3464d537e4b3f6e0887b4797e79a.jpg,/Users/mobcoderid-296/Desktop/fire-smoke/fire-smoke-cpu/data/raw/hf_candidates/LibreYOLO_smoke-uvylj_hf_snapshot/test/labels/frame_002278_jpg.rf.948f3464d537e4b3f6e0887b4797e79a.txt,640,640,VALID_SMOKE,test,False,False,True,0,smoke,True,fa7cc83ceed53a619a58ad6fb8fcc355acc76c38ea8280a242bac0ebd089cd4d,ffef0f0c0c1c1c00,huggingface_snapshot,pending_review,hf_snapshot_revision_recorded,True,
libreyolo_test_frame_002920-1_jpg.rf.2d456168bb9bf08791f2340c57e16499,/Users/mobcoderid-296/Desktop/fire-smoke/fire-smoke-cpu/data/raw/hf_candidates/LibreYOLO_smoke-uvylj_hf_snapshot/test/images/frame_002920-1_jpg.rf.2d456168bb9bf08791f2340c57e16499.jpg,/Users/mobcoderid-296/Desktop/fire-smoke/fire-smoke-cpu/data/raw/hf_candidates/LibreYOLO_smoke-uvylj_hf_snapshot/test/labels/frame_002920-1_jpg.rf.2d456168bb9bf08791f2340c57e16499.txt,640,640,VALID_SMOKE,test,False,False,True,0,smoke,True,45a98abc0a783f4e41d9a6522c82e77e8062e898312ff16458fd62f15eee28ce,0e0e8e0e0fffffff,huggingface_snapshot,pending_review,hf_snapshot_revision_recorded,True,
libreyolo_test_frame_002970-1_jpg.rf.a425342a298d9bdab17fd02e198be97b,/Users/mobcoderid-296/Desktop/fire-smoke/fire-smoke-cpu/data/raw/hf_candidates/LibreYOLO_smoke-uvylj_hf_snapshot/test/images/frame_002970-1_jpg.rf.a425342a298d9bdab17fd02e198be97b.jpg,/Users/mobcoderid-296/Desktop/fire-smoke/fire-smoke-cpu/data/raw/hf_candidates/LibreYOLO_smoke-uvylj_hf_snapshot/test/labels/frame_002970-1_jpg.rf.a425342a298d9bdab17fd02e198be97b.txt,640,640,VALID_SMOKE,test,False,False,True,0,smoke,True,de62116ac7b00bd1a5a5b669f8665e63545a2e77708a6b74af2214258fc98459,0c1e9e9e3edfdfff,huggingface_snapshot,pending_review,hf_snapshot_revision_recorded,True,
libreyolo_test_frame_003090-1_jpg.rf.ebcd3a6aa6a25b64b62f1ac50b91330e,/Users/mobcoderid-296/Desktop/fire-smoke/fire-smoke-cpu/data/raw/hf_candidates/LibreYOLO_smoke-uvylj_hf_snapshot/test/images/frame_003090-1_jpg.rf.ebcd3a6aa6a25b64b62f1ac50b91330e.jpg,/Users/mobcoderid-296/Desktop/fire-smoke/fire-smoke-cpu/data/raw/hf_candidates/LibreYOLO_smoke-uvylj_hf_snapshot/test/labels/frame_003090-1_jpg.rf.ebcd3a6aa6a25b64b62f1ac50b91330e.txt,640,640,VALID_SMOKE,test,False,False,True,0,smoke,True,a316316b8e2ff0570865cae7bcfb6eed247f7686630703523af13567ecd574aa,343efefefe7840e0,huggingface_snapshot,pending_review,hf_snapshot_revision_recorded,True,
libreyolo_test_frame_003220-1_jpg.rf.f5c9ca5557409a5dfe8066ed7ff4af60,/Users/mobcoderid-296/Desktop/fire-smoke/fire-smoke-cpu/data/raw/hf_candidates/LibreYOLO_smoke-uvylj_hf_snapshot/test/images/frame_003220-1_jpg.rf.f5c9ca5557409a5dfe8066ed7ff4af60.jpg,/Users/mobcoderid-296/Desktop/fire-smoke/fire-smoke-cpu/data/raw/hf_candidates/LibreYOLO_smoke-uvylj_hf_snapshot/test/labels/frame_003220-1_jpg.rf.f5c9ca5557409a5dfe8066ed7ff4af60.txt,640,640,VALID_SMOKE,test,False,False,True,0,smoke,True,d30d99df8c5ed35fa845046ccd822925d1f556e81b937a60903b91a21c074d35,0c0efefeffe0e0f0,huggingface_snapshot,pending_review,hf_snapshot_revision_recorded,True,
libreyolo_test_frame_003305-1_jpg.rf.0d574c494085674f9ee40e121c35d3e9,/Users/mobcoderid-296/Desktop/fire-smoke/fire-smoke-cpu/data/raw/hf_candidates/LibreYOLO_smoke-uvylj_hf_snapshot/test/images/frame_003305-1_jpg.rf.0d574c494085674f9ee40e121c35d3e9.jpg,/Users/mobcoderid-296/Desktop/fire-smoke/fire-smoke-cpu/data/raw/hf_candidates/LibreYOLO_smoke-uvylj_hf_snapshot/test/labels/frame_003305-1_jpg.rf.0d574c494085674f9ee40e121c35d3e9.txt,640,640,VALID_SMOKE,test,False,False,True,0,smoke,True,40d6bcaba52da92480c7b3fa961fd541604a134717d04505e2f26080ea57b36f,060f6e7f7ee0e0e0,huggingface_snapshot,pending_review,hf_snapshot_revision_recorded,True,
libreyolo_test_frame_003380-1_jpg.rf.543b6a59a0224c30890c7f242c60fca2,/Users/mobcoderid-296/Desktop/fire-smoke/fire-smoke-cpu/data/raw/hf_candidates/LibreYOLO_smoke-uvylj_hf_snapshot/test/images/frame_003380-1_jpg.rf.543b6a59a0224c30890c7f242c60fca2.jpg,/Users/mobcoderid-296/Desktop/fire-smoke/fire-smoke-cpu/data/raw/hf_candidates/LibreYOLO_smoke-uvylj_hf_snapshot/test/labels/frame_003380-1_jpg.rf.543b6a59a0224c30890c7f242c60fca2.txt,640,640,VALID_SMOKE,test,False,False,True,0,smoke,True,1936ff5766dfbba40b5feafb2e7f916ba7b2c99c22b7abb3e60132a571ae386a,0e0e4e7e7ef0fcf8,huggingface_snapshot,pending_review,hf_snapshot_revision_recorded,True,
libreyolo_test_frame_003405-1_jpg.rf.a9c39de5b9ceb408a150b36dce4dcf86,/Users/mobcoderid-296/Desktop/fire-smoke/fire-smoke-cpu/data/raw/hf_candidates/LibreYOLO_smoke-uvylj_hf_snapshot/test/images/frame_003405-1_jpg.rf.a9c39de5b9ceb408a150b36dce4dcf86.jpg,/Users/mobcoderid-296/Desktop/fire-smoke/fire-smoke-cpu/data/raw/hf_candidates/LibreYOLO_smoke-uvylj_hf_snapshot/test/labels/frame_003405-1_jpg.rf.a9c39de5b9ceb408a150b36dce4dcf86.txt,640,640,VALID_SMOKE,test,False,False,True,0,smoke,True,26dad7183dc25c5bf46ae655cda9c33024b49963f6f78b58770b44e1b9c14773,0c1c9cfcfff9fcff,huggingface_snapshot,pending_review,hf_snapshot_revision_recorded,True,
libreyolo_test_frame_003450-1_jpg.rf.8f124561710961e9c762f87c194df236,/Users/mobcoderid-296/Desktop/fire-smoke/fire-smoke-cpu/data/raw/hf_candidates/LibreYOLO_smoke-uvylj_hf_snapshot/test/images/frame_003450-1_jpg.rf.8f124561710961e9c762f87c194df236.jpg,/Users/mobcoderid-296/Desktop/fire-smoke/fire-smoke-cpu/data/raw/hf_candidates/LibreYOLO_smoke-uvylj_hf_snapshot/test/labels/frame_003450-1_jpg.rf.8f124561710961e9c762f87c194df236.txt,640,640,VALID_SMOKE,test,False,False,True,0,smoke,True,7b529ebf59c940bcdb490d0bb48bcf3841cc43108c64ae5497aafa2b57ff2731,1c1c9cdcfff9fcff,huggingface_snapshot,pending_review,hf_snapshot_revision_recorded,True,
libreyolo_test_frame_003495-1_jpg.rf.a13d85b2db487f8972538186bf7ddad5,/Users/mobcoderid-296/Desktop/fire-smoke/fire-smoke-cpu/data/raw/hf_candidates/LibreYOLO_smoke-uvylj_hf_snapshot/test/images/frame_003495-1_jpg.rf.a13d85b2db487f8972538186bf7ddad5.jpg,/Users/mobcoderid-296/Desktop/fire-smoke/fire-smoke-cpu/data/raw/hf_candidates/LibreYOLO_smoke-uvylj_hf_snapshot/test/labels/frame_003495-1_jpg.rf.a13d85b2db487f8972538186bf7ddad5.txt,640,640,VALID_SMOKE,test,False,False,True,0,smoke,True,6366521bd700a0789a0ace8f2565a1458128f9482351dec5c83c9b88d133b4d3,1c1c9cdcfff9fcff,huggingface_snapshot,pending_review,hf_snapshot_revision_recorded,True,
libreyolo_test_frame_003545-1_jpg.rf.604e9afab3e312cfad0802f457141ea7,/Users/mobcoderid-296/Desktop/fire-smoke/fire-smoke-cpu/data/raw/hf_candidates/LibreYOLO_smoke-uvylj_hf_snapshot/test/images/frame_003545-1_jpg.rf.604e9afab3e312cfad0802f457141ea7.jpg,/Users/mobcoderid-296/Desktop/fire-smoke/fire-smoke-cpu/data/raw/hf_candidates/LibreYOLO_smoke-uvylj_hf_snapshot/test/labels/frame_003545-1_jpg.rf.604e9afab3e312cfad0802f457141ea7.txt,640,640,VALID_SMOKE,test,False,False,True,0,smoke,True,70e98992a7d81e2004bf16ec52d387ae2129421b310c6d1356fad87b695e27f8,1c1c9c9cfffbfcff,huggingface_snapshot,pending_review,hf_snapshot_revision_recorded,True,
