file1,file2
data/raw/hf_candidates/medyoussef_fire-smoke-hardnegatives-int8/images/hard_neg_248.jpg,data/raw/hf_candidates/medyoussef_fire-smoke-hardnegatives-int8/images/hard_neg_43.jpg
data/raw/hf_candidates/medyoussef_fire-smoke-hardnegatives-int8/images/hard_neg_57.jpg,data/raw/hf_candidates/medyoussef_fire-smoke-hardnegatives-int8/images/hard_neg_43.jpg
data/raw/hf_candidates/medyoussef_fire-smoke-hardnegatives-int8/images/hard_neg_506.jpg,data/raw/hf_candidates/medyoussef_fire-smoke-hardnegatives-int8/images/hard_neg_43.jpg
data/raw/hf_candidates/medyoussef_fire-smoke-hardnegatives-int8/images/hard_neg_1022.jpg,data/raw/hf_candidates/medyoussef_fire-smoke-hardnegatives-int8/images/hard_neg_43.jpg
data/raw/hf_candidates/medyoussef_fire-smoke-hardnegatives-int8/images/hard_neg_260.jpg,data/raw/hf_candidates/medyoussef_fire-smoke-hardnegatives-int8/images/hard_neg_43.jpg
data/raw/hf_candidates/medyoussef_fire-smoke-hardnegatives-int8/images/hard_neg_274.jpg,data/raw/hf_candidates/medyoussef_fire-smoke-hardnegatives-int8/images/hard_neg_43.jpg
data/raw/hf_candidates/medyoussef_fire-smoke-hardnegatives-int8/images/hard_neg_1036.jpg,data/raw/hf_candidates/medyoussef_fire-smoke-hardnegatives-int8/images/hard_neg_43.jpg
data/raw/hf_candidates/medyoussef_fire-smoke-hardnegatives-int8/images/hard_neg_512.jpg,data/raw/hf_candidates/medyoussef_fire-smoke-hardnegatives-int8/images/hard_neg_43.jpg
data/raw/hf_candidates/medyoussef_fire-smoke-hardnegatives-int8/images/hard_neg_80.jpg,data/raw/hf_candidates/medyoussef_fire-smoke-hardnegatives-int8/images/hard_neg_43.jpg
data/raw/hf_candidates/medyoussef_fire-smoke-hardnegatives-int8/images/hard_neg_94.jpg,data/raw/hf_candidates/medyoussef_fire-smoke-hardnegatives-int8/images/hard_neg_43.jpg
data/raw/hf_candidates/medyoussef_fire-smoke-hardnegatives-int8/images/hard_neg_738.jpg,data/raw/hf_candidates/medyoussef_fire-smoke-hardnegatives-int8/images/hard_neg_43.jpg
data/raw/hf_candidates/medyoussef_fire-smoke-hardnegatives-int8/images/hard_neg_1208.jpg,data/raw/hf_candidates/medyoussef_fire-smoke-hardnegatives-int8/images/hard_neg_43.jpg
data/raw/hf_candidates/medyoussef_fire-smoke-hardnegatives-int8/images/hard_neg_1220.jpg,data/raw/hf_candidates/medyoussef_fire-smoke-hardnegatives-int8/images/hard_neg_43.jpg
data/raw/hf_candidates/medyoussef_fire-smoke-hardnegatives-int8/images/hard_neg_704.jpg,data/raw/hf_candidates/medyoussef_fire-smoke-hardnegatives-int8/images/hard_neg_43.jpg
data/raw/hf_candidates/medyoussef_fire-smoke-hardnegatives-int8/images/hard_neg_710.jpg,data/raw/hf_candidates/medyoussef_fire-smoke-hardnegatives-int8/images/hard_neg_43.jpg
data/raw/hf_candidates/medyoussef_fire-smoke-hardnegatives-int8/images/hard_neg_1234.jpg,data/raw/hf_candidates/medyoussef_fire-smoke-hardnegatives-int8/images/hard_neg_43.jpg
data/raw/hf_candidates/medyoussef_fire-smoke-hardnegatives-int8/images/hard_neg_923.jpg,data/raw/hf_candidates/medyoussef_fire-smoke-hardnegatives-int8/images/hard_neg_43.jpg
data/raw/hf_candidates/medyoussef_fire-smoke-hardnegatives-int8/images/hard_neg_937.jpg,data/raw/hf_candidates/medyoussef_fire-smoke-hardnegatives-int8/images/hard_neg_43.jpg
data/raw/hf_candidates/medyoussef_fire-smoke-hardnegatives-int8/images/hard_neg_1368.jpg,data/raw/hf_candidates/medyoussef_fire-smoke-hardnegatives-int8/images/hard_neg_43.jpg
data/raw/hf_candidates/medyoussef_fire-smoke-hardnegatives-int8/images/hard_neg_894.jpg,data/raw/hf_candidates/medyoussef_fire-smoke-hardnegatives-int8/images/hard_neg_43.jpg
data/raw/hf_candidates/medyoussef_fire-smoke-hardnegatives-int8/images/hard_neg_658.jpg,data/raw/hf_candidates/medyoussef_fire-smoke-hardnegatives-int8/images/hard_neg_43.jpg
data/raw/hf_candidates/medyoussef_fire-smoke-hardnegatives-int8/images/hard_neg_880.jpg,data/raw/hf_candidates/medyoussef_fire-smoke-hardnegatives-int8/images/hard_neg_43.jpg
data/raw/hf_candidates/medyoussef_fire-smoke-hardnegatives-int8/images/hard_neg_116.jpg,data/raw/hf_candidates/medyoussef_fire-smoke-hardnegatives-int8/images/hard_neg_43.jpg
data/raw/hf_candidates/medyoussef_fire-smoke-hardnegatives-int8/images/hard_neg_1354.jpg,data/raw/hf_candidates/medyoussef_fire-smoke-hardnegatives-int8/images/hard_neg_43.jpg
data/raw/hf_candidates/medyoussef_fire-smoke-hardnegatives-int8/images/hard_neg_1432.jpg,data/raw/hf_candidates/medyoussef_fire-smoke-hardnegatives-int8/images/hard_neg_43.jpg
data/raw/hf_candidates/medyoussef_fire-smoke-hardnegatives-int8/images/hard_neg_670.jpg,data/raw/hf_candidates/medyoussef_fire-smoke-hardnegatives-int8/images/hard_neg_43.jpg
data/raw/hf_candidates/medyoussef_fire-smoke-hardnegatives-int8/images/hard_neg_664.jpg,data/raw/hf_candidates/medyoussef_fire-smoke-hardnegatives-int8/images/hard_neg_43.jpg
data/raw/hf_candidates/medyoussef_fire-smoke-hardnegatives-int8/images/hard_neg_1426.jpg,data/raw/hf_candidates/medyoussef_fire-smoke-hardnegatives-int8/images/hard_neg_43.jpg
data/raw/hf_candidates/medyoussef_fire-smoke-hardnegatives-int8/images/hard_neg_1340.jpg,data/raw/hf_candidates/medyoussef_fire-smoke-hardnegatives-int8/images/hard_neg_43.jpg
data/raw/hf_candidates/medyoussef_fire-smoke-hardnegatives-int8/images/hard_neg_102.jpg,data/raw/hf_candidates/medyoussef_fire-smoke-hardnegatives-int8/images/hard_neg_43.jpg
data/raw/hf_candidates/medyoussef_fire-smoke-hardnegatives-int8/images/hard_neg_857.jpg,data/raw/hf_candidates/medyoussef_fire-smoke-hardnegatives-int8/images/hard_neg_43.jpg
data/raw/hf_candidates/medyoussef_fire-smoke-hardnegatives-int8/images/hard_neg_843.jpg,data/raw/hf_candidates/medyoussef_fire-smoke-hardnegatives-int8/images/hard_neg_43.jpg
data/raw/hf_candidates/medyoussef_fire-smoke-hardnegatives-int8/images/hard_neg_1397.jpg,data/raw/hf_candidates/medyoussef_fire-smoke-hardnegatives-int8/images/hard_neg_43.jpg
data/raw/hf_candidates/medyoussef_fire-smoke-hardnegatives-int8/images/hard_neg_1383.jpg,data/raw/hf_candidates/medyoussef_fire-smoke-hardnegatives-int8/images/hard_neg_43.jpg
data/raw/hf_candidates/medyoussef_fire-smoke-hardnegatives-int8/images/hard_neg_328.jpg,data/raw/hf_candidates/medyoussef_fire-smoke-hardnegatives-int8/images/hard_neg_43.jpg
data/raw/hf_candidates/medyoussef_fire-smoke-hardnegatives-int8/images/hard_neg_472.jpg,data/raw/hf_candidates/medyoussef_fire-smoke-hardnegatives-int8/images/hard_neg_43.jpg
data/raw/hf_candidates/medyoussef_fire-smoke-hardnegatives-int8/images/hard_neg_1156.jpg,data/raw/hf_candidates/medyoussef_fire-smoke-hardnegatives-int8/images/hard_neg_43.jpg
data/raw/hf_candidates/medyoussef_fire-smoke-hardnegatives-int8/images/hard_neg_314.jpg,data/raw/hf_candidates/medyoussef_fire-smoke-hardnegatives-int8/images/hard_neg_43.jpg
data/raw/hf_candidates/medyoussef_fire-smoke-hardnegatives-int8/images/hard_neg_300.jpg,data/raw/hf_candidates/medyoussef_fire-smoke-hardnegatives-int8/images/hard_neg_43.jpg
data/raw/hf_candidates/medyoussef_fire-smoke-hardnegatives-int8/images/hard_neg_1142.jpg,data/raw/hf_candidates/medyoussef_fire-smoke-hardnegatives-int8/images/hard_neg_43.jpg
data/raw/hf_candidates/medyoussef_fire-smoke-hardnegatives-int8/images/hard_neg_466.jpg,data/raw/hf_candidates/medyoussef_fire-smoke-hardnegatives-int8/images/hard_neg_43.jpg
data/raw/hf_candidates/medyoussef_fire-smoke-hardnegatives-int8/images/hard_neg_499.jpg,data/raw/hf_candidates/medyoussef_fire-smoke-hardnegatives-int8/images/hard_neg_43.jpg
data/raw/hf_candidates/medyoussef_fire-smoke-hardnegatives-int8/images/hard_neg_1195.jpg,data/raw/hf_candidates/medyoussef_fire-smoke-hardnegatives-int8/images/hard_neg_43.jpg
data/raw/hf_candidates/medyoussef_fire-smoke-hardnegatives-int8/images/hard_neg_1181.jpg,data/raw/hf_candidates/medyoussef_fire-smoke-hardnegatives-int8/images/hard_neg_43.jpg
data/raw/hf_candidates/medyoussef_fire-smoke-hardnegatives-int8/images/hard_neg_1180.jpg,data/raw/hf_candidates/medyoussef_fire-smoke-hardnegatives-int8/images/hard_neg_43.jpg
data/raw/hf_candidates/medyoussef_fire-smoke-hardnegatives-int8/images/hard_neg_1194.jpg,data/raw/hf_candidates/medyoussef_fire-smoke-hardnegatives-int8/images/hard_neg_43.jpg
data/raw/hf_candidates/medyoussef_fire-smoke-hardnegatives-int8/images/hard_neg_498.jpg,data/raw/hf_candidates/medyoussef_fire-smoke-hardnegatives-int8/images/hard_neg_43.jpg
data/raw/hf_candidates/medyoussef_fire-smoke-hardnegatives-int8/images/hard_neg_1143.jpg,data/raw/hf_candidates/medyoussef_fire-smoke-hardnegatives-int8/images/hard_neg_43.jpg
data/raw/hf_candidates/medyoussef_fire-smoke-hardnegatives-int8/images/hard_neg_301.jpg,data/raw/hf_candidates/medyoussef_fire-smoke-hardnegatives-int8/images/hard_neg_43.jpg
data/raw/hf_candidates/medyoussef_fire-smoke-hardnegatives-int8/images/hard_neg_467.jpg,data/raw/hf_candidates/medyoussef_fire-smoke-hardnegatives-int8/images/hard_neg_43.jpg
data/raw/hf_candidates/medyoussef_fire-smoke-hardnegatives-int8/images/hard_neg_473.jpg,data/raw/hf_candidates/medyoussef_fire-smoke-hardnegatives-int8/images/hard_neg_43.jpg
data/raw/hf_candidates/medyoussef_fire-smoke-hardnegatives-int8/images/hard_neg_315.jpg,data/raw/hf_candidates/medyoussef_fire-smoke-hardnegatives-int8/images/hard_neg_43.jpg
data/raw/hf_candidates/medyoussef_fire-smoke-hardnegatives-int8/images/hard_neg_1157.jpg,data/raw/hf_candidates/medyoussef_fire-smoke-hardnegatives-int8/images/hard_neg_43.jpg
data/raw/hf_candidates/medyoussef_fire-smoke-hardnegatives-int8/images/hard_neg_329.jpg,data/raw/hf_candidates/medyoussef_fire-smoke-hardnegatives-int8/images/hard_neg_43.jpg
data/raw/hf_candidates/medyoussef_fire-smoke-hardnegatives-int8/images/hard_neg_1382.jpg,data/raw/hf_candidates/medyoussef_fire-smoke-hardnegatives-int8/images/hard_neg_43.jpg
data/raw/hf_candidates/medyoussef_fire-smoke-hardnegatives-int8/images/hard_neg_1396.jpg,data/raw/hf_candidates/medyoussef_fire-smoke-hardnegatives-int8/images/hard_neg_43.jpg
data/raw/hf_candidates/medyoussef_fire-smoke-hardnegatives-int8/images/hard_neg_842.jpg,data/raw/hf_candidates/medyoussef_fire-smoke-hardnegatives-int8/images/hard_neg_43.jpg
data/raw/hf_candidates/medyoussef_fire-smoke-hardnegatives-int8/images/hard_neg_856.jpg,data/raw/hf_candidates/medyoussef_fire-smoke-hardnegatives-int8/images/hard_neg_43.jpg
data/raw/hf_candidates/medyoussef_fire-smoke-hardnegatives-int8/images/hard_neg_1427.jpg,data/raw/hf_candidates/medyoussef_fire-smoke-hardnegatives-int8/images/hard_neg_43.jpg
data/raw/hf_candidates/medyoussef_fire-smoke-hardnegatives-int8/images/hard_neg_665.jpg,data/raw/hf_candidates/medyoussef_fire-smoke-hardnegatives-int8/images/hard_neg_43.jpg
data/raw/hf_candidates/medyoussef_fire-smoke-hardnegatives-int8/images/hard_neg_103.jpg,data/raw/hf_candidates/medyoussef_fire-smoke-hardnegatives-int8/images/hard_neg_43.jpg
data/raw/hf_candidates/medyoussef_fire-smoke-hardnegatives-int8/images/hard_neg_1341.jpg,data/raw/hf_candidates/medyoussef_fire-smoke-hardnegatives-int8/images/hard_neg_43.jpg
data/raw/hf_candidates/medyoussef_fire-smoke-hardnegatives-int8/images/hard_neg_1355.jpg,data/raw/hf_candidates/medyoussef_fire-smoke-hardnegatives-int8/images/hard_neg_43.jpg
data/raw/hf_candidates/medyoussef_fire-smoke-hardnegatives-int8/images/hard_neg_117.jpg,data/raw/hf_candidates/medyoussef_fire-smoke-hardnegatives-int8/images/hard_neg_43.jpg
data/raw/hf_candidates/medyoussef_fire-smoke-hardnegatives-int8/images/hard_neg_671.jpg,data/raw/hf_candidates/medyoussef_fire-smoke-hardnegatives-int8/images/hard_neg_43.jpg
data/raw/hf_candidates/medyoussef_fire-smoke-hardnegatives-int8/images/hard_neg_1433.jpg,data/raw/hf_candidates/medyoussef_fire-smoke-hardnegatives-int8/images/hard_neg_43.jpg
data/raw/hf_candidates/medyoussef_fire-smoke-hardnegatives-int8/images/hard_neg_881.jpg,data/raw/hf_candidates/medyoussef_fire-smoke-hardnegatives-int8/images/hard_neg_43.jpg
data/raw/hf_candidates/medyoussef_fire-smoke-hardnegatives-int8/images/hard_neg_659.jpg,data/raw/hf_candidates/medyoussef_fire-smoke-hardnegatives-int8/images/hard_neg_43.jpg
data/raw/hf_candidates/medyoussef_fire-smoke-hardnegatives-int8/images/hard_neg_1369.jpg,data/raw/hf_candidates/medyoussef_fire-smoke-hardnegatives-int8/images/hard_neg_43.jpg
data/raw/hf_candidates/medyoussef_fire-smoke-hardnegatives-int8/images/hard_neg_895.jpg,data/raw/hf_candidates/medyoussef_fire-smoke-hardnegatives-int8/images/hard_neg_43.jpg
data/raw/hf_candidates/medyoussef_fire-smoke-hardnegatives-int8/images/hard_neg_936.jpg,data/raw/hf_candidates/medyoussef_fire-smoke-hardnegatives-int8/images/hard_neg_43.jpg
data/raw/hf_candidates/medyoussef_fire-smoke-hardnegatives-int8/images/hard_neg_922.jpg,data/raw/hf_candidates/medyoussef_fire-smoke-hardnegatives-int8/images/hard_neg_43.jpg
data/raw/hf_candidates/medyoussef_fire-smoke-hardnegatives-int8/images/hard_neg_711.jpg,data/raw/hf_candidates/medyoussef_fire-smoke-hardnegatives-int8/images/hard_neg_43.jpg
data/raw/hf_candidates/medyoussef_fire-smoke-hardnegatives-int8/images/hard_neg_1235.jpg,data/raw/hf_candidates/medyoussef_fire-smoke-hardnegatives-int8/images/hard_neg_43.jpg
data/raw/hf_candidates/medyoussef_fire-smoke-hardnegatives-int8/images/hard_neg_1221.jpg,data/raw/hf_candidates/medyoussef_fire-smoke-hardnegatives-int8/images/hard_neg_43.jpg
data/raw/hf_candidates/medyoussef_fire-smoke-hardnegatives-int8/images/hard_neg_705.jpg,data/raw/hf_candidates/medyoussef_fire-smoke-hardnegatives-int8/images/hard_neg_43.jpg
data/raw/hf_candidates/medyoussef_fire-smoke-hardnegatives-int8/images/hard_neg_1209.jpg,data/raw/hf_candidates/medyoussef_fire-smoke-hardnegatives-int8/images/hard_neg_43.jpg
data/raw/hf_candidates/medyoussef_fire-smoke-hardnegatives-int8/images/hard_neg_739.jpg,data/raw/hf_candidates/medyoussef_fire-smoke-hardnegatives-int8/images/hard_neg_43.jpg
data/raw/hf_candidates/medyoussef_fire-smoke-hardnegatives-int8/images/hard_neg_95.jpg,data/raw/hf_candidates/medyoussef_fire-smoke-hardnegatives-int8/images/hard_neg_43.jpg
data/raw/hf_candidates/medyoussef_fire-smoke-hardnegatives-int8/images/hard_neg_81.jpg,data/raw/hf_candidates/medyoussef_fire-smoke-hardnegatives-int8/images/hard_neg_43.jpg
data/raw/hf_candidates/medyoussef_fire-smoke-hardnegatives-int8/images/hard_neg_1037.jpg,data/raw/hf_candidates/medyoussef_fire-smoke-hardnegatives-int8/images/hard_neg_43.jpg
data/raw/hf_candidates/medyoussef_fire-smoke-hardnegatives-int8/images/hard_neg_275.jpg,data/raw/hf_candidates/medyoussef_fire-smoke-hardnegatives-int8/images/hard_neg_43.jpg
data/raw/hf_candidates/medyoussef_fire-smoke-hardnegatives-int8/images/hard_neg_513.jpg,data/raw/hf_candidates/medyoussef_fire-smoke-hardnegatives-int8/images/hard_neg_43.jpg
data/raw/hf_candidates/medyoussef_fire-smoke-hardnegatives-int8/images/hard_neg_507.jpg,data/raw/hf_candidates/medyoussef_fire-smoke-hardnegatives-int8/images/hard_neg_43.jpg
data/raw/hf_candidates/medyoussef_fire-smoke-hardnegatives-int8/images/hard_neg_261.jpg,data/raw/hf_candidates/medyoussef_fire-smoke-hardnegatives-int8/images/hard_neg_43.jpg
data/raw/hf_candidates/medyoussef_fire-smoke-hardnegatives-int8/images/hard_neg_1023.jpg,data/raw/hf_candidates/medyoussef_fire-smoke-hardnegatives-int8/images/hard_neg_43.jpg
data/raw/hf_candidates/medyoussef_fire-smoke-hardnegatives-int8/images/hard_neg_249.jpg,data/raw/hf_candidates/medyoussef_fire-smoke-hardnegatives-int8/images/hard_neg_43.jpg
data/raw/hf_candidates/medyoussef_fire-smoke-hardnegatives-int8/images/hard_neg_56.jpg,data/raw/hf_candidates/medyoussef_fire-smoke-hardnegatives-int8/images/hard_neg_43.jpg
data/raw/hf_candidates/medyoussef_fire-smoke-hardnegatives-int8/images/hard_neg_42.jpg,data/raw/hf_candidates/medyoussef_fire-smoke-hardnegatives-int8/images/hard_neg_43.jpg
data/raw/hf_candidates/medyoussef_fire-smoke-hardnegatives-int8/images/hard_neg_54.jpg,data/raw/hf_candidates/medyoussef_fire-smoke-hardnegatives-int8/images/hard_neg_43.jpg
data/raw/hf_candidates/medyoussef_fire-smoke-hardnegatives-int8/images/hard_neg_1009.jpg,data/raw/hf_candidates/medyoussef_fire-smoke-hardnegatives-int8/images/hard_neg_43.jpg
data/raw/hf_candidates/medyoussef_fire-smoke-hardnegatives-int8/images/hard_neg_40.jpg,data/raw/hf_candidates/medyoussef_fire-smoke-hardnegatives-int8/images/hard_neg_43.jpg
data/raw/hf_candidates/medyoussef_fire-smoke-hardnegatives-int8/images/hard_neg_539.jpg,data/raw/hf_candidates/medyoussef_fire-smoke-hardnegatives-int8/images/hard_neg_43.jpg
data/raw/hf_candidates/medyoussef_fire-smoke-hardnegatives-int8/images/hard_neg_68.jpg,data/raw/hf_candidates/medyoussef_fire-smoke-hardnegatives-int8/images/hard_neg_43.jpg
data/raw/hf_candidates/medyoussef_fire-smoke-hardnegatives-int8/images/hard_neg_511.jpg,data/raw/hf_candidates/medyoussef_fire-smoke-hardnegatives-int8/images/hard_neg_43.jpg
data/raw/hf_candidates/medyoussef_fire-smoke-hardnegatives-int8/images/hard_neg_277.jpg,data/raw/hf_candidates/medyoussef_fire-smoke-hardnegatives-int8/images/hard_neg_43.jpg
data/raw/hf_candidates/medyoussef_fire-smoke-hardnegatives-int8/images/hard_neg_1035.jpg,data/raw/hf_candidates/medyoussef_fire-smoke-hardnegatives-int8/images/hard_neg_43.jpg
data/raw/hf_candidates/medyoussef_fire-smoke-hardnegatives-int8/images/hard_neg_1021.jpg,data/raw/hf_candidates/medyoussef_fire-smoke-hardnegatives-int8/images/hard_neg_43.jpg
data/raw/hf_candidates/medyoussef_fire-smoke-hardnegatives-int8/images/hard_neg_263.jpg,data/raw/hf_candidates/medyoussef_fire-smoke-hardnegatives-int8/images/hard_neg_43.jpg
data/raw/hf_candidates/medyoussef_fire-smoke-hardnegatives-int8/images/hard_neg_505.jpg,data/raw/hf_candidates/medyoussef_fire-smoke-hardnegatives-int8/images/hard_neg_43.jpg
data/raw/hf_candidates/medyoussef_fire-smoke-hardnegatives-int8/images/hard_neg_97.jpg,data/raw/hf_candidates/medyoussef_fire-smoke-hardnegatives-int8/images/hard_neg_43.jpg
data/raw/hf_candidates/medyoussef_fire-smoke-hardnegatives-int8/images/hard_neg_288.jpg,data/raw/hf_candidates/medyoussef_fire-smoke-hardnegatives-int8/images/hard_neg_43.jpg
data/raw/hf_candidates/medyoussef_fire-smoke-hardnegatives-int8/images/hard_neg_83.jpg,data/raw/hf_candidates/medyoussef_fire-smoke-hardnegatives-int8/images/hard_neg_43.jpg
data/raw/hf_candidates/medyoussef_fire-smoke-hardnegatives-int8/images/hard_neg_1237.jpg,data/raw/hf_candidates/medyoussef_fire-smoke-hardnegatives-int8/images/hard_neg_43.jpg
data/raw/hf_candidates/medyoussef_fire-smoke-hardnegatives-int8/images/hard_neg_713.jpg,data/raw/hf_candidates/medyoussef_fire-smoke-hardnegatives-int8/images/hard_neg_43.jpg
data/raw/hf_candidates/medyoussef_fire-smoke-hardnegatives-int8/images/hard_neg_707.jpg,data/raw/hf_candidates/medyoussef_fire-smoke-hardnegatives-int8/images/hard_neg_43.jpg
data/raw/hf_candidates/medyoussef_fire-smoke-hardnegatives-int8/images/hard_neg_1223.jpg,data/raw/hf_candidates/medyoussef_fire-smoke-hardnegatives-int8/images/hard_neg_43.jpg
data/raw/hf_candidates/medyoussef_fire-smoke-hardnegatives-int8/images/hard_neg_934.jpg,data/raw/hf_candidates/medyoussef_fire-smoke-hardnegatives-int8/images/hard_neg_43.jpg
data/raw/hf_candidates/medyoussef_fire-smoke-hardnegatives-int8/images/hard_neg_920.jpg,data/raw/hf_candidates/medyoussef_fire-smoke-hardnegatives-int8/images/hard_neg_43.jpg
data/raw/hf_candidates/medyoussef_fire-smoke-hardnegatives-int8/images/hard_neg_908.jpg,data/raw/hf_candidates/medyoussef_fire-smoke-hardnegatives-int8/images/hard_neg_43.jpg
data/raw/hf_candidates/medyoussef_fire-smoke-hardnegatives-int8/images/hard_neg_1419.jpg,data/raw/hf_candidates/medyoussef_fire-smoke-hardnegatives-int8/images/hard_neg_43.jpg
data/raw/hf_candidates/medyoussef_fire-smoke-hardnegatives-int8/images/hard_neg_883.jpg,data/raw/hf_candidates/medyoussef_fire-smoke-hardnegatives-int8/images/hard_neg_43.jpg
data/raw/hf_candidates/medyoussef_fire-smoke-hardnegatives-int8/images/hard_neg_897.jpg,data/raw/hf_candidates/medyoussef_fire-smoke-hardnegatives-int8/images/hard_neg_43.jpg
data/raw/hf_candidates/medyoussef_fire-smoke-hardnegatives-int8/images/hard_neg_129.jpg,data/raw/hf_candidates/medyoussef_fire-smoke-hardnegatives-int8/images/hard_neg_43.jpg
data/raw/hf_candidates/medyoussef_fire-smoke-hardnegatives-int8/images/hard_neg_1343.jpg,data/raw/hf_candidates/medyoussef_fire-smoke-hardnegatives-int8/images/hard_neg_43.jpg
data/raw/hf_candidates/medyoussef_fire-smoke-hardnegatives-int8/images/hard_neg_101.jpg,data/raw/hf_candidates/medyoussef_fire-smoke-hardnegatives-int8/images/hard_neg_43.jpg
data/raw/hf_candidates/medyoussef_fire-smoke-hardnegatives-int8/images/hard_neg_667.jpg,data/raw/hf_candidates/medyoussef_fire-smoke-hardnegatives-int8/images/hard_neg_43.jpg
data/raw/hf_candidates/medyoussef_fire-smoke-hardnegatives-int8/images/hard_neg_1425.jpg,data/raw/hf_candidates/medyoussef_fire-smoke-hardnegatives-int8/images/hard_neg_43.jpg
data/raw/hf_candidates/medyoussef_fire-smoke-hardnegatives-int8/images/hard_neg_1431.jpg,data/raw/hf_candidates/medyoussef_fire-smoke-hardnegatives-int8/images/hard_neg_43.jpg
data/raw/hf_candidates/medyoussef_fire-smoke-hardnegatives-int8/images/hard_neg_673.jpg,data/raw/hf_candidates/medyoussef_fire-smoke-hardnegatives-int8/images/hard_neg_43.jpg
data/raw/hf_candidates/medyoussef_fire-smoke-hardnegatives-int8/images/hard_neg_115.jpg,data/raw/hf_candidates/medyoussef_fire-smoke-hardnegatives-int8/images/hard_neg_43.jpg
data/raw/hf_candidates/medyoussef_fire-smoke-hardnegatives-int8/images/hard_neg_1357.jpg,data/raw/hf_candidates/medyoussef_fire-smoke-hardnegatives-int8/images/hard_neg_43.jpg
data/raw/hf_candidates/medyoussef_fire-smoke-hardnegatives-int8/images/hard_neg_840.jpg,data/raw/hf_candidates/medyoussef_fire-smoke-hardnegatives-int8/images/hard_neg_43.jpg
data/raw/hf_candidates/medyoussef_fire-smoke-hardnegatives-int8/images/hard_neg_698.jpg,data/raw/hf_candidates/medyoussef_fire-smoke-hardnegatives-int8/images/hard_neg_43.jpg
data/raw/hf_candidates/medyoussef_fire-smoke-hardnegatives-int8/images/hard_neg_854.jpg,data/raw/hf_candidates/medyoussef_fire-smoke-hardnegatives-int8/images/hard_neg_43.jpg
data/raw/hf_candidates/medyoussef_fire-smoke-hardnegatives-int8/images/hard_neg_1380.jpg,data/raw/hf_candidates/medyoussef_fire-smoke-hardnegatives-int8/images/hard_neg_43.jpg
data/raw/hf_candidates/medyoussef_fire-smoke-hardnegatives-int8/images/hard_neg_868.jpg,data/raw/hf_candidates/medyoussef_fire-smoke-hardnegatives-int8/images/hard_neg_43.jpg
data/raw/hf_candidates/medyoussef_fire-smoke-hardnegatives-int8/images/hard_neg_1394.jpg,data/raw/hf_candidates/medyoussef_fire-smoke-hardnegatives-int8/images/hard_neg_43.jpg
data/raw/hf_candidates/medyoussef_fire-smoke-hardnegatives-int8/images/hard_neg_459.jpg,data/raw/hf_candidates/medyoussef_fire-smoke-hardnegatives-int8/images/hard_neg_43.jpg
data/raw/hf_candidates/medyoussef_fire-smoke-hardnegatives-int8/images/hard_neg_1169.jpg,data/raw/hf_candidates/medyoussef_fire-smoke-hardnegatives-int8/images/hard_neg_43.jpg
data/raw/hf_candidates/medyoussef_fire-smoke-hardnegatives-int8/images/hard_neg_465.jpg,data/raw/hf_candidates/medyoussef_fire-smoke-hardnegatives-int8/images/hard_neg_43.jpg
data/raw/hf_candidates/medyoussef_fire-smoke-hardnegatives-int8/images/hard_neg_303.jpg,data/raw/hf_candidates/medyoussef_fire-smoke-hardnegatives-int8/images/hard_neg_43.jpg
data/raw/hf_candidates/medyoussef_fire-smoke-hardnegatives-int8/images/hard_neg_1141.jpg,data/raw/hf_candidates/medyoussef_fire-smoke-hardnegatives-int8/images/hard_neg_43.jpg
data/raw/hf_candidates/medyoussef_fire-smoke-hardnegatives-int8/images/hard_neg_1155.jpg,data/raw/hf_candidates/medyoussef_fire-smoke-hardnegatives-int8/images/hard_neg_43.jpg
data/raw/hf_candidates/medyoussef_fire-smoke-hardnegatives-int8/images/hard_neg_317.jpg,data/raw/hf_candidates/medyoussef_fire-smoke-hardnegatives-int8/images/hard_neg_43.jpg
data/raw/hf_candidates/medyoussef_fire-smoke-hardnegatives-int8/images/hard_neg_471.jpg,data/raw/hf_candidates/medyoussef_fire-smoke-hardnegatives-int8/images/hard_neg_43.jpg
data/raw/hf_candidates/medyoussef_fire-smoke-hardnegatives-int8/images/hard_neg_1182.jpg,data/raw/hf_candidates/medyoussef_fire-smoke-hardnegatives-int8/images/hard_neg_43.jpg
data/raw/hf_candidates/medyoussef_fire-smoke-hardnegatives-int8/images/hard_neg_1196.jpg,data/raw/hf_candidates/medyoussef_fire-smoke-hardnegatives-int8/images/hard_neg_43.jpg
data/raw/hf_candidates/medyoussef_fire-smoke-hardnegatives-int8/images/hard_neg_1197.jpg,data/raw/hf_candidates/medyoussef_fire-smoke-hardnegatives-int8/images/hard_neg_43.jpg
data/raw/hf_candidates/medyoussef_fire-smoke-hardnegatives-int8/images/hard_neg_1183.jpg,data/raw/hf_candidates/medyoussef_fire-smoke-hardnegatives-int8/images/hard_neg_43.jpg
data/raw/hf_candidates/medyoussef_fire-smoke-hardnegatives-int8/images/hard_neg_316.jpg,data/raw/hf_candidates/medyoussef_fire-smoke-hardnegatives-int8/images/hard_neg_43.jpg
data/raw/hf_candidates/medyoussef_fire-smoke-hardnegatives-int8/images/hard_neg_1154.jpg,data/raw/hf_candidates/medyoussef_fire-smoke-hardnegatives-int8/images/hard_neg_43.jpg
data/raw/hf_candidates/medyoussef_fire-smoke-hardnegatives-int8/images/hard_neg_470.jpg,data/raw/hf_candidates/medyoussef_fire-smoke-hardnegatives-int8/images/hard_neg_43.jpg
data/raw/hf_candidates/medyoussef_fire-smoke-hardnegatives-int8/images/hard_neg_464.jpg,data/raw/hf_candidates/medyoussef_fire-smoke-hardnegatives-int8/images/hard_neg_43.jpg
data/raw/hf_candidates/medyoussef_fire-smoke-hardnegatives-int8/images/hard_neg_1140.jpg,data/raw/hf_candidates/medyoussef_fire-smoke-hardnegatives-int8/images/hard_neg_43.jpg
data/raw/hf_candidates/medyoussef_fire-smoke-hardnegatives-int8/images/hard_neg_302.jpg,data/raw/hf_candidates/medyoussef_fire-smoke-hardnegatives-int8/images/hard_neg_43.jpg
data/raw/hf_candidates/medyoussef_fire-smoke-hardnegatives-int8/images/hard_neg_1168.jpg,data/raw/hf_candidates/medyoussef_fire-smoke-hardnegatives-int8/images/hard_neg_43.jpg
data/raw/hf_candidates/medyoussef_fire-smoke-hardnegatives-int8/images/hard_neg_458.jpg,data/raw/hf_candidates/medyoussef_fire-smoke-hardnegatives-int8/images/hard_neg_43.jpg
data/raw/hf_candidates/medyoussef_fire-smoke-hardnegatives-int8/images/hard_neg_869.jpg,data/raw/hf_candidates/medyoussef_fire-smoke-hardnegatives-int8/images/hard_neg_43.jpg
data/raw/hf_candidates/medyoussef_fire-smoke-hardnegatives-int8/images/hard_neg_1395.jpg,data/raw/hf_candidates/medyoussef_fire-smoke-hardnegatives-int8/images/hard_neg_43.jpg
data/raw/hf_candidates/medyoussef_fire-smoke-hardnegatives-int8/images/hard_neg_1381.jpg,data/raw/hf_candidates/medyoussef_fire-smoke-hardnegatives-int8/images/hard_neg_43.jpg
data/raw/hf_candidates/medyoussef_fire-smoke-hardnegatives-int8/images/hard_neg_855.jpg,data/raw/hf_candidates/medyoussef_fire-smoke-hardnegatives-int8/images/hard_neg_43.jpg
data/raw/hf_candidates/medyoussef_fire-smoke-hardnegatives-int8/images/hard_neg_699.jpg,data/raw/hf_candidates/medyoussef_fire-smoke-hardnegatives-int8/images/hard_neg_43.jpg
data/raw/hf_candidates/medyoussef_fire-smoke-hardnegatives-int8/images/hard_neg_841.jpg,data/raw/hf_candidates/medyoussef_fire-smoke-hardnegatives-int8/images/hard_neg_43.jpg
data/raw/hf_candidates/medyoussef_fire-smoke-hardnegatives-int8/images/hard_neg_672.jpg,data/raw/hf_candidates/medyoussef_fire-smoke-hardnegatives-int8/images/hard_neg_43.jpg
data/raw/hf_candidates/medyoussef_fire-smoke-hardnegatives-int8/images/hard_neg_1430.jpg,data/raw/hf_candidates/medyoussef_fire-smoke-hardnegatives-int8/images/hard_neg_43.jpg
data/raw/hf_candidates/medyoussef_fire-smoke-hardnegatives-int8/images/hard_neg_1356.jpg,data/raw/hf_candidates/medyoussef_fire-smoke-hardnegatives-int8/images/hard_neg_43.jpg
data/raw/hf_candidates/medyoussef_fire-smoke-hardnegatives-int8/images/hard_neg_114.jpg,data/raw/hf_candidates/medyoussef_fire-smoke-hardnegatives-int8/images/hard_neg_43.jpg
data/raw/hf_candidates/medyoussef_fire-smoke-hardnegatives-int8/images/hard_neg_100.jpg,data/raw/hf_candidates/medyoussef_fire-smoke-hardnegatives-int8/images/hard_neg_43.jpg
data/raw/hf_candidates/medyoussef_fire-smoke-hardnegatives-int8/images/hard_neg_1342.jpg,data/raw/hf_candidates/medyoussef_fire-smoke-hardnegatives-int8/images/hard_neg_43.jpg
data/raw/hf_candidates/medyoussef_fire-smoke-hardnegatives-int8/images/hard_neg_1424.jpg,data/raw/hf_candidates/medyoussef_fire-smoke-hardnegatives-int8/images/hard_neg_43.jpg
data/raw/hf_candidates/medyoussef_fire-smoke-hardnegatives-int8/images/hard_neg_666.jpg,data/raw/hf_candidates/medyoussef_fire-smoke-hardnegatives-int8/images/hard_neg_43.jpg
data/raw/hf_candidates/medyoussef_fire-smoke-hardnegatives-int8/images/hard_neg_896.jpg,data/raw/hf_candidates/medyoussef_fire-smoke-hardnegatives-int8/images/hard_neg_43.jpg
data/raw/hf_candidates/medyoussef_fire-smoke-hardnegatives-int8/images/hard_neg_128.jpg,data/raw/hf_candidates/medyoussef_fire-smoke-hardnegatives-int8/images/hard_neg_43.jpg
data/raw/hf_candidates/medyoussef_fire-smoke-hardnegatives-int8/images/hard_neg_882.jpg,data/raw/hf_candidates/medyoussef_fire-smoke-hardnegatives-int8/images/hard_neg_43.jpg
data/raw/hf_candidates/medyoussef_fire-smoke-hardnegatives-int8/images/hard_neg_1418.jpg,data/raw/hf_candidates/medyoussef_fire-smoke-hardnegatives-int8/images/hard_neg_43.jpg
data/raw/hf_candidates/medyoussef_fire-smoke-hardnegatives-int8/images/hard_neg_909.jpg,data/raw/hf_candidates/medyoussef_fire-smoke-hardnegatives-int8/images/hard_neg_43.jpg
data/raw/hf_candidates/medyoussef_fire-smoke-hardnegatives-int8/images/hard_neg_921.jpg,data/raw/hf_candidates/medyoussef_fire-smoke-hardnegatives-int8/images/hard_neg_43.jpg
data/raw/hf_candidates/medyoussef_fire-smoke-hardnegatives-int8/images/hard_neg_935.jpg,data/raw/hf_candidates/medyoussef_fire-smoke-hardnegatives-int8/images/hard_neg_43.jpg
data/raw/hf_candidates/medyoussef_fire-smoke-hardnegatives-int8/images/hard_neg_706.jpg,data/raw/hf_candidates/medyoussef_fire-smoke-hardnegatives-int8/images/hard_neg_43.jpg
data/raw/hf_candidates/medyoussef_fire-smoke-hardnegatives-int8/images/hard_neg_1222.jpg,data/raw/hf_candidates/medyoussef_fire-smoke-hardnegatives-int8/images/hard_neg_43.jpg
data/raw/hf_candidates/medyoussef_fire-smoke-hardnegatives-int8/images/hard_neg_1236.jpg,data/raw/hf_candidates/medyoussef_fire-smoke-hardnegatives-int8/images/hard_neg_43.jpg
data/raw/hf_candidates/medyoussef_fire-smoke-hardnegatives-int8/images/hard_neg_712.jpg,data/raw/hf_candidates/medyoussef_fire-smoke-hardnegatives-int8/images/hard_neg_43.jpg
data/raw/hf_candidates/medyoussef_fire-smoke-hardnegatives-int8/images/hard_neg_82.jpg,data/raw/hf_candidates/medyoussef_fire-smoke-hardnegatives-int8/images/hard_neg_43.jpg
data/raw/hf_candidates/medyoussef_fire-smoke-hardnegatives-int8/images/hard_neg_96.jpg,data/raw/hf_candidates/medyoussef_fire-smoke-hardnegatives-int8/images/hard_neg_43.jpg
data/raw/hf_candidates/medyoussef_fire-smoke-hardnegatives-int8/images/hard_neg_289.jpg,data/raw/hf_candidates/medyoussef_fire-smoke-hardnegatives-int8/images/hard_neg_43.jpg
data/raw/hf_candidates/medyoussef_fire-smoke-hardnegatives-int8/images/hard_neg_262.jpg,data/raw/hf_candidates/medyoussef_fire-smoke-hardnegatives-int8/images/hard_neg_43.jpg
data/raw/hf_candidates/medyoussef_fire-smoke-hardnegatives-int8/images/hard_neg_1020.jpg,data/raw/hf_candidates/medyoussef_fire-smoke-hardnegatives-int8/images/hard_neg_43.jpg
data/raw/hf_candidates/medyoussef_fire-smoke-hardnegatives-int8/images/hard_neg_504.jpg,data/raw/hf_candidates/medyoussef_fire-smoke-hardnegatives-int8/images/hard_neg_43.jpg
data/raw/hf_candidates/medyoussef_fire-smoke-hardnegatives-int8/images/hard_neg_510.jpg,data/raw/hf_candidates/medyoussef_fire-smoke-hardnegatives-int8/images/hard_neg_43.jpg
data/raw/hf_candidates/medyoussef_fire-smoke-hardnegatives-int8/images/hard_neg_69.jpg,data/raw/hf_candidates/medyoussef_fire-smoke-hardnegatives-int8/images/hard_neg_43.jpg
data/raw/hf_candidates/medyoussef_fire-smoke-hardnegatives-int8/images/hard_neg_1034.jpg,data/raw/hf_candidates/medyoussef_fire-smoke-hardnegatives-int8/images/hard_neg_43.jpg
data/raw/hf_candidates/medyoussef_fire-smoke-hardnegatives-int8/images/hard_neg_276.jpg,data/raw/hf_candidates/medyoussef_fire-smoke-hardnegatives-int8/images/hard_neg_43.jpg
data/raw/hf_candidates/medyoussef_fire-smoke-hardnegatives-int8/images/hard_neg_538.jpg,data/raw/hf_candidates/medyoussef_fire-smoke-hardnegatives-int8/images/hard_neg_43.jpg
data/raw/hf_candidates/medyoussef_fire-smoke-hardnegatives-int8/images/hard_neg_41.jpg,data/raw/hf_candidates/medyoussef_fire-smoke-hardnegatives-int8/images/hard_neg_43.jpg
data/raw/hf_candidates/medyoussef_fire-smoke-hardnegatives-int8/images/hard_neg_55.jpg,data/raw/hf_candidates/medyoussef_fire-smoke-hardnegatives-int8/images/hard_neg_43.jpg
data/raw/hf_candidates/medyoussef_fire-smoke-hardnegatives-int8/images/hard_neg_1008.jpg,data/raw/hf_candidates/medyoussef_fire-smoke-hardnegatives-int8/images/hard_neg_43.jpg
data/raw/hf_candidates/medyoussef_fire-smoke-hardnegatives-int8/images/hard_neg_272.jpg,data/raw/hf_candidates/medyoussef_fire-smoke-hardnegatives-int8/images/hard_neg_43.jpg
data/raw/hf_candidates/medyoussef_fire-smoke-hardnegatives-int8/images/hard_neg_1030.jpg,data/raw/hf_candidates/medyoussef_fire-smoke-hardnegatives-int8/images/hard_neg_43.jpg
data/raw/hf_candidates/medyoussef_fire-smoke-hardnegatives-int8/images/hard_neg_514.jpg,data/raw/hf_candidates/medyoussef_fire-smoke-hardnegatives-int8/images/hard_neg_43.jpg
data/raw/hf_candidates/medyoussef_fire-smoke-hardnegatives-int8/images/hard_neg_500.jpg,data/raw/hf_candidates/medyoussef_fire-smoke-hardnegatives-int8/images/hard_neg_43.jpg
data/raw/hf_candidates/medyoussef_fire-smoke-hardnegatives-int8/images/hard_neg_79.jpg,data/raw/hf_candidates/medyoussef_fire-smoke-hardnegatives-int8/images/hard_neg_43.jpg
data/raw/hf_candidates/medyoussef_fire-smoke-hardnegatives-int8/images/hard_neg_1024.jpg,data/raw/hf_candidates/medyoussef_fire-smoke-hardnegatives-int8/images/hard_neg_43.jpg
data/raw/hf_candidates/medyoussef_fire-smoke-hardnegatives-int8/images/hard_neg_266.jpg,data/raw/hf_candidates/medyoussef_fire-smoke-hardnegatives-int8/images/hard_neg_43.jpg
data/raw/hf_candidates/medyoussef_fire-smoke-hardnegatives-int8/images/hard_neg_528.jpg,data/raw/hf_candidates/medyoussef_fire-smoke-hardnegatives-int8/images/hard_neg_43.jpg
data/raw/hf_candidates/medyoussef_fire-smoke-hardnegatives-int8/images/hard_neg_51.jpg,data/raw/hf_candidates/medyoussef_fire-smoke-hardnegatives-int8/images/hard_neg_43.jpg
data/raw/hf_candidates/medyoussef_fire-smoke-hardnegatives-int8/images/hard_neg_45.jpg,data/raw/hf_candidates/medyoussef_fire-smoke-hardnegatives-int8/images/hard_neg_43.jpg
data/raw/hf_candidates/medyoussef_fire-smoke-hardnegatives-int8/images/hard_neg_1018.jpg,data/raw/hf_candidates/medyoussef_fire-smoke-hardnegatives-int8/images/hard_neg_43.jpg
data/raw/hf_candidates/medyoussef_fire-smoke-hardnegatives-int8/images/hard_neg_92.jpg,data/raw/hf_candidates/medyoussef_fire-smoke-hardnegatives-int8/images/hard_neg_43.jpg
data/raw/hf_candidates/medyoussef_fire-smoke-hardnegatives-int8/images/hard_neg_86.jpg,data/raw/hf_candidates/medyoussef_fire-smoke-hardnegatives-int8/images/hard_neg_43.jpg
data/raw/hf_candidates/medyoussef_fire-smoke-hardnegatives-int8/images/hard_neg_299.jpg,data/raw/hf_candidates/medyoussef_fire-smoke-hardnegatives-int8/images/hard_neg_43.jpg
data/raw/hf_candidates/medyoussef_fire-smoke-hardnegatives-int8/images/hard_neg_716.jpg,data/raw/hf_candidates/medyoussef_fire-smoke-hardnegatives-int8/images/hard_neg_43.jpg
data/raw/hf_candidates/medyoussef_fire-smoke-hardnegatives-int8/images/hard_neg_1232.jpg,data/raw/hf_candidates/medyoussef_fire-smoke-hardnegatives-int8/images/hard_neg_43.jpg
data/raw/hf_candidates/medyoussef_fire-smoke-hardnegatives-int8/images/hard_neg_1226.jpg,data/raw/hf_candidates/medyoussef_fire-smoke-hardnegatives-int8/images/hard_neg_43.jpg
data/raw/hf_candidates/medyoussef_fire-smoke-hardnegatives-int8/images/hard_neg_702.jpg,data/raw/hf_candidates/medyoussef_fire-smoke-hardnegatives-int8/images/hard_neg_43.jpg
data/raw/hf_candidates/medyoussef_fire-smoke-hardnegatives-int8/images/hard_neg_919.jpg,data/raw/hf_candidates/medyoussef_fire-smoke-hardnegatives-int8/images/hard_neg_43.jpg
data/raw/hf_candidates/medyoussef_fire-smoke-hardnegatives-int8/images/hard_neg_931.jpg,data/raw/hf_candidates/medyoussef_fire-smoke-hardnegatives-int8/images/hard_neg_43.jpg
data/raw/hf_candidates/medyoussef_fire-smoke-hardnegatives-int8/images/hard_neg_925.jpg,data/raw/hf_candidates/medyoussef_fire-smoke-hardnegatives-int8/images/hard_neg_43.jpg
data/raw/hf_candidates/medyoussef_fire-smoke-hardnegatives-int8/images/hard_neg_662.jpg,data/raw/hf_candidates/medyoussef_fire-smoke-hardnegatives-int8/images/hard_neg_43.jpg
data/raw/hf_candidates/medyoussef_fire-smoke-hardnegatives-int8/images/hard_neg_1420.jpg,data/raw/hf_candidates/medyoussef_fire-smoke-hardnegatives-int8/images/hard_neg_43.jpg
data/raw/hf_candidates/medyoussef_fire-smoke-hardnegatives-int8/images/hard_neg_1346.jpg,data/raw/hf_candidates/medyoussef_fire-smoke-hardnegatives-int8/images/hard_neg_43.jpg
data/raw/hf_candidates/medyoussef_fire-smoke-hardnegatives-int8/images/hard_neg_104.jpg,data/raw/hf_candidates/medyoussef_fire-smoke-hardnegatives-int8/images/hard_neg_43.jpg
data/raw/hf_candidates/medyoussef_fire-smoke-hardnegatives-int8/images/hard_neg_110.jpg,data/raw/hf_candidates/medyoussef_fire-smoke-hardnegatives-int8/images/hard_neg_43.jpg
data/raw/hf_candidates/medyoussef_fire-smoke-hardnegatives-int8/images/hard_neg_1352.jpg,data/raw/hf_candidates/medyoussef_fire-smoke-hardnegatives-int8/images/hard_neg_43.jpg
data/raw/hf_candidates/medyoussef_fire-smoke-hardnegatives-int8/images/hard_neg_1434.jpg,data/raw/hf_candidates/medyoussef_fire-smoke-hardnegatives-int8/images/hard_neg_43.jpg
data/raw/hf_candidates/medyoussef_fire-smoke-hardnegatives-int8/images/hard_neg_676.jpg,data/raw/hf_candidates/medyoussef_fire-smoke-hardnegatives-int8/images/hard_neg_43.jpg
data/raw/hf_candidates/medyoussef_fire-smoke-hardnegatives-int8/images/hard_neg_886.jpg,data/raw/hf_candidates/medyoussef_fire-smoke-hardnegatives-int8/images/hard_neg_43.jpg
data/raw/hf_candidates/medyoussef_fire-smoke-hardnegatives-int8/images/hard_neg_138.jpg,data/raw/hf_candidates/medyoussef_fire-smoke-hardnegatives-int8/images/hard_neg_43.jpg
data/raw/hf_candidates/medyoussef_fire-smoke-hardnegatives-int8/images/hard_neg_892.jpg,data/raw/hf_candidates/medyoussef_fire-smoke-hardnegatives-int8/images/hard_neg_43.jpg
data/raw/hf_candidates/medyoussef_fire-smoke-hardnegatives-int8/images/hard_neg_1408.jpg,data/raw/hf_candidates/medyoussef_fire-smoke-hardnegatives-int8/images/hard_neg_43.jpg
data/raw/hf_candidates/medyoussef_fire-smoke-hardnegatives-int8/images/hard_neg_879.jpg,data/raw/hf_candidates/medyoussef_fire-smoke-hardnegatives-int8/images/hard_neg_43.jpg
data/raw/hf_candidates/medyoussef_fire-smoke-hardnegatives-int8/images/hard_neg_1385.jpg,data/raw/hf_candidates/medyoussef_fire-smoke-hardnegatives-int8/images/hard_neg_43.jpg
data/raw/hf_candidates/medyoussef_fire-smoke-hardnegatives-int8/images/hard_neg_1391.jpg,data/raw/hf_candidates/medyoussef_fire-smoke-hardnegatives-int8/images/hard_neg_43.jpg
data/raw/hf_candidates/medyoussef_fire-smoke-hardnegatives-int8/images/hard_neg_845.jpg,data/raw/hf_candidates/medyoussef_fire-smoke-hardnegatives-int8/images/hard_neg_43.jpg
data/raw/hf_candidates/medyoussef_fire-smoke-hardnegatives-int8/images/hard_neg_851.jpg,data/raw/hf_candidates/medyoussef_fire-smoke-hardnegatives-int8/images/hard_neg_43.jpg
data/raw/hf_candidates/medyoussef_fire-smoke-hardnegatives-int8/images/hard_neg_689.jpg,data/raw/hf_candidates/medyoussef_fire-smoke-hardnegatives-int8/images/hard_neg_43.jpg
data/raw/hf_candidates/medyoussef_fire-smoke-hardnegatives-int8/images/hard_neg_306.jpg,data/raw/hf_candidates/medyoussef_fire-smoke-hardnegatives-int8/images/hard_neg_43.jpg
data/raw/hf_candidates/medyoussef_fire-smoke-hardnegatives-int8/images/hard_neg_1144.jpg,data/raw/hf_candidates/medyoussef_fire-smoke-hardnegatives-int8/images/hard_neg_43.jpg
data/raw/hf_candidates/medyoussef_fire-smoke-hardnegatives-int8/images/hard_neg_460.jpg,data/raw/hf_candidates/medyoussef_fire-smoke-hardnegatives-int8/images/hard_neg_43.jpg
data/raw/hf_candidates/medyoussef_fire-smoke-hardnegatives-int8/images/hard_neg_474.jpg,data/raw/hf_candidates/medyoussef_fire-smoke-hardnegatives-int8/images/hard_neg_43.jpg
data/raw/hf_candidates/medyoussef_fire-smoke-hardnegatives-int8/images/hard_neg_1150.jpg,data/raw/hf_candidates/medyoussef_fire-smoke-hardnegatives-int8/images/hard_neg_43.jpg
data/raw/hf_candidates/medyoussef_fire-smoke-hardnegatives-int8/images/hard_neg_312.jpg,data/raw/hf_candidates/medyoussef_fire-smoke-hardnegatives-int8/images/hard_neg_43.jpg
data/raw/hf_candidates/medyoussef_fire-smoke-hardnegatives-int8/images/hard_neg_1178.jpg,data/raw/hf_candidates/medyoussef_fire-smoke-hardnegatives-int8/images/hard_neg_43.jpg
data/raw/hf_candidates/medyoussef_fire-smoke-hardnegatives-int8/images/hard_neg_448.jpg,data/raw/hf_candidates/medyoussef_fire-smoke-hardnegatives-int8/images/hard_neg_43.jpg
data/raw/hf_candidates/medyoussef_fire-smoke-hardnegatives-int8/images/hard_neg_1187.jpg,data/raw/hf_candidates/medyoussef_fire-smoke-hardnegatives-int8/images/hard_neg_43.jpg
data/raw/hf_candidates/medyoussef_fire-smoke-hardnegatives-int8/images/hard_neg_1193.jpg,data/raw/hf_candidates/medyoussef_fire-smoke-hardnegatives-int8/images/hard_neg_43.jpg
data/raw/hf_candidates/medyoussef_fire-smoke-hardnegatives-int8/images/hard_neg_1192.jpg,data/raw/hf_candidates/medyoussef_fire-smoke-hardnegatives-int8/images/hard_neg_43.jpg
data/raw/hf_candidates/medyoussef_fire-smoke-hardnegatives-int8/images/hard_neg_1186.jpg,data/raw/hf_candidates/medyoussef_fire-smoke-hardnegatives-int8/images/hard_neg_43.jpg
data/raw/hf_candidates/medyoussef_fire-smoke-hardnegatives-int8/images/hard_neg_449.jpg,data/raw/hf_candidates/medyoussef_fire-smoke-hardnegatives-int8/images/hard_neg_43.jpg
data/raw/hf_candidates/medyoussef_fire-smoke-hardnegatives-int8/images/hard_neg_1179.jpg,data/raw/hf_candidates/medyoussef_fire-smoke-hardnegatives-int8/images/hard_neg_43.jpg
data/raw/hf_candidates/medyoussef_fire-smoke-hardnegatives-int8/images/hard_neg_475.jpg,data/raw/hf_candidates/medyoussef_fire-smoke-hardnegatives-int8/images/hard_neg_43.jpg
data/raw/hf_candidates/medyoussef_fire-smoke-hardnegatives-int8/images/hard_neg_313.jpg,data/raw/hf_candidates/medyoussef_fire-smoke-hardnegatives-int8/images/hard_neg_43.jpg
data/raw/hf_candidates/medyoussef_fire-smoke-hardnegatives-int8/images/hard_neg_1151.jpg,data/raw/hf_candidates/medyoussef_fire-smoke-hardnegatives-int8/images/hard_neg_43.jpg
data/raw/hf_candidates/medyoussef_fire-smoke-hardnegatives-int8/images/hard_neg_1145.jpg,data/raw/hf_candidates/medyoussef_fire-smoke-hardnegatives-int8/images/hard_neg_43.jpg
data/raw/hf_candidates/medyoussef_fire-smoke-hardnegatives-int8/images/hard_neg_307.jpg,data/raw/hf_candidates/medyoussef_fire-smoke-hardnegatives-int8/images/hard_neg_43.jpg
data/raw/hf_candidates/medyoussef_fire-smoke-hardnegatives-int8/images/hard_neg_461.jpg,data/raw/hf_candidates/medyoussef_fire-smoke-hardnegatives-int8/images/hard_neg_43.jpg
data/raw/hf_candidates/medyoussef_fire-smoke-hardnegatives-int8/images/hard_neg_688.jpg,data/raw/hf_candidates/medyoussef_fire-smoke-hardnegatives-int8/images/hard_neg_43.jpg
data/raw/hf_candidates/medyoussef_fire-smoke-hardnegatives-int8/images/hard_neg_850.jpg,data/raw/hf_candidates/medyoussef_fire-smoke-hardnegatives-int8/images/hard_neg_43.jpg
data/raw/hf_candidates/medyoussef_fire-smoke-hardnegatives-int8/images/hard_neg_844.jpg,data/raw/hf_candidates/medyoussef_fire-smoke-hardnegatives-int8/images/hard_neg_43.jpg
data/raw/hf_candidates/medyoussef_fire-smoke-hardnegatives-int8/images/hard_neg_1390.jpg,data/raw/hf_candidates/medyoussef_fire-smoke-hardnegatives-int8/images/hard_neg_43.jpg
data/raw/hf_candidates/medyoussef_fire-smoke-hardnegatives-int8/images/hard_neg_878.jpg,data/raw/hf_candidates/medyoussef_fire-smoke-hardnegatives-int8/images/hard_neg_43.jpg
data/raw/hf_candidates/medyoussef_fire-smoke-hardnegatives-int8/images/hard_neg_1384.jpg,data/raw/hf_candidates/medyoussef_fire-smoke-hardnegatives-int8/images/hard_neg_43.jpg
data/raw/hf_candidates/medyoussef_fire-smoke-hardnegatives-int8/images/hard_neg_1409.jpg,data/raw/hf_candidates/medyoussef_fire-smoke-hardnegatives-int8/images/hard_neg_43.jpg
data/raw/hf_candidates/medyoussef_fire-smoke-hardnegatives-int8/images/hard_neg_893.jpg,data/raw/hf_candidates/medyoussef_fire-smoke-hardnegatives-int8/images/hard_neg_43.jpg
data/raw/hf_candidates/medyoussef_fire-smoke-hardnegatives-int8/images/hard_neg_887.jpg,data/raw/hf_candidates/medyoussef_fire-smoke-hardnegatives-int8/images/hard_neg_43.jpg
data/raw/hf_candidates/medyoussef_fire-smoke-hardnegatives-int8/images/hard_neg_139.jpg,data/raw/hf_candidates/medyoussef_fire-smoke-hardnegatives-int8/images/hard_neg_43.jpg
data/raw/hf_candidates/medyoussef_fire-smoke-hardnegatives-int8/images/hard_neg_1353.jpg,data/raw/hf_candidates/medyoussef_fire-smoke-hardnegatives-int8/images/hard_neg_43.jpg
data/raw/hf_candidates/medyoussef_fire-smoke-hardnegatives-int8/images/hard_neg_111.jpg,data/raw/hf_candidates/medyoussef_fire-smoke-hardnegatives-int8/images/hard_neg_43.jpg
data/raw/hf_candidates/medyoussef_fire-smoke-hardnegatives-int8/images/hard_neg_677.jpg,data/raw/hf_candidates/medyoussef_fire-smoke-hardnegatives-int8/images/hard_neg_43.jpg
data/raw/hf_candidates/medyoussef_fire-smoke-hardnegatives-int8/images/hard_neg_1435.jpg,data/raw/hf_candidates/medyoussef_fire-smoke-hardnegatives-int8/images/hard_neg_43.jpg
data/raw/hf_candidates/medyoussef_fire-smoke-hardnegatives-int8/images/hard_neg_1421.jpg,data/raw/hf_candidates/medyoussef_fire-smoke-hardnegatives-int8/images/hard_neg_43.jpg
data/raw/hf_candidates/medyoussef_fire-smoke-hardnegatives-int8/images/hard_neg_663.jpg,data/raw/hf_candidates/medyoussef_fire-smoke-hardnegatives-int8/images/hard_neg_43.jpg
data/raw/hf_candidates/medyoussef_fire-smoke-hardnegatives-int8/images/hard_neg_105.jpg,data/raw/hf_candidates/medyoussef_fire-smoke-hardnegatives-int8/images/hard_neg_43.jpg
data/raw/hf_candidates/medyoussef_fire-smoke-hardnegatives-int8/images/hard_neg_1347.jpg,data/raw/hf_candidates/medyoussef_fire-smoke-hardnegatives-int8/images/hard_neg_43.jpg
data/raw/hf_candidates/medyoussef_fire-smoke-hardnegatives-int8/images/hard_neg_924.jpg,data/raw/hf_candidates/medyoussef_fire-smoke-hardnegatives-int8/images/hard_neg_43.jpg
data/raw/hf_candidates/medyoussef_fire-smoke-hardnegatives-int8/images/hard_neg_930.jpg,data/raw/hf_candidates/medyoussef_fire-smoke-hardnegatives-int8/images/hard_neg_43.jpg
data/raw/hf_candidates/medyoussef_fire-smoke-hardnegatives-int8/images/hard_neg_918.jpg,data/raw/hf_candidates/medyoussef_fire-smoke-hardnegatives-int8/images/hard_neg_43.jpg
data/raw/hf_candidates/medyoussef_fire-smoke-hardnegatives-int8/images/hard_neg_1227.jpg,data/raw/hf_candidates/medyoussef_fire-smoke-hardnegatives-int8/images/hard_neg_43.jpg
data/raw/hf_candidates/medyoussef_fire-smoke-hardnegatives-int8/images/hard_neg_703.jpg,data/raw/hf_candidates/medyoussef_fire-smoke-hardnegatives-int8/images/hard_neg_43.jpg
data/raw/hf_candidates/medyoussef_fire-smoke-hardnegatives-int8/images/hard_neg_717.jpg,data/raw/hf_candidates/medyoussef_fire-smoke-hardnegatives-int8/images/hard_neg_43.jpg
data/raw/hf_candidates/medyoussef_fire-smoke-hardnegatives-int8/images/hard_neg_1233.jpg,data/raw/hf_candidates/medyoussef_fire-smoke-hardnegatives-int8/images/hard_neg_43.jpg
data/raw/hf_candidates/medyoussef_fire-smoke-hardnegatives-int8/images/hard_neg_87.jpg,data/raw/hf_candidates/medyoussef_fire-smoke-hardnegatives-int8/images/hard_neg_43.jpg
data/raw/hf_candidates/medyoussef_fire-smoke-hardnegatives-int8/images/hard_neg_298.jpg,data/raw/hf_candidates/medyoussef_fire-smoke-hardnegatives-int8/images/hard_neg_43.jpg
data/raw/hf_candidates/medyoussef_fire-smoke-hardnegatives-int8/images/hard_neg_93.jpg,data/raw/hf_candidates/medyoussef_fire-smoke-hardnegatives-int8/images/hard_neg_43.jpg
data/raw/hf_candidates/medyoussef_fire-smoke-hardnegatives-int8/images/hard_neg_44.jpg,data/raw/hf_candidates/medyoussef_fire-smoke-hardnegatives-int8/images/hard_neg_43.jpg
data/raw/hf_candidates/medyoussef_fire-smoke-hardnegatives-int8/images/hard_neg_1019.jpg,data/raw/hf_candidates/medyoussef_fire-smoke-hardnegatives-int8/images/hard_neg_43.jpg
data/raw/hf_candidates/medyoussef_fire-smoke-hardnegatives-int8/images/hard_neg_50.jpg,data/raw/hf_candidates/medyoussef_fire-smoke-hardnegatives-int8/images/hard_neg_43.jpg
data/raw/hf_candidates/medyoussef_fire-smoke-hardnegatives-int8/images/hard_neg_529.jpg,data/raw/hf_candidates/medyoussef_fire-smoke-hardnegatives-int8/images/hard_neg_43.jpg
data/raw/hf_candidates/medyoussef_fire-smoke-hardnegatives-int8/images/hard_neg_78.jpg,data/raw/hf_candidates/medyoussef_fire-smoke-hardnegatives-int8/images/hard_neg_43.jpg
data/raw/hf_candidates/medyoussef_fire-smoke-hardnegatives-int8/images/hard_neg_501.jpg,data/raw/hf_candidates/medyoussef_fire-smoke-hardnegatives-int8/images/hard_neg_43.jpg
data/raw/hf_candidates/medyoussef_fire-smoke-hardnegatives-int8/images/hard_neg_267.jpg,data/raw/hf_candidates/medyoussef_fire-smoke-hardnegatives-int8/images/hard_neg_43.jpg
data/raw/hf_candidates/medyoussef_fire-smoke-hardnegatives-int8/images/hard_neg_1025.jpg,data/raw/hf_candidates/medyoussef_fire-smoke-hardnegatives-int8/images/hard_neg_43.jpg
data/raw/hf_candidates/medyoussef_fire-smoke-hardnegatives-int8/images/hard_neg_1031.jpg,data/raw/hf_candidates/medyoussef_fire-smoke-hardnegatives-int8/images/hard_neg_43.jpg
data/raw/hf_candidates/medyoussef_fire-smoke-hardnegatives-int8/images/hard_neg_273.jpg,data/raw/hf_candidates/medyoussef_fire-smoke-hardnegatives-int8/images/hard_neg_43.jpg
data/raw/hf_candidates/medyoussef_fire-smoke-hardnegatives-int8/images/hard_neg_515.jpg,data/raw/hf_candidates/medyoussef_fire-smoke-hardnegatives-int8/images/hard_neg_43.jpg
data/raw/hf_candidates/medyoussef_fire-smoke-hardnegatives-int8/images/hard_neg_1027.jpg,data/raw/hf_candidates/medyoussef_fire-smoke-hardnegatives-int8/images/hard_neg_43.jpg
data/raw/hf_candidates/medyoussef_fire-smoke-hardnegatives-int8/images/hard_neg_265.jpg,data/raw/hf_candidates/medyoussef_fire-smoke-hardnegatives-int8/images/hard_neg_43.jpg
data/raw/hf_candidates/medyoussef_fire-smoke-hardnegatives-int8/images/hard_neg_503.jpg,data/raw/hf_candidates/medyoussef_fire-smoke-hardnegatives-int8/images/hard_neg_43.jpg
data/raw/hf_candidates/medyoussef_fire-smoke-hardnegatives-int8/images/hard_neg_517.jpg,data/raw/hf_candidates/medyoussef_fire-smoke-hardnegatives-int8/images/hard_neg_43.jpg
data/raw/hf_candidates/medyoussef_fire-smoke-hardnegatives-int8/images/hard_neg_271.jpg,data/raw/hf_candidates/medyoussef_fire-smoke-hardnegatives-int8/images/hard_neg_43.jpg
data/raw/hf_candidates/medyoussef_fire-smoke-hardnegatives-int8/images/hard_neg_1033.jpg,data/raw/hf_candidates/medyoussef_fire-smoke-hardnegatives-int8/images/hard_neg_43.jpg
data/raw/hf_candidates/medyoussef_fire-smoke-hardnegatives-int8/images/hard_neg_259.jpg,data/raw/hf_candidates/medyoussef_fire-smoke-hardnegatives-int8/images/hard_neg_43.jpg
data/raw/hf_candidates/medyoussef_fire-smoke-hardnegatives-int8/images/hard_neg_46.jpg,data/raw/hf_candidates/medyoussef_fire-smoke-hardnegatives-int8/images/hard_neg_43.jpg
data/raw/hf_candidates/medyoussef_fire-smoke-hardnegatives-int8/images/hard_neg_52.jpg,data/raw/hf_candidates/medyoussef_fire-smoke-hardnegatives-int8/images/hard_neg_43.jpg
data/raw/hf_candidates/medyoussef_fire-smoke-hardnegatives-int8/images/hard_neg_85.jpg,data/raw/hf_candidates/medyoussef_fire-smoke-hardnegatives-int8/images/hard_neg_43.jpg
data/raw/hf_candidates/medyoussef_fire-smoke-hardnegatives-int8/images/hard_neg_91.jpg,data/raw/hf_candidates/medyoussef_fire-smoke-hardnegatives-int8/images/hard_neg_43.jpg
data/raw/hf_candidates/medyoussef_fire-smoke-hardnegatives-int8/images/hard_neg_701.jpg,data/raw/hf_candidates/medyoussef_fire-smoke-hardnegatives-int8/images/hard_neg_43.jpg
data/raw/hf_candidates/medyoussef_fire-smoke-hardnegatives-int8/images/hard_neg_1225.jpg,data/raw/hf_candidates/medyoussef_fire-smoke-hardnegatives-int8/images/hard_neg_43.jpg
data/raw/hf_candidates/medyoussef_fire-smoke-hardnegatives-int8/images/hard_neg_1231.jpg,data/raw/hf_candidates/medyoussef_fire-smoke-hardnegatives-int8/images/hard_neg_43.jpg
data/raw/hf_candidates/medyoussef_fire-smoke-hardnegatives-int8/images/hard_neg_715.jpg,data/raw/hf_candidates/medyoussef_fire-smoke-hardnegatives-int8/images/hard_neg_43.jpg
data/raw/hf_candidates/medyoussef_fire-smoke-hardnegatives-int8/images/hard_neg_1219.jpg,data/raw/hf_candidates/medyoussef_fire-smoke-hardnegatives-int8/images/hard_neg_43.jpg
data/raw/hf_candidates/medyoussef_fire-smoke-hardnegatives-int8/images/hard_neg_729.jpg,data/raw/hf_candidates/medyoussef_fire-smoke-hardnegatives-int8/images/hard_neg_43.jpg
data/raw/hf_candidates/medyoussef_fire-smoke-hardnegatives-int8/images/hard_neg_926.jpg,data/raw/hf_candidates/medyoussef_fire-smoke-hardnegatives-int8/images/hard_neg_43.jpg
data/raw/hf_candidates/medyoussef_fire-smoke-hardnegatives-int8/images/hard_neg_932.jpg,data/raw/hf_candidates/medyoussef_fire-smoke-hardnegatives-int8/images/hard_neg_43.jpg
data/raw/hf_candidates/medyoussef_fire-smoke-hardnegatives-int8/images/hard_neg_1437.jpg,data/raw/hf_candidates/medyoussef_fire-smoke-hardnegatives-int8/images/hard_neg_43.jpg
data/raw/hf_candidates/medyoussef_fire-smoke-hardnegatives-int8/images/hard_neg_675.jpg,data/raw/hf_candidates/medyoussef_fire-smoke-hardnegatives-int8/images/hard_neg_43.jpg
data/raw/hf_candidates/medyoussef_fire-smoke-hardnegatives-int8/images/hard_neg_113.jpg,data/raw/hf_candidates/medyoussef_fire-smoke-hardnegatives-int8/images/hard_neg_43.jpg
data/raw/hf_candidates/medyoussef_fire-smoke-hardnegatives-int8/images/hard_neg_1351.jpg,data/raw/hf_candidates/medyoussef_fire-smoke-hardnegatives-int8/images/hard_neg_43.jpg
data/raw/hf_candidates/medyoussef_fire-smoke-hardnegatives-int8/images/hard_neg_1345.jpg,data/raw/hf_candidates/medyoussef_fire-smoke-hardnegatives-int8/images/hard_neg_43.jpg
data/raw/hf_candidates/medyoussef_fire-smoke-hardnegatives-int8/images/hard_neg_107.jpg,data/raw/hf_candidates/medyoussef_fire-smoke-hardnegatives-int8/images/hard_neg_43.jpg
data/raw/hf_candidates/medyoussef_fire-smoke-hardnegatives-int8/images/hard_neg_661.jpg,data/raw/hf_candidates/medyoussef_fire-smoke-hardnegatives-int8/images/hard_neg_43.jpg
data/raw/hf_candidates/medyoussef_fire-smoke-hardnegatives-int8/images/hard_neg_1423.jpg,data/raw/hf_candidates/medyoussef_fire-smoke-hardnegatives-int8/images/hard_neg_43.jpg
data/raw/hf_candidates/medyoussef_fire-smoke-hardnegatives-int8/images/hard_neg_649.jpg,data/raw/hf_candidates/medyoussef_fire-smoke-hardnegatives-int8/images/hard_neg_43.jpg
data/raw/hf_candidates/medyoussef_fire-smoke-hardnegatives-int8/images/hard_neg_891.jpg,data/raw/hf_candidates/medyoussef_fire-smoke-hardnegatives-int8/images/hard_neg_43.jpg
data/raw/hf_candidates/medyoussef_fire-smoke-hardnegatives-int8/images/hard_neg_1379.jpg,data/raw/hf_candidates/medyoussef_fire-smoke-hardnegatives-int8/images/hard_neg_43.jpg
data/raw/hf_candidates/medyoussef_fire-smoke-hardnegatives-int8/images/hard_neg_885.jpg,data/raw/hf_candidates/medyoussef_fire-smoke-hardnegatives-int8/images/hard_neg_43.jpg
data/raw/hf_candidates/medyoussef_fire-smoke-hardnegatives-int8/images/hard_neg_1392.jpg,data/raw/hf_candidates/medyoussef_fire-smoke-hardnegatives-int8/images/hard_neg_43.jpg
data/raw/hf_candidates/medyoussef_fire-smoke-hardnegatives-int8/images/hard_neg_1386.jpg,data/raw/hf_candidates/medyoussef_fire-smoke-hardnegatives-int8/images/hard_neg_43.jpg
data/raw/hf_candidates/medyoussef_fire-smoke-hardnegatives-int8/images/hard_neg_852.jpg,data/raw/hf_candidates/medyoussef_fire-smoke-hardnegatives-int8/images/hard_neg_43.jpg
data/raw/hf_candidates/medyoussef_fire-smoke-hardnegatives-int8/images/hard_neg_846.jpg,data/raw/hf_candidates/medyoussef_fire-smoke-hardnegatives-int8/images/hard_neg_43.jpg
data/raw/hf_candidates/medyoussef_fire-smoke-hardnegatives-int8/images/hard_neg_1153.jpg,data/raw/hf_candidates/medyoussef_fire-smoke-hardnegatives-int8/images/hard_neg_43.jpg
data/raw/hf_candidates/medyoussef_fire-smoke-hardnegatives-int8/images/hard_neg_311.jpg,data/raw/hf_candidates/medyoussef_fire-smoke-hardnegatives-int8/images/hard_neg_43.jpg
data/raw/hf_candidates/medyoussef_fire-smoke-hardnegatives-int8/images/hard_neg_477.jpg,data/raw/hf_candidates/medyoussef_fire-smoke-hardnegatives-int8/images/hard_neg_43.jpg
data/raw/hf_candidates/medyoussef_fire-smoke-hardnegatives-int8/images/hard_neg_463.jpg,data/raw/hf_candidates/medyoussef_fire-smoke-hardnegatives-int8/images/hard_neg_43.jpg
data/raw/hf_candidates/medyoussef_fire-smoke-hardnegatives-int8/images/hard_neg_305.jpg,data/raw/hf_candidates/medyoussef_fire-smoke-hardnegatives-int8/images/hard_neg_43.jpg
data/raw/hf_candidates/medyoussef_fire-smoke-hardnegatives-int8/images/hard_neg_1147.jpg,data/raw/hf_candidates/medyoussef_fire-smoke-hardnegatives-int8/images/hard_neg_43.jpg
data/raw/hf_candidates/medyoussef_fire-smoke-hardnegatives-int8/images/hard_neg_339.jpg,data/raw/hf_candidates/medyoussef_fire-smoke-hardnegatives-int8/images/hard_neg_43.jpg
data/raw/hf_candidates/medyoussef_fire-smoke-hardnegatives-int8/images/hard_neg_1190.jpg,data/raw/hf_candidates/medyoussef_fire-smoke-hardnegatives-int8/images/hard_neg_43.jpg
data/raw/hf_candidates/medyoussef_fire-smoke-hardnegatives-int8/images/hard_neg_1184.jpg,data/raw/hf_candidates/medyoussef_fire-smoke-hardnegatives-int8/images/hard_neg_43.jpg
data/raw/hf_candidates/medyoussef_fire-smoke-hardnegatives-int8/images/hard_neg_488.jpg,data/raw/hf_candidates/medyoussef_fire-smoke-hardnegatives-int8/images/hard_neg_43.jpg
data/raw/hf_candidates/medyoussef_fire-smoke-hardnegatives-int8/images/hard_neg_489.jpg,data/raw/hf_candidates/medyoussef_fire-smoke-hardnegatives-int8/images/hard_neg_43.jpg
data/raw/hf_candidates/medyoussef_fire-smoke-hardnegatives-int8/images/hard_neg_1185.jpg,data/raw/hf_candidates/medyoussef_fire-smoke-hardnegatives-int8/images/hard_neg_43.jpg
data/raw/hf_candidates/medyoussef_fire-smoke-hardnegatives-int8/images/hard_neg_1191.jpg,data/raw/hf_candidates/medyoussef_fire-smoke-hardnegatives-int8/images/hard_neg_43.jpg
data/raw/hf_candidates/medyoussef_fire-smoke-hardnegatives-int8/images/hard_neg_338.jpg,data/raw/hf_candidates/medyoussef_fire-smoke-hardnegatives-int8/images/hard_neg_43.jpg
data/raw/hf_candidates/medyoussef_fire-smoke-hardnegatives-int8/images/hard_neg_462.jpg,data/raw/hf_candidates/medyoussef_fire-smoke-hardnegatives-int8/images/hard_neg_43.jpg
data/raw/hf_candidates/medyoussef_fire-smoke-hardnegatives-int8/images/hard_neg_1146.jpg,data/raw/hf_candidates/medyoussef_fire-smoke-hardnegatives-int8/images/hard_neg_43.jpg
data/raw/hf_candidates/medyoussef_fire-smoke-hardnegatives-int8/images/hard_neg_304.jpg,data/raw/hf_candidates/medyoussef_fire-smoke-hardnegatives-int8/images/hard_neg_43.jpg
data/raw/hf_candidates/medyoussef_fire-smoke-hardnegatives-int8/images/hard_neg_310.jpg,data/raw/hf_candidates/medyoussef_fire-smoke-hardnegatives-int8/images/hard_neg_43.jpg
data/raw/hf_candidates/medyoussef_fire-smoke-hardnegatives-int8/images/hard_neg_1152.jpg,data/raw/hf_candidates/medyoussef_fire-smoke-hardnegatives-int8/images/hard_neg_43.jpg
data/raw/hf_candidates/medyoussef_fire-smoke-hardnegatives-int8/images/hard_neg_476.jpg,data/raw/hf_candidates/medyoussef_fire-smoke-hardnegatives-int8/images/hard_neg_43.jpg
data/raw/hf_candidates/medyoussef_fire-smoke-hardnegatives-int8/images/hard_neg_847.jpg,data/raw/hf_candidates/medyoussef_fire-smoke-hardnegatives-int8/images/hard_neg_43.jpg
data/raw/hf_candidates/medyoussef_fire-smoke-hardnegatives-int8/images/hard_neg_853.jpg,data/raw/hf_candidates/medyoussef_fire-smoke-hardnegatives-int8/images/hard_neg_43.jpg
data/raw/hf_candidates/medyoussef_fire-smoke-hardnegatives-int8/images/hard_neg_1387.jpg,data/raw/hf_candidates/medyoussef_fire-smoke-hardnegatives-int8/images/hard_neg_43.jpg
data/raw/hf_candidates/medyoussef_fire-smoke-hardnegatives-int8/images/hard_neg_1393.jpg,data/raw/hf_candidates/medyoussef_fire-smoke-hardnegatives-int8/images/hard_neg_43.jpg
data/raw/hf_candidates/medyoussef_fire-smoke-hardnegatives-int8/images/hard_neg_1378.jpg,data/raw/hf_candidates/medyoussef_fire-smoke-hardnegatives-int8/images/hard_neg_43.jpg
data/raw/hf_candidates/medyoussef_fire-smoke-hardnegatives-int8/images/hard_neg_884.jpg,data/raw/hf_candidates/medyoussef_fire-smoke-hardnegatives-int8/images/hard_neg_43.jpg
data/raw/hf_candidates/medyoussef_fire-smoke-hardnegatives-int8/images/hard_neg_890.jpg,data/raw/hf_candidates/medyoussef_fire-smoke-hardnegatives-int8/images/hard_neg_43.jpg
data/raw/hf_candidates/medyoussef_fire-smoke-hardnegatives-int8/images/hard_neg_648.jpg,data/raw/hf_candidates/medyoussef_fire-smoke-hardnegatives-int8/images/hard_neg_43.jpg
data/raw/hf_candidates/medyoussef_fire-smoke-hardnegatives-int8/images/hard_neg_106.jpg,data/raw/hf_candidates/medyoussef_fire-smoke-hardnegatives-int8/images/hard_neg_43.jpg
data/raw/hf_candidates/medyoussef_fire-smoke-hardnegatives-int8/images/hard_neg_1344.jpg,data/raw/hf_candidates/medyoussef_fire-smoke-hardnegatives-int8/images/hard_neg_43.jpg
data/raw/hf_candidates/medyoussef_fire-smoke-hardnegatives-int8/images/hard_neg_1422.jpg,data/raw/hf_candidates/medyoussef_fire-smoke-hardnegatives-int8/images/hard_neg_43.jpg
data/raw/hf_candidates/medyoussef_fire-smoke-hardnegatives-int8/images/hard_neg_660.jpg,data/raw/hf_candidates/medyoussef_fire-smoke-hardnegatives-int8/images/hard_neg_43.jpg
data/raw/hf_candidates/medyoussef_fire-smoke-hardnegatives-int8/images/hard_neg_674.jpg,data/raw/hf_candidates/medyoussef_fire-smoke-hardnegatives-int8/images/hard_neg_43.jpg
data/raw/hf_candidates/medyoussef_fire-smoke-hardnegatives-int8/images/hard_neg_1436.jpg,data/raw/hf_candidates/medyoussef_fire-smoke-hardnegatives-int8/images/hard_neg_43.jpg
data/raw/hf_candidates/medyoussef_fire-smoke-hardnegatives-int8/images/hard_neg_1350.jpg,data/raw/hf_candidates/medyoussef_fire-smoke-hardnegatives-int8/images/hard_neg_43.jpg
data/raw/hf_candidates/medyoussef_fire-smoke-hardnegatives-int8/images/hard_neg_112.jpg,data/raw/hf_candidates/medyoussef_fire-smoke-hardnegatives-int8/images/hard_neg_43.jpg
data/raw/hf_candidates/medyoussef_fire-smoke-hardnegatives-int8/images/hard_neg_933.jpg,data/raw/hf_candidates/medyoussef_fire-smoke-hardnegatives-int8/images/hard_neg_43.jpg
data/raw/hf_candidates/medyoussef_fire-smoke-hardnegatives-int8/images/hard_neg_927.jpg,data/raw/hf_candidates/medyoussef_fire-smoke-hardnegatives-int8/images/hard_neg_43.jpg
data/raw/hf_candidates/medyoussef_fire-smoke-hardnegatives-int8/images/hard_neg_728.jpg,data/raw/hf_candidates/medyoussef_fire-smoke-hardnegatives-int8/images/hard_neg_43.jpg
data/raw/hf_candidates/medyoussef_fire-smoke-hardnegatives-int8/images/hard_neg_1218.jpg,data/raw/hf_candidates/medyoussef_fire-smoke-hardnegatives-int8/images/hard_neg_43.jpg
data/raw/hf_candidates/medyoussef_fire-smoke-hardnegatives-int8/images/hard_neg_1230.jpg,data/raw/hf_candidates/medyoussef_fire-smoke-hardnegatives-int8/images/hard_neg_43.jpg
data/raw/hf_candidates/medyoussef_fire-smoke-hardnegatives-int8/images/hard_neg_714.jpg,data/raw/hf_candidates/medyoussef_fire-smoke-hardnegatives-int8/images/hard_neg_43.jpg
data/raw/hf_candidates/medyoussef_fire-smoke-hardnegatives-int8/images/hard_neg_700.jpg,data/raw/hf_candidates/medyoussef_fire-smoke-hardnegatives-int8/images/hard_neg_43.jpg
data/raw/hf_candidates/medyoussef_fire-smoke-hardnegatives-int8/images/hard_neg_1224.jpg,data/raw/hf_candidates/medyoussef_fire-smoke-hardnegatives-int8/images/hard_neg_43.jpg
data/raw/hf_candidates/medyoussef_fire-smoke-hardnegatives-int8/images/hard_neg_90.jpg,data/raw/hf_candidates/medyoussef_fire-smoke-hardnegatives-int8/images/hard_neg_43.jpg
data/raw/hf_candidates/medyoussef_fire-smoke-hardnegatives-int8/images/hard_neg_84.jpg,data/raw/hf_candidates/medyoussef_fire-smoke-hardnegatives-int8/images/hard_neg_43.jpg
data/raw/hf_candidates/medyoussef_fire-smoke-hardnegatives-int8/images/hard_neg_53.jpg,data/raw/hf_candidates/medyoussef_fire-smoke-hardnegatives-int8/images/hard_neg_43.jpg
data/raw/hf_candidates/medyoussef_fire-smoke-hardnegatives-int8/images/hard_neg_258.jpg,data/raw/hf_candidates/medyoussef_fire-smoke-hardnegatives-int8/images/hard_neg_43.jpg
data/raw/hf_candidates/medyoussef_fire-smoke-hardnegatives-int8/images/hard_neg_47.jpg,data/raw/hf_candidates/medyoussef_fire-smoke-hardnegatives-int8/images/hard_neg_43.jpg
data/raw/hf_candidates/medyoussef_fire-smoke-hardnegatives-int8/images/hard_neg_516.jpg,data/raw/hf_candidates/medyoussef_fire-smoke-hardnegatives-int8/images/hard_neg_43.jpg
data/raw/hf_candidates/medyoussef_fire-smoke-hardnegatives-int8/images/hard_neg_1032.jpg,data/raw/hf_candidates/medyoussef_fire-smoke-hardnegatives-int8/images/hard_neg_43.jpg
data/raw/hf_candidates/medyoussef_fire-smoke-hardnegatives-int8/images/hard_neg_270.jpg,data/raw/hf_candidates/medyoussef_fire-smoke-hardnegatives-int8/images/hard_neg_43.jpg
data/raw/hf_candidates/medyoussef_fire-smoke-hardnegatives-int8/images/hard_neg_264.jpg,data/raw/hf_candidates/medyoussef_fire-smoke-hardnegatives-int8/images/hard_neg_43.jpg
data/raw/hf_candidates/medyoussef_fire-smoke-hardnegatives-int8/images/hard_neg_1026.jpg,data/raw/hf_candidates/medyoussef_fire-smoke-hardnegatives-int8/images/hard_neg_43.jpg
data/raw/hf_candidates/medyoussef_fire-smoke-hardnegatives-int8/images/hard_neg_502.jpg,data/raw/hf_candidates/medyoussef_fire-smoke-hardnegatives-int8/images/hard_neg_43.jpg
data/raw/hf_candidates/medyoussef_fire-smoke-hardnegatives-int8/images/hard_neg_559.jpg,data/raw/hf_candidates/medyoussef_fire-smoke-hardnegatives-int8/images/hard_neg_43.jpg
data/raw/hf_candidates/medyoussef_fire-smoke-hardnegatives-int8/images/hard_neg_20.jpg,data/raw/hf_candidates/medyoussef_fire-smoke-hardnegatives-int8/images/hard_neg_43.jpg
data/raw/hf_candidates/medyoussef_fire-smoke-hardnegatives-int8/images/hard_neg_34.jpg,data/raw/hf_candidates/medyoussef_fire-smoke-hardnegatives-int8/images/hard_neg_43.jpg
data/raw/hf_candidates/medyoussef_fire-smoke-hardnegatives-int8/images/hard_neg_1069.jpg,data/raw/hf_candidates/medyoussef_fire-smoke-hardnegatives-int8/images/hard_neg_43.jpg
data/raw/hf_candidates/medyoussef_fire-smoke-hardnegatives-int8/images/hard_neg_203.jpg,data/raw/hf_candidates/medyoussef_fire-smoke-hardnegatives-int8/images/hard_neg_43.jpg
data/raw/hf_candidates/medyoussef_fire-smoke-hardnegatives-int8/images/hard_neg_1041.jpg,data/raw/hf_candidates/medyoussef_fire-smoke-hardnegatives-int8/images/hard_neg_43.jpg
data/raw/hf_candidates/medyoussef_fire-smoke-hardnegatives-int8/images/hard_neg_565.jpg,data/raw/hf_candidates/medyoussef_fire-smoke-hardnegatives-int8/images/hard_neg_43.jpg
data/raw/hf_candidates/medyoussef_fire-smoke-hardnegatives-int8/images/hard_neg_571.jpg,data/raw/hf_candidates/medyoussef_fire-smoke-hardnegatives-int8/images/hard_neg_43.jpg
data/raw/hf_candidates/medyoussef_fire-smoke-hardnegatives-int8/images/hard_neg_1055.jpg,data/raw/hf_candidates/medyoussef_fire-smoke-hardnegatives-int8/images/hard_neg_43.jpg
data/raw/hf_candidates/medyoussef_fire-smoke-hardnegatives-int8/images/hard_neg_217.jpg,data/raw/hf_candidates/medyoussef_fire-smoke-hardnegatives-int8/images/hard_neg_43.jpg
data/raw/hf_candidates/medyoussef_fire-smoke-hardnegatives-int8/images/hard_neg_1082.jpg,data/raw/hf_candidates/medyoussef_fire-smoke-hardnegatives-int8/images/hard_neg_43.jpg
data/raw/hf_candidates/medyoussef_fire-smoke-hardnegatives-int8/images/hard_neg_1096.jpg,data/raw/hf_candidates/medyoussef_fire-smoke-hardnegatives-int8/images/hard_neg_43.jpg
data/raw/hf_candidates/medyoussef_fire-smoke-hardnegatives-int8/images/hard_neg_983.jpg,data/raw/hf_candidates/medyoussef_fire-smoke-hardnegatives-int8/images/hard_neg_43.jpg
data/raw/hf_candidates/medyoussef_fire-smoke-hardnegatives-int8/images/hard_neg_997.jpg,data/raw/hf_candidates/medyoussef_fire-smoke-hardnegatives-int8/images/hard_neg_43.jpg
data/raw/hf_candidates/medyoussef_fire-smoke-hardnegatives-int8/images/hard_neg_767.jpg,data/raw/hf_candidates/medyoussef_fire-smoke-hardnegatives-int8/images/hard_neg_43.jpg
data/raw/hf_candidates/medyoussef_fire-smoke-hardnegatives-int8/images/hard_neg_1243.jpg,data/raw/hf_candidates/medyoussef_fire-smoke-hardnegatives-int8/images/hard_neg_43.jpg
data/raw/hf_candidates/medyoussef_fire-smoke-hardnegatives-int8/images/hard_neg_1257.jpg,data/raw/hf_candidates/medyoussef_fire-smoke-hardnegatives-int8/images/hard_neg_43.jpg
data/raw/hf_candidates/medyoussef_fire-smoke-hardnegatives-int8/images/hard_neg_773.jpg,data/raw/hf_candidates/medyoussef_fire-smoke-hardnegatives-int8/images/hard_neg_43.jpg
data/raw/hf_candidates/medyoussef_fire-smoke-hardnegatives-int8/images/hard_neg_798.jpg,data/raw/hf_candidates/medyoussef_fire-smoke-hardnegatives-int8/images/hard_neg_43.jpg
data/raw/hf_candidates/medyoussef_fire-smoke-hardnegatives-int8/images/hard_neg_940.jpg,data/raw/hf_candidates/medyoussef_fire-smoke-hardnegatives-int8/images/hard_neg_43.jpg
data/raw/hf_candidates/medyoussef_fire-smoke-hardnegatives-int8/images/hard_neg_954.jpg,data/raw/hf_candidates/medyoussef_fire-smoke-hardnegatives-int8/images/hard_neg_43.jpg
data/raw/hf_candidates/medyoussef_fire-smoke-hardnegatives-int8/images/hard_neg_1280.jpg,data/raw/hf_candidates/medyoussef_fire-smoke-hardnegatives-int8/images/hard_neg_43.jpg
data/raw/hf_candidates/medyoussef_fire-smoke-hardnegatives-int8/images/hard_neg_1294.jpg,data/raw/hf_candidates/medyoussef_fire-smoke-hardnegatives-int8/images/hard_neg_43.jpg
data/raw/hf_candidates/medyoussef_fire-smoke-hardnegatives-int8/images/hard_neg_968.jpg,data/raw/hf_candidates/medyoussef_fire-smoke-hardnegatives-int8/images/hard_neg_43.jpg
data/raw/hf_candidates/medyoussef_fire-smoke-hardnegatives-int8/images/hard_neg_149.jpg,data/raw/hf_candidates/medyoussef_fire-smoke-hardnegatives-int8/images/hard_neg_43.jpg
data/raw/hf_candidates/medyoussef_fire-smoke-hardnegatives-int8/images/hard_neg_1479.jpg,data/raw/hf_candidates/medyoussef_fire-smoke-hardnegatives-int8/images/hard_neg_43.jpg
data/raw/hf_candidates/medyoussef_fire-smoke-hardnegatives-int8/images/hard_neg_613.jpg,data/raw/hf_candidates/medyoussef_fire-smoke-hardnegatives-int8/images/hard_neg_43.jpg
data/raw/hf_candidates/medyoussef_fire-smoke-hardnegatives-int8/images/hard_neg_1451.jpg,data/raw/hf_candidates/medyoussef_fire-smoke-hardnegatives-int8/images/hard_neg_43.jpg
data/raw/hf_candidates/medyoussef_fire-smoke-hardnegatives-int8/images/hard_neg_1337.jpg,data/raw/hf_candidates/medyoussef_fire-smoke-hardnegatives-int8/images/hard_neg_43.jpg
data/raw/hf_candidates/medyoussef_fire-smoke-hardnegatives-int8/images/hard_neg_175.jpg,data/raw/hf_candidates/medyoussef_fire-smoke-hardnegatives-int8/images/hard_neg_43.jpg
data/raw/hf_candidates/medyoussef_fire-smoke-hardnegatives-int8/images/hard_neg_161.jpg,data/raw/hf_candidates/medyoussef_fire-smoke-hardnegatives-int8/images/hard_neg_43.jpg
data/raw/hf_candidates/medyoussef_fire-smoke-hardnegatives-int8/images/hard_neg_1323.jpg,data/raw/hf_candidates/medyoussef_fire-smoke-hardnegatives-int8/images/hard_neg_43.jpg
data/raw/hf_candidates/medyoussef_fire-smoke-hardnegatives-int8/images/hard_neg_1445.jpg,data/raw/hf_candidates/medyoussef_fire-smoke-hardnegatives-int8/images/hard_neg_43.jpg
data/raw/hf_candidates/medyoussef_fire-smoke-hardnegatives-int8/images/hard_neg_607.jpg,data/raw/hf_candidates/medyoussef_fire-smoke-hardnegatives-int8/images/hard_neg_43.jpg
data/raw/hf_candidates/medyoussef_fire-smoke-hardnegatives-int8/images/hard_neg_834.jpg,data/raw/hf_candidates/medyoussef_fire-smoke-hardnegatives-int8/images/hard_neg_43.jpg
data/raw/hf_candidates/medyoussef_fire-smoke-hardnegatives-int8/images/hard_neg_820.jpg,data/raw/hf_candidates/medyoussef_fire-smoke-hardnegatives-int8/images/hard_neg_43.jpg
data/raw/hf_candidates/medyoussef_fire-smoke-hardnegatives-int8/images/hard_neg_1492.jpg,data/raw/hf_candidates/medyoussef_fire-smoke-hardnegatives-int8/images/hard_neg_43.jpg
data/raw/hf_candidates/medyoussef_fire-smoke-hardnegatives-int8/images/hard_neg_808.jpg,data/raw/hf_candidates/medyoussef_fire-smoke-hardnegatives-int8/images/hard_neg_43.jpg
data/raw/hf_candidates/medyoussef_fire-smoke-hardnegatives-int8/images/hard_neg_1486.jpg,data/raw/hf_candidates/medyoussef_fire-smoke-hardnegatives-int8/images/hard_neg_43.jpg
data/raw/hf_candidates/medyoussef_fire-smoke-hardnegatives-int8/images/hard_neg_1109.jpg,data/raw/hf_candidates/medyoussef_fire-smoke-hardnegatives-int8/images/hard_neg_43.jpg
data/raw/hf_candidates/medyoussef_fire-smoke-hardnegatives-int8/images/hard_neg_439.jpg,data/raw/hf_candidates/medyoussef_fire-smoke-hardnegatives-int8/images/hard_neg_43.jpg
data/raw/hf_candidates/medyoussef_fire-smoke-hardnegatives-int8/images/hard_neg_377.jpg,data/raw/hf_candidates/medyoussef_fire-smoke-hardnegatives-int8/images/hard_neg_43.jpg
data/raw/hf_candidates/medyoussef_fire-smoke-hardnegatives-int8/images/hard_neg_1135.jpg,data/raw/hf_candidates/medyoussef_fire-smoke-hardnegatives-int8/images/hard_neg_43.jpg
data/raw/hf_candidates/medyoussef_fire-smoke-hardnegatives-int8/images/hard_neg_411.jpg,data/raw/hf_candidates/medyoussef_fire-smoke-hardnegatives-int8/images/hard_neg_43.jpg
data/raw/hf_candidates/medyoussef_fire-smoke-hardnegatives-int8/images/hard_neg_405.jpg,data/raw/hf_candidates/medyoussef_fire-smoke-hardnegatives-int8/images/hard_neg_43.jpg
data/raw/hf_candidates/medyoussef_fire-smoke-hardnegatives-int8/images/hard_neg_1121.jpg,data/raw/hf_candidates/medyoussef_fire-smoke-hardnegatives-int8/images/hard_neg_43.jpg
data/raw/hf_candidates/medyoussef_fire-smoke-hardnegatives-int8/images/hard_neg_6.jpg,data/raw/hf_candidates/medyoussef_fire-smoke-hardnegatives-int8/images/hard_neg_43.jpg
data/raw/hf_candidates/medyoussef_fire-smoke-hardnegatives-int8/images/hard_neg_363.jpg,data/raw/hf_candidates/medyoussef_fire-smoke-hardnegatives-int8/images/hard_neg_43.jpg
data/raw/hf_candidates/medyoussef_fire-smoke-hardnegatives-int8/images/hard_neg_388.jpg,data/raw/hf_candidates/medyoussef_fire-smoke-hardnegatives-int8/images/hard_neg_43.jpg
data/raw/hf_candidates/medyoussef_fire-smoke-hardnegatives-int8/images/hard_neg_389.jpg,data/raw/hf_candidates/medyoussef_fire-smoke-hardnegatives-int8/images/hard_neg_43.jpg
data/raw/hf_candidates/medyoussef_fire-smoke-hardnegatives-int8/images/hard_neg_404.jpg,data/raw/hf_candidates/medyoussef_fire-smoke-hardnegatives-int8/images/hard_neg_43.jpg
data/raw/hf_candidates/medyoussef_fire-smoke-hardnegatives-int8/images/hard_neg_362.jpg,data/raw/hf_candidates/medyoussef_fire-smoke-hardnegatives-int8/images/hard_neg_43.jpg
data/raw/hf_candidates/medyoussef_fire-smoke-hardnegatives-int8/images/hard_neg_7.jpg,data/raw/hf_candidates/medyoussef_fire-smoke-hardnegatives-int8/images/hard_neg_43.jpg
data/raw/hf_candidates/medyoussef_fire-smoke-hardnegatives-int8/images/hard_neg_1120.jpg,data/raw/hf_candidates/medyoussef_fire-smoke-hardnegatives-int8/images/hard_neg_43.jpg
data/raw/hf_candidates/medyoussef_fire-smoke-hardnegatives-int8/images/hard_neg_1134.jpg,data/raw/hf_candidates/medyoussef_fire-smoke-hardnegatives-int8/images/hard_neg_43.jpg
data/raw/hf_candidates/medyoussef_fire-smoke-hardnegatives-int8/images/hard_neg_376.jpg,data/raw/hf_candidates/medyoussef_fire-smoke-hardnegatives-int8/images/hard_neg_43.jpg
data/raw/hf_candidates/medyoussef_fire-smoke-hardnegatives-int8/images/hard_neg_410.jpg,data/raw/hf_candidates/medyoussef_fire-smoke-hardnegatives-int8/images/hard_neg_43.jpg
data/raw/hf_candidates/medyoussef_fire-smoke-hardnegatives-int8/images/hard_neg_438.jpg,data/raw/hf_candidates/medyoussef_fire-smoke-hardnegatives-int8/images/hard_neg_43.jpg
data/raw/hf_candidates/medyoussef_fire-smoke-hardnegatives-int8/images/hard_neg_1108.jpg,data/raw/hf_candidates/medyoussef_fire-smoke-hardnegatives-int8/images/hard_neg_43.jpg
data/raw/hf_candidates/medyoussef_fire-smoke-hardnegatives-int8/images/hard_neg_1487.jpg,data/raw/hf_candidates/medyoussef_fire-smoke-hardnegatives-int8/images/hard_neg_43.jpg
data/raw/hf_candidates/medyoussef_fire-smoke-hardnegatives-int8/images/hard_neg_809.jpg,data/raw/hf_candidates/medyoussef_fire-smoke-hardnegatives-int8/images/hard_neg_43.jpg
data/raw/hf_candidates/medyoussef_fire-smoke-hardnegatives-int8/images/hard_neg_1493.jpg,data/raw/hf_candidates/medyoussef_fire-smoke-hardnegatives-int8/images/hard_neg_43.jpg
data/raw/hf_candidates/medyoussef_fire-smoke-hardnegatives-int8/images/hard_neg_821.jpg,data/raw/hf_candidates/medyoussef_fire-smoke-hardnegatives-int8/images/hard_neg_43.jpg
data/raw/hf_candidates/medyoussef_fire-smoke-hardnegatives-int8/images/hard_neg_835.jpg,data/raw/hf_candidates/medyoussef_fire-smoke-hardnegatives-int8/images/hard_neg_43.jpg
data/raw/hf_candidates/medyoussef_fire-smoke-hardnegatives-int8/images/hard_neg_1322.jpg,data/raw/hf_candidates/medyoussef_fire-smoke-hardnegatives-int8/images/hard_neg_43.jpg
data/raw/hf_candidates/medyoussef_fire-smoke-hardnegatives-int8/images/hard_neg_160.jpg,data/raw/hf_candidates/medyoussef_fire-smoke-hardnegatives-int8/images/hard_neg_43.jpg
data/raw/hf_candidates/medyoussef_fire-smoke-hardnegatives-int8/images/hard_neg_606.jpg,data/raw/hf_candidates/medyoussef_fire-smoke-hardnegatives-int8/images/hard_neg_43.jpg
data/raw/hf_candidates/medyoussef_fire-smoke-hardnegatives-int8/images/hard_neg_1444.jpg,data/raw/hf_candidates/medyoussef_fire-smoke-hardnegatives-int8/images/hard_neg_43.jpg
data/raw/hf_candidates/medyoussef_fire-smoke-hardnegatives-int8/images/hard_neg_1450.jpg,data/raw/hf_candidates/medyoussef_fire-smoke-hardnegatives-int8/images/hard_neg_43.jpg
data/raw/hf_candidates/medyoussef_fire-smoke-hardnegatives-int8/images/hard_neg_612.jpg,data/raw/hf_candidates/medyoussef_fire-smoke-hardnegatives-int8/images/hard_neg_43.jpg
data/raw/hf_candidates/medyoussef_fire-smoke-hardnegatives-int8/images/hard_neg_174.jpg,data/raw/hf_candidates/medyoussef_fire-smoke-hardnegatives-int8/images/hard_neg_43.jpg
data/raw/hf_candidates/medyoussef_fire-smoke-hardnegatives-int8/images/hard_neg_1336.jpg,data/raw/hf_candidates/medyoussef_fire-smoke-hardnegatives-int8/images/hard_neg_43.jpg
data/raw/hf_candidates/medyoussef_fire-smoke-hardnegatives-int8/images/hard_neg_1478.jpg,data/raw/hf_candidates/medyoussef_fire-smoke-hardnegatives-int8/images/hard_neg_43.jpg
data/raw/hf_candidates/medyoussef_fire-smoke-hardnegatives-int8/images/hard_neg_148.jpg,data/raw/hf_candidates/medyoussef_fire-smoke-hardnegatives-int8/images/hard_neg_43.jpg
data/raw/hf_candidates/medyoussef_fire-smoke-hardnegatives-int8/images/hard_neg_1295.jpg,data/raw/hf_candidates/medyoussef_fire-smoke-hardnegatives-int8/images/hard_neg_43.jpg
data/raw/hf_candidates/medyoussef_fire-smoke-hardnegatives-int8/images/hard_neg_969.jpg,data/raw/hf_candidates/medyoussef_fire-smoke-hardnegatives-int8/images/hard_neg_43.jpg
data/raw/hf_candidates/medyoussef_fire-smoke-hardnegatives-int8/images/hard_neg_1281.jpg,data/raw/hf_candidates/medyoussef_fire-smoke-hardnegatives-int8/images/hard_neg_43.jpg
data/raw/hf_candidates/medyoussef_fire-smoke-hardnegatives-int8/images/hard_neg_955.jpg,data/raw/hf_candidates/medyoussef_fire-smoke-hardnegatives-int8/images/hard_neg_43.jpg
data/raw/hf_candidates/medyoussef_fire-smoke-hardnegatives-int8/images/hard_neg_941.jpg,data/raw/hf_candidates/medyoussef_fire-smoke-hardnegatives-int8/images/hard_neg_43.jpg
data/raw/hf_candidates/medyoussef_fire-smoke-hardnegatives-int8/images/hard_neg_799.jpg,data/raw/hf_candidates/medyoussef_fire-smoke-hardnegatives-int8/images/hard_neg_43.jpg
data/raw/hf_candidates/medyoussef_fire-smoke-hardnegatives-int8/images/hard_neg_1256.jpg,data/raw/hf_candidates/medyoussef_fire-smoke-hardnegatives-int8/images/hard_neg_43.jpg
data/raw/hf_candidates/medyoussef_fire-smoke-hardnegatives-int8/images/hard_neg_772.jpg,data/raw/hf_candidates/medyoussef_fire-smoke-hardnegatives-int8/images/hard_neg_43.jpg
data/raw/hf_candidates/medyoussef_fire-smoke-hardnegatives-int8/images/hard_neg_766.jpg,data/raw/hf_candidates/medyoussef_fire-smoke-hardnegatives-int8/images/hard_neg_43.jpg
data/raw/hf_candidates/medyoussef_fire-smoke-hardnegatives-int8/images/hard_neg_1242.jpg,data/raw/hf_candidates/medyoussef_fire-smoke-hardnegatives-int8/images/hard_neg_43.jpg
data/raw/hf_candidates/medyoussef_fire-smoke-hardnegatives-int8/images/hard_neg_996.jpg,data/raw/hf_candidates/medyoussef_fire-smoke-hardnegatives-int8/images/hard_neg_43.jpg
data/raw/hf_candidates/medyoussef_fire-smoke-hardnegatives-int8/images/hard_neg_982.jpg,data/raw/hf_candidates/medyoussef_fire-smoke-hardnegatives-int8/images/hard_neg_43.jpg
data/raw/hf_candidates/medyoussef_fire-smoke-hardnegatives-int8/images/hard_neg_1097.jpg,data/raw/hf_candidates/medyoussef_fire-smoke-hardnegatives-int8/images/hard_neg_43.jpg
data/raw/hf_candidates/medyoussef_fire-smoke-hardnegatives-int8/images/hard_neg_1083.jpg,data/raw/hf_candidates/medyoussef_fire-smoke-hardnegatives-int8/images/hard_neg_43.jpg
data/raw/hf_candidates/medyoussef_fire-smoke-hardnegatives-int8/images/hard_neg_570.jpg,data/raw/hf_candidates/medyoussef_fire-smoke-hardnegatives-int8/images/hard_neg_43.jpg
data/raw/hf_candidates/medyoussef_fire-smoke-hardnegatives-int8/images/hard_neg_216.jpg,data/raw/hf_candidates/medyoussef_fire-smoke-hardnegatives-int8/images/hard_neg_43.jpg
data/raw/hf_candidates/medyoussef_fire-smoke-hardnegatives-int8/images/hard_neg_1054.jpg,data/raw/hf_candidates/medyoussef_fire-smoke-hardnegatives-int8/images/hard_neg_43.jpg
data/raw/hf_candidates/medyoussef_fire-smoke-hardnegatives-int8/images/hard_neg_1040.jpg,data/raw/hf_candidates/medyoussef_fire-smoke-hardnegatives-int8/images/hard_neg_43.jpg
data/raw/hf_candidates/medyoussef_fire-smoke-hardnegatives-int8/images/hard_neg_202.jpg,data/raw/hf_candidates/medyoussef_fire-smoke-hardnegatives-int8/images/hard_neg_43.jpg
data/raw/hf_candidates/medyoussef_fire-smoke-hardnegatives-int8/images/hard_neg_564.jpg,data/raw/hf_candidates/medyoussef_fire-smoke-hardnegatives-int8/images/hard_neg_43.jpg
data/raw/hf_candidates/medyoussef_fire-smoke-hardnegatives-int8/images/hard_neg_35.jpg,data/raw/hf_candidates/medyoussef_fire-smoke-hardnegatives-int8/images/hard_neg_43.jpg
data/raw/hf_candidates/medyoussef_fire-smoke-hardnegatives-int8/images/hard_neg_1068.jpg,data/raw/hf_candidates/medyoussef_fire-smoke-hardnegatives-int8/images/hard_neg_43.jpg
data/raw/hf_candidates/medyoussef_fire-smoke-hardnegatives-int8/images/hard_neg_21.jpg,data/raw/hf_candidates/medyoussef_fire-smoke-hardnegatives-int8/images/hard_neg_43.jpg
data/raw/hf_candidates/medyoussef_fire-smoke-hardnegatives-int8/images/hard_neg_558.jpg,data/raw/hf_candidates/medyoussef_fire-smoke-hardnegatives-int8/images/hard_neg_43.jpg
data/raw/hf_candidates/medyoussef_fire-smoke-hardnegatives-int8/images/hard_neg_228.jpg,data/raw/hf_candidates/medyoussef_fire-smoke-hardnegatives-int8/images/hard_neg_43.jpg
data/raw/hf_candidates/medyoussef_fire-smoke-hardnegatives-int8/images/hard_neg_37.jpg,data/raw/hf_candidates/medyoussef_fire-smoke-hardnegatives-int8/images/hard_neg_43.jpg
data/raw/hf_candidates/medyoussef_fire-smoke-hardnegatives-int8/images/hard_neg_23.jpg,data/raw/hf_candidates/medyoussef_fire-smoke-hardnegatives-int8/images/hard_neg_43.jpg
data/raw/hf_candidates/medyoussef_fire-smoke-hardnegatives-int8/images/hard_neg_1056.jpg,data/raw/hf_candidates/medyoussef_fire-smoke-hardnegatives-int8/images/hard_neg_43.jpg
data/raw/hf_candidates/medyoussef_fire-smoke-hardnegatives-int8/images/hard_neg_214.jpg,data/raw/hf_candidates/medyoussef_fire-smoke-hardnegatives-int8/images/hard_neg_43.jpg
data/raw/hf_candidates/medyoussef_fire-smoke-hardnegatives-int8/images/hard_neg_572.jpg,data/raw/hf_candidates/medyoussef_fire-smoke-hardnegatives-int8/images/hard_neg_43.jpg
data/raw/hf_candidates/medyoussef_fire-smoke-hardnegatives-int8/images/hard_neg_566.jpg,data/raw/hf_candidates/medyoussef_fire-smoke-hardnegatives-int8/images/hard_neg_43.jpg
data/raw/hf_candidates/medyoussef_fire-smoke-hardnegatives-int8/images/hard_neg_200.jpg,data/raw/hf_candidates/medyoussef_fire-smoke-hardnegatives-int8/images/hard_neg_43.jpg
data/raw/hf_candidates/medyoussef_fire-smoke-hardnegatives-int8/images/hard_neg_1042.jpg,data/raw/hf_candidates/medyoussef_fire-smoke-hardnegatives-int8/images/hard_neg_43.jpg
data/raw/hf_candidates/medyoussef_fire-smoke-hardnegatives-int8/images/hard_neg_599.jpg,data/raw/hf_candidates/medyoussef_fire-smoke-hardnegatives-int8/images/hard_neg_43.jpg
data/raw/hf_candidates/medyoussef_fire-smoke-hardnegatives-int8/images/hard_neg_1095.jpg,data/raw/hf_candidates/medyoussef_fire-smoke-hardnegatives-int8/images/hard_neg_43.jpg
data/raw/hf_candidates/medyoussef_fire-smoke-hardnegatives-int8/images/hard_neg_1081.jpg,data/raw/hf_candidates/medyoussef_fire-smoke-hardnegatives-int8/images/hard_neg_43.jpg
data/raw/hf_candidates/medyoussef_fire-smoke-hardnegatives-int8/images/hard_neg_994.jpg,data/raw/hf_candidates/medyoussef_fire-smoke-hardnegatives-int8/images/hard_neg_43.jpg
data/raw/hf_candidates/medyoussef_fire-smoke-hardnegatives-int8/images/hard_neg_1268.jpg,data/raw/hf_candidates/medyoussef_fire-smoke-hardnegatives-int8/images/hard_neg_43.jpg
data/raw/hf_candidates/medyoussef_fire-smoke-hardnegatives-int8/images/hard_neg_980.jpg,data/raw/hf_candidates/medyoussef_fire-smoke-hardnegatives-int8/images/hard_neg_43.jpg
data/raw/hf_candidates/medyoussef_fire-smoke-hardnegatives-int8/images/hard_neg_758.jpg,data/raw/hf_candidates/medyoussef_fire-smoke-hardnegatives-int8/images/hard_neg_43.jpg
data/raw/hf_candidates/medyoussef_fire-smoke-hardnegatives-int8/images/hard_neg_770.jpg,data/raw/hf_candidates/medyoussef_fire-smoke-hardnegatives-int8/images/hard_neg_43.jpg
data/raw/hf_candidates/medyoussef_fire-smoke-hardnegatives-int8/images/hard_neg_1254.jpg,data/raw/hf_candidates/medyoussef_fire-smoke-hardnegatives-int8/images/hard_neg_43.jpg
data/raw/hf_candidates/medyoussef_fire-smoke-hardnegatives-int8/images/hard_neg_1240.jpg,data/raw/hf_candidates/medyoussef_fire-smoke-hardnegatives-int8/images/hard_neg_43.jpg
data/raw/hf_candidates/medyoussef_fire-smoke-hardnegatives-int8/images/hard_neg_764.jpg,data/raw/hf_candidates/medyoussef_fire-smoke-hardnegatives-int8/images/hard_neg_43.jpg
data/raw/hf_candidates/medyoussef_fire-smoke-hardnegatives-int8/images/hard_neg_957.jpg,data/raw/hf_candidates/medyoussef_fire-smoke-hardnegatives-int8/images/hard_neg_43.jpg
data/raw/hf_candidates/medyoussef_fire-smoke-hardnegatives-int8/images/hard_neg_943.jpg,data/raw/hf_candidates/medyoussef_fire-smoke-hardnegatives-int8/images/hard_neg_43.jpg
data/raw/hf_candidates/medyoussef_fire-smoke-hardnegatives-int8/images/hard_neg_1297.jpg,data/raw/hf_candidates/medyoussef_fire-smoke-hardnegatives-int8/images/hard_neg_43.jpg
data/raw/hf_candidates/medyoussef_fire-smoke-hardnegatives-int8/images/hard_neg_1283.jpg,data/raw/hf_candidates/medyoussef_fire-smoke-hardnegatives-int8/images/hard_neg_43.jpg
data/raw/hf_candidates/medyoussef_fire-smoke-hardnegatives-int8/images/hard_neg_638.jpg,data/raw/hf_candidates/medyoussef_fire-smoke-hardnegatives-int8/images/hard_neg_43.jpg
data/raw/hf_candidates/medyoussef_fire-smoke-hardnegatives-int8/images/hard_neg_1308.jpg,data/raw/hf_candidates/medyoussef_fire-smoke-hardnegatives-int8/images/hard_neg_43.jpg
data/raw/hf_candidates/medyoussef_fire-smoke-hardnegatives-int8/images/hard_neg_1446.jpg,data/raw/hf_candidates/medyoussef_fire-smoke-hardnegatives-int8/images/hard_neg_43.jpg
data/raw/hf_candidates/medyoussef_fire-smoke-hardnegatives-int8/images/hard_neg_604.jpg,data/raw/hf_candidates/medyoussef_fire-smoke-hardnegatives-int8/images/hard_neg_43.jpg
data/raw/hf_candidates/medyoussef_fire-smoke-hardnegatives-int8/images/hard_neg_162.jpg,data/raw/hf_candidates/medyoussef_fire-smoke-hardnegatives-int8/images/hard_neg_43.jpg
data/raw/hf_candidates/medyoussef_fire-smoke-hardnegatives-int8/images/hard_neg_1320.jpg,data/raw/hf_candidates/medyoussef_fire-smoke-hardnegatives-int8/images/hard_neg_43.jpg
data/raw/hf_candidates/medyoussef_fire-smoke-hardnegatives-int8/images/hard_neg_1334.jpg,data/raw/hf_candidates/medyoussef_fire-smoke-hardnegatives-int8/images/hard_neg_43.jpg
data/raw/hf_candidates/medyoussef_fire-smoke-hardnegatives-int8/images/hard_neg_176.jpg,data/raw/hf_candidates/medyoussef_fire-smoke-hardnegatives-int8/images/hard_neg_43.jpg
data/raw/hf_candidates/medyoussef_fire-smoke-hardnegatives-int8/images/hard_neg_610.jpg,data/raw/hf_candidates/medyoussef_fire-smoke-hardnegatives-int8/images/hard_neg_43.jpg
data/raw/hf_candidates/medyoussef_fire-smoke-hardnegatives-int8/images/hard_neg_1452.jpg,data/raw/hf_candidates/medyoussef_fire-smoke-hardnegatives-int8/images/hard_neg_43.jpg
data/raw/hf_candidates/medyoussef_fire-smoke-hardnegatives-int8/images/hard_neg_823.jpg,data/raw/hf_candidates/medyoussef_fire-smoke-hardnegatives-int8/images/hard_neg_43.jpg
data/raw/hf_candidates/medyoussef_fire-smoke-hardnegatives-int8/images/hard_neg_189.jpg,data/raw/hf_candidates/medyoussef_fire-smoke-hardnegatives-int8/images/hard_neg_43.jpg
data/raw/hf_candidates/medyoussef_fire-smoke-hardnegatives-int8/images/hard_neg_837.jpg,data/raw/hf_candidates/medyoussef_fire-smoke-hardnegatives-int8/images/hard_neg_43.jpg
data/raw/hf_candidates/medyoussef_fire-smoke-hardnegatives-int8/images/hard_neg_1485.jpg,data/raw/hf_candidates/medyoussef_fire-smoke-hardnegatives-int8/images/hard_neg_43.jpg
data/raw/hf_candidates/medyoussef_fire-smoke-hardnegatives-int8/images/hard_neg_1491.jpg,data/raw/hf_candidates/medyoussef_fire-smoke-hardnegatives-int8/images/hard_neg_43.jpg
data/raw/hf_candidates/medyoussef_fire-smoke-hardnegatives-int8/images/hard_neg_348.jpg,data/raw/hf_candidates/medyoussef_fire-smoke-hardnegatives-int8/images/hard_neg_43.jpg
data/raw/hf_candidates/medyoussef_fire-smoke-hardnegatives-int8/images/hard_neg_1122.jpg,data/raw/hf_candidates/medyoussef_fire-smoke-hardnegatives-int8/images/hard_neg_43.jpg
data/raw/hf_candidates/medyoussef_fire-smoke-hardnegatives-int8/images/hard_neg_5.jpg,data/raw/hf_candidates/medyoussef_fire-smoke-hardnegatives-int8/images/hard_neg_43.jpg
data/raw/hf_candidates/medyoussef_fire-smoke-hardnegatives-int8/images/hard_neg_360.jpg,data/raw/hf_candidates/medyoussef_fire-smoke-hardnegatives-int8/images/hard_neg_43.jpg
data/raw/hf_candidates/medyoussef_fire-smoke-hardnegatives-int8/images/hard_neg_406.jpg,data/raw/hf_candidates/medyoussef_fire-smoke-hardnegatives-int8/images/hard_neg_43.jpg
data/raw/hf_candidates/medyoussef_fire-smoke-hardnegatives-int8/images/hard_neg_412.jpg,data/raw/hf_candidates/medyoussef_fire-smoke-hardnegatives-int8/images/hard_neg_43.jpg
data/raw/hf_candidates/medyoussef_fire-smoke-hardnegatives-int8/images/hard_neg_374.jpg,data/raw/hf_candidates/medyoussef_fire-smoke-hardnegatives-int8/images/hard_neg_43.jpg
data/raw/hf_candidates/medyoussef_fire-smoke-hardnegatives-int8/images/hard_neg_1136.jpg,data/raw/hf_candidates/medyoussef_fire-smoke-hardnegatives-int8/images/hard_neg_43.jpg
data/raw/hf_candidates/medyoussef_fire-smoke-hardnegatives-int8/images/hard_neg_413.jpg,data/raw/hf_candidates/medyoussef_fire-smoke-hardnegatives-int8/images/hard_neg_43.jpg
data/raw/hf_candidates/medyoussef_fire-smoke-hardnegatives-int8/images/hard_neg_1137.jpg,data/raw/hf_candidates/medyoussef_fire-smoke-hardnegatives-int8/images/hard_neg_43.jpg
data/raw/hf_candidates/medyoussef_fire-smoke-hardnegatives-int8/images/hard_neg_375.jpg,data/raw/hf_candidates/medyoussef_fire-smoke-hardnegatives-int8/images/hard_neg_43.jpg
data/raw/hf_candidates/medyoussef_fire-smoke-hardnegatives-int8/images/hard_neg_361.jpg,data/raw/hf_candidates/medyoussef_fire-smoke-hardnegatives-int8/images/hard_neg_43.jpg
data/raw/hf_candidates/medyoussef_fire-smoke-hardnegatives-int8/images/hard_neg_4.jpg,data/raw/hf_candidates/medyoussef_fire-smoke-hardnegatives-int8/images/hard_neg_43.jpg
data/raw/hf_candidates/medyoussef_fire-smoke-hardnegatives-int8/images/hard_neg_1123.jpg,data/raw/hf_candidates/medyoussef_fire-smoke-hardnegatives-int8/images/hard_neg_43.jpg
data/raw/hf_candidates/medyoussef_fire-smoke-hardnegatives-int8/images/hard_neg_407.jpg,data/raw/hf_candidates/medyoussef_fire-smoke-hardnegatives-int8/images/hard_neg_43.jpg
data/raw/hf_candidates/medyoussef_fire-smoke-hardnegatives-int8/images/hard_neg_349.jpg,data/raw/hf_candidates/medyoussef_fire-smoke-hardnegatives-int8/images/hard_neg_43.jpg
data/raw/hf_candidates/medyoussef_fire-smoke-hardnegatives-int8/images/hard_neg_1490.jpg,data/raw/hf_candidates/medyoussef_fire-smoke-hardnegatives-int8/images/hard_neg_43.jpg
data/raw/hf_candidates/medyoussef_fire-smoke-hardnegatives-int8/images/hard_neg_1484.jpg,data/raw/hf_candidates/medyoussef_fire-smoke-hardnegatives-int8/images/hard_neg_43.jpg
data/raw/hf_candidates/medyoussef_fire-smoke-hardnegatives-int8/images/hard_neg_188.jpg,data/raw/hf_candidates/medyoussef_fire-smoke-hardnegatives-int8/images/hard_neg_43.jpg
data/raw/hf_candidates/medyoussef_fire-smoke-hardnegatives-int8/images/hard_neg_836.jpg,data/raw/hf_candidates/medyoussef_fire-smoke-hardnegatives-int8/images/hard_neg_43.jpg
data/raw/hf_candidates/medyoussef_fire-smoke-hardnegatives-int8/images/hard_neg_822.jpg,data/raw/hf_candidates/medyoussef_fire-smoke-hardnegatives-int8/images/hard_neg_43.jpg
data/raw/hf_candidates/medyoussef_fire-smoke-hardnegatives-int8/images/hard_neg_177.jpg,data/raw/hf_candidates/medyoussef_fire-smoke-hardnegatives-int8/images/hard_neg_43.jpg
data/raw/hf_candidates/medyoussef_fire-smoke-hardnegatives-int8/images/hard_neg_1335.jpg,data/raw/hf_candidates/medyoussef_fire-smoke-hardnegatives-int8/images/hard_neg_43.jpg
data/raw/hf_candidates/medyoussef_fire-smoke-hardnegatives-int8/images/hard_neg_1453.jpg,data/raw/hf_candidates/medyoussef_fire-smoke-hardnegatives-int8/images/hard_neg_43.jpg
data/raw/hf_candidates/medyoussef_fire-smoke-hardnegatives-int8/images/hard_neg_611.jpg,data/raw/hf_candidates/medyoussef_fire-smoke-hardnegatives-int8/images/hard_neg_43.jpg
data/raw/hf_candidates/medyoussef_fire-smoke-hardnegatives-int8/images/hard_neg_605.jpg,data/raw/hf_candidates/medyoussef_fire-smoke-hardnegatives-int8/images/hard_neg_43.jpg
data/raw/hf_candidates/medyoussef_fire-smoke-hardnegatives-int8/images/hard_neg_1447.jpg,data/raw/hf_candidates/medyoussef_fire-smoke-hardnegatives-int8/images/hard_neg_43.jpg
data/raw/hf_candidates/medyoussef_fire-smoke-hardnegatives-int8/images/hard_neg_1321.jpg,data/raw/hf_candidates/medyoussef_fire-smoke-hardnegatives-int8/images/hard_neg_43.jpg
data/raw/hf_candidates/medyoussef_fire-smoke-hardnegatives-int8/images/hard_neg_163.jpg,data/raw/hf_candidates/medyoussef_fire-smoke-hardnegatives-int8/images/hard_neg_43.jpg
data/raw/hf_candidates/medyoussef_fire-smoke-hardnegatives-int8/images/hard_neg_1309.jpg,data/raw/hf_candidates/medyoussef_fire-smoke-hardnegatives-int8/images/hard_neg_43.jpg
data/raw/hf_candidates/medyoussef_fire-smoke-hardnegatives-int8/images/hard_neg_639.jpg,data/raw/hf_candidates/medyoussef_fire-smoke-hardnegatives-int8/images/hard_neg_43.jpg
data/raw/hf_candidates/medyoussef_fire-smoke-hardnegatives-int8/images/hard_neg_1282.jpg,data/raw/hf_candidates/medyoussef_fire-smoke-hardnegatives-int8/images/hard_neg_43.jpg
data/raw/hf_candidates/medyoussef_fire-smoke-hardnegatives-int8/images/hard_neg_1296.jpg,data/raw/hf_candidates/medyoussef_fire-smoke-hardnegatives-int8/images/hard_neg_43.jpg
data/raw/hf_candidates/medyoussef_fire-smoke-hardnegatives-int8/images/hard_neg_942.jpg,data/raw/hf_candidates/medyoussef_fire-smoke-hardnegatives-int8/images/hard_neg_43.jpg
data/raw/hf_candidates/medyoussef_fire-smoke-hardnegatives-int8/images/hard_neg_956.jpg,data/raw/hf_candidates/medyoussef_fire-smoke-hardnegatives-int8/images/hard_neg_43.jpg
data/raw/hf_candidates/medyoussef_fire-smoke-hardnegatives-int8/images/hard_neg_1241.jpg,data/raw/hf_candidates/medyoussef_fire-smoke-hardnegatives-int8/images/hard_neg_43.jpg
data/raw/hf_candidates/medyoussef_fire-smoke-hardnegatives-int8/images/hard_neg_765.jpg,data/raw/hf_candidates/medyoussef_fire-smoke-hardnegatives-int8/images/hard_neg_43.jpg
data/raw/hf_candidates/medyoussef_fire-smoke-hardnegatives-int8/images/hard_neg_771.jpg,data/raw/hf_candidates/medyoussef_fire-smoke-hardnegatives-int8/images/hard_neg_43.jpg
data/raw/hf_candidates/medyoussef_fire-smoke-hardnegatives-int8/images/hard_neg_1255.jpg,data/raw/hf_candidates/medyoussef_fire-smoke-hardnegatives-int8/images/hard_neg_43.jpg
data/raw/hf_candidates/medyoussef_fire-smoke-hardnegatives-int8/images/hard_neg_759.jpg,data/raw/hf_candidates/medyoussef_fire-smoke-hardnegatives-int8/images/hard_neg_43.jpg
data/raw/hf_candidates/medyoussef_fire-smoke-hardnegatives-int8/images/hard_neg_981.jpg,data/raw/hf_candidates/medyoussef_fire-smoke-hardnegatives-int8/images/hard_neg_43.jpg
data/raw/hf_candidates/medyoussef_fire-smoke-hardnegatives-int8/images/hard_neg_995.jpg,data/raw/hf_candidates/medyoussef_fire-smoke-hardnegatives-int8/images/hard_neg_43.jpg
data/raw/hf_candidates/medyoussef_fire-smoke-hardnegatives-int8/images/hard_neg_1269.jpg,data/raw/hf_candidates/medyoussef_fire-smoke-hardnegatives-int8/images/hard_neg_43.jpg
data/raw/hf_candidates/medyoussef_fire-smoke-hardnegatives-int8/images/hard_neg_1080.jpg,data/raw/hf_candidates/medyoussef_fire-smoke-hardnegatives-int8/images/hard_neg_43.jpg
data/raw/hf_candidates/medyoussef_fire-smoke-hardnegatives-int8/images/hard_neg_1094.jpg,data/raw/hf_candidates/medyoussef_fire-smoke-hardnegatives-int8/images/hard_neg_43.jpg
data/raw/hf_candidates/medyoussef_fire-smoke-hardnegatives-int8/images/hard_neg_598.jpg,data/raw/hf_candidates/medyoussef_fire-smoke-hardnegatives-int8/images/hard_neg_43.jpg
data/raw/hf_candidates/medyoussef_fire-smoke-hardnegatives-int8/images/hard_neg_567.jpg,data/raw/hf_candidates/medyoussef_fire-smoke-hardnegatives-int8/images/hard_neg_43.jpg
data/raw/hf_candidates/medyoussef_fire-smoke-hardnegatives-int8/images/hard_neg_1043.jpg,data/raw/hf_candidates/medyoussef_fire-smoke-hardnegatives-int8/images/hard_neg_43.jpg
data/raw/hf_candidates/medyoussef_fire-smoke-hardnegatives-int8/images/hard_neg_201.jpg,data/raw/hf_candidates/medyoussef_fire-smoke-hardnegatives-int8/images/hard_neg_43.jpg
data/raw/hf_candidates/medyoussef_fire-smoke-hardnegatives-int8/images/hard_neg_215.jpg,data/raw/hf_candidates/medyoussef_fire-smoke-hardnegatives-int8/images/hard_neg_43.jpg
data/raw/hf_candidates/medyoussef_fire-smoke-hardnegatives-int8/images/hard_neg_1057.jpg,data/raw/hf_candidates/medyoussef_fire-smoke-hardnegatives-int8/images/hard_neg_43.jpg
data/raw/hf_candidates/medyoussef_fire-smoke-hardnegatives-int8/images/hard_neg_573.jpg,data/raw/hf_candidates/medyoussef_fire-smoke-hardnegatives-int8/images/hard_neg_43.jpg
data/raw/hf_candidates/medyoussef_fire-smoke-hardnegatives-int8/images/hard_neg_22.jpg,data/raw/hf_candidates/medyoussef_fire-smoke-hardnegatives-int8/images/hard_neg_43.jpg
data/raw/hf_candidates/medyoussef_fire-smoke-hardnegatives-int8/images/hard_neg_229.jpg,data/raw/hf_candidates/medyoussef_fire-smoke-hardnegatives-int8/images/hard_neg_43.jpg
data/raw/hf_candidates/medyoussef_fire-smoke-hardnegatives-int8/images/hard_neg_36.jpg,data/raw/hf_candidates/medyoussef_fire-smoke-hardnegatives-int8/images/hard_neg_43.jpg
data/raw/hf_candidates/medyoussef_fire-smoke-hardnegatives-int8/images/hard_neg_577.jpg,data/raw/hf_candidates/medyoussef_fire-smoke-hardnegatives-int8/images/hard_neg_43.jpg
data/raw/hf_candidates/medyoussef_fire-smoke-hardnegatives-int8/images/hard_neg_1053.jpg,data/raw/hf_candidates/medyoussef_fire-smoke-hardnegatives-int8/images/hard_neg_43.jpg
data/raw/hf_candidates/medyoussef_fire-smoke-hardnegatives-int8/images/hard_neg_211.jpg,data/raw/hf_candidates/medyoussef_fire-smoke-hardnegatives-int8/images/hard_neg_43.jpg
data/raw/hf_candidates/medyoussef_fire-smoke-hardnegatives-int8/images/hard_neg_205.jpg,data/raw/hf_candidates/medyoussef_fire-smoke-hardnegatives-int8/images/hard_neg_43.jpg
data/raw/hf_candidates/medyoussef_fire-smoke-hardnegatives-int8/images/hard_neg_1047.jpg,data/raw/hf_candidates/medyoussef_fire-smoke-hardnegatives-int8/images/hard_neg_43.jpg
data/raw/hf_candidates/medyoussef_fire-smoke-hardnegatives-int8/images/hard_neg_563.jpg,data/raw/hf_candidates/medyoussef_fire-smoke-hardnegatives-int8/images/hard_neg_43.jpg
data/raw/hf_candidates/medyoussef_fire-smoke-hardnegatives-int8/images/hard_neg_32.jpg,data/raw/hf_candidates/medyoussef_fire-smoke-hardnegatives-int8/images/hard_neg_43.jpg
data/raw/hf_candidates/medyoussef_fire-smoke-hardnegatives-int8/images/hard_neg_239.jpg,data/raw/hf_candidates/medyoussef_fire-smoke-hardnegatives-int8/images/hard_neg_43.jpg
data/raw/hf_candidates/medyoussef_fire-smoke-hardnegatives-int8/images/hard_neg_26.jpg,data/raw/hf_candidates/medyoussef_fire-smoke-hardnegatives-int8/images/hard_neg_43.jpg
data/raw/hf_candidates/medyoussef_fire-smoke-hardnegatives-int8/images/hard_neg_1090.jpg,data/raw/hf_candidates/medyoussef_fire-smoke-hardnegatives-int8/images/hard_neg_43.jpg
data/raw/hf_candidates/medyoussef_fire-smoke-hardnegatives-int8/images/hard_neg_1084.jpg,data/raw/hf_candidates/medyoussef_fire-smoke-hardnegatives-int8/images/hard_neg_43.jpg
data/raw/hf_candidates/medyoussef_fire-smoke-hardnegatives-int8/images/hard_neg_588.jpg,data/raw/hf_candidates/medyoussef_fire-smoke-hardnegatives-int8/images/hard_neg_43.jpg
data/raw/hf_candidates/medyoussef_fire-smoke-hardnegatives-int8/images/hard_neg_1251.jpg,data/raw/hf_candidates/medyoussef_fire-smoke-hardnegatives-int8/images/hard_neg_43.jpg
data/raw/hf_candidates/medyoussef_fire-smoke-hardnegatives-int8/images/hard_neg_775.jpg,data/raw/hf_candidates/medyoussef_fire-smoke-hardnegatives-int8/images/hard_neg_43.jpg
data/raw/hf_candidates/medyoussef_fire-smoke-hardnegatives-int8/images/hard_neg_761.jpg,data/raw/hf_candidates/medyoussef_fire-smoke-hardnegatives-int8/images/hard_neg_43.jpg
data/raw/hf_candidates/medyoussef_fire-smoke-hardnegatives-int8/images/hard_neg_1245.jpg,data/raw/hf_candidates/medyoussef_fire-smoke-hardnegatives-int8/images/hard_neg_43.jpg
data/raw/hf_candidates/medyoussef_fire-smoke-hardnegatives-int8/images/hard_neg_991.jpg,data/raw/hf_candidates/medyoussef_fire-smoke-hardnegatives-int8/images/hard_neg_43.jpg
data/raw/hf_candidates/medyoussef_fire-smoke-hardnegatives-int8/images/hard_neg_749.jpg,data/raw/hf_candidates/medyoussef_fire-smoke-hardnegatives-int8/images/hard_neg_43.jpg
data/raw/hf_candidates/medyoussef_fire-smoke-hardnegatives-int8/images/hard_neg_985.jpg,data/raw/hf_candidates/medyoussef_fire-smoke-hardnegatives-int8/images/hard_neg_43.jpg
data/raw/hf_candidates/medyoussef_fire-smoke-hardnegatives-int8/images/hard_neg_1279.jpg,data/raw/hf_candidates/medyoussef_fire-smoke-hardnegatives-int8/images/hard_neg_43.jpg
data/raw/hf_candidates/medyoussef_fire-smoke-hardnegatives-int8/images/hard_neg_1292.jpg,data/raw/hf_candidates/medyoussef_fire-smoke-hardnegatives-int8/images/hard_neg_43.jpg
data/raw/hf_candidates/medyoussef_fire-smoke-hardnegatives-int8/images/hard_neg_1286.jpg,data/raw/hf_candidates/medyoussef_fire-smoke-hardnegatives-int8/images/hard_neg_43.jpg
data/raw/hf_candidates/medyoussef_fire-smoke-hardnegatives-int8/images/hard_neg_952.jpg,data/raw/hf_candidates/medyoussef_fire-smoke-hardnegatives-int8/images/hard_neg_43.jpg
data/raw/hf_candidates/medyoussef_fire-smoke-hardnegatives-int8/images/hard_neg_946.jpg,data/raw/hf_candidates/medyoussef_fire-smoke-hardnegatives-int8/images/hard_neg_43.jpg
data/raw/hf_candidates/medyoussef_fire-smoke-hardnegatives-int8/images/hard_neg_167.jpg,data/raw/hf_candidates/medyoussef_fire-smoke-hardnegatives-int8/images/hard_neg_43.jpg
data/raw/hf_candidates/medyoussef_fire-smoke-hardnegatives-int8/images/hard_neg_1325.jpg,data/raw/hf_candidates/medyoussef_fire-smoke-hardnegatives-int8/images/hard_neg_43.jpg
data/raw/hf_candidates/medyoussef_fire-smoke-hardnegatives-int8/images/hard_neg_1443.jpg,data/raw/hf_candidates/medyoussef_fire-smoke-hardnegatives-int8/images/hard_neg_43.jpg
data/raw/hf_candidates/medyoussef_fire-smoke-hardnegatives-int8/images/hard_neg_601.jpg,data/raw/hf_candidates/medyoussef_fire-smoke-hardnegatives-int8/images/hard_neg_43.jpg
data/raw/hf_candidates/medyoussef_fire-smoke-hardnegatives-int8/images/hard_neg_615.jpg,data/raw/hf_candidates/medyoussef_fire-smoke-hardnegatives-int8/images/hard_neg_43.jpg
data/raw/hf_candidates/medyoussef_fire-smoke-hardnegatives-int8/images/hard_neg_1457.jpg,data/raw/hf_candidates/medyoussef_fire-smoke-hardnegatives-int8/images/hard_neg_43.jpg
data/raw/hf_candidates/medyoussef_fire-smoke-hardnegatives-int8/images/hard_neg_1331.jpg,data/raw/hf_candidates/medyoussef_fire-smoke-hardnegatives-int8/images/hard_neg_43.jpg
data/raw/hf_candidates/medyoussef_fire-smoke-hardnegatives-int8/images/hard_neg_173.jpg,data/raw/hf_candidates/medyoussef_fire-smoke-hardnegatives-int8/images/hard_neg_43.jpg
data/raw/hf_candidates/medyoussef_fire-smoke-hardnegatives-int8/images/hard_neg_1319.jpg,data/raw/hf_candidates/medyoussef_fire-smoke-hardnegatives-int8/images/hard_neg_43.jpg
data/raw/hf_candidates/medyoussef_fire-smoke-hardnegatives-int8/images/hard_neg_629.jpg,data/raw/hf_candidates/medyoussef_fire-smoke-hardnegatives-int8/images/hard_neg_43.jpg
data/raw/hf_candidates/medyoussef_fire-smoke-hardnegatives-int8/images/hard_neg_1480.jpg,data/raw/hf_candidates/medyoussef_fire-smoke-hardnegatives-int8/images/hard_neg_43.jpg
data/raw/hf_candidates/medyoussef_fire-smoke-hardnegatives-int8/images/hard_neg_1494.jpg,data/raw/hf_candidates/medyoussef_fire-smoke-hardnegatives-int8/images/hard_neg_43.jpg
data/raw/hf_candidates/medyoussef_fire-smoke-hardnegatives-int8/images/hard_neg_198.jpg,data/raw/hf_candidates/medyoussef_fire-smoke-hardnegatives-int8/images/hard_neg_43.jpg
data/raw/hf_candidates/medyoussef_fire-smoke-hardnegatives-int8/images/hard_neg_826.jpg,data/raw/hf_candidates/medyoussef_fire-smoke-hardnegatives-int8/images/hard_neg_43.jpg
data/raw/hf_candidates/medyoussef_fire-smoke-hardnegatives-int8/images/hard_neg_832.jpg,data/raw/hf_candidates/medyoussef_fire-smoke-hardnegatives-int8/images/hard_neg_43.jpg
data/raw/hf_candidates/medyoussef_fire-smoke-hardnegatives-int8/images/hard_neg_403.jpg,data/raw/hf_candidates/medyoussef_fire-smoke-hardnegatives-int8/images/hard_neg_43.jpg
data/raw/hf_candidates/medyoussef_fire-smoke-hardnegatives-int8/images/hard_neg_1127.jpg,data/raw/hf_candidates/medyoussef_fire-smoke-hardnegatives-int8/images/hard_neg_43.jpg
data/raw/hf_candidates/medyoussef_fire-smoke-hardnegatives-int8/images/hard_neg_365.jpg,data/raw/hf_candidates/medyoussef_fire-smoke-hardnegatives-int8/images/hard_neg_43.jpg
data/raw/hf_candidates/medyoussef_fire-smoke-hardnegatives-int8/images/hard_neg_0.jpg,data/raw/hf_candidates/medyoussef_fire-smoke-hardnegatives-int8/images/hard_neg_43.jpg
data/raw/hf_candidates/medyoussef_fire-smoke-hardnegatives-int8/images/hard_neg_371.jpg,data/raw/hf_candidates/medyoussef_fire-smoke-hardnegatives-int8/images/hard_neg_43.jpg
data/raw/hf_candidates/medyoussef_fire-smoke-hardnegatives-int8/images/hard_neg_1133.jpg,data/raw/hf_candidates/medyoussef_fire-smoke-hardnegatives-int8/images/hard_neg_43.jpg
data/raw/hf_candidates/medyoussef_fire-smoke-hardnegatives-int8/images/hard_neg_417.jpg,data/raw/hf_candidates/medyoussef_fire-smoke-hardnegatives-int8/images/hard_neg_43.jpg
data/raw/hf_candidates/medyoussef_fire-smoke-hardnegatives-int8/images/hard_neg_359.jpg,data/raw/hf_candidates/medyoussef_fire-smoke-hardnegatives-int8/images/hard_neg_43.jpg
data/raw/hf_candidates/medyoussef_fire-smoke-hardnegatives-int8/images/hard_neg_358.jpg,data/raw/hf_candidates/medyoussef_fire-smoke-hardnegatives-int8/images/hard_neg_43.jpg
data/raw/hf_candidates/medyoussef_fire-smoke-hardnegatives-int8/images/hard_neg_1132.jpg,data/raw/hf_candidates/medyoussef_fire-smoke-hardnegatives-int8/images/hard_neg_43.jpg
data/raw/hf_candidates/medyoussef_fire-smoke-hardnegatives-int8/images/hard_neg_370.jpg,data/raw/hf_candidates/medyoussef_fire-smoke-hardnegatives-int8/images/hard_neg_43.jpg
data/raw/hf_candidates/medyoussef_fire-smoke-hardnegatives-int8/images/hard_neg_416.jpg,data/raw/hf_candidates/medyoussef_fire-smoke-hardnegatives-int8/images/hard_neg_43.jpg
data/raw/hf_candidates/medyoussef_fire-smoke-hardnegatives-int8/images/hard_neg_402.jpg,data/raw/hf_candidates/medyoussef_fire-smoke-hardnegatives-int8/images/hard_neg_43.jpg
data/raw/hf_candidates/medyoussef_fire-smoke-hardnegatives-int8/images/hard_neg_1.jpg,data/raw/hf_candidates/medyoussef_fire-smoke-hardnegatives-int8/images/hard_neg_43.jpg
data/raw/hf_candidates/medyoussef_fire-smoke-hardnegatives-int8/images/hard_neg_364.jpg,data/raw/hf_candidates/medyoussef_fire-smoke-hardnegatives-int8/images/hard_neg_43.jpg
data/raw/hf_candidates/medyoussef_fire-smoke-hardnegatives-int8/images/hard_neg_1126.jpg,data/raw/hf_candidates/medyoussef_fire-smoke-hardnegatives-int8/images/hard_neg_43.jpg
data/raw/hf_candidates/medyoussef_fire-smoke-hardnegatives-int8/images/hard_neg_833.jpg,data/raw/hf_candidates/medyoussef_fire-smoke-hardnegatives-int8/images/hard_neg_43.jpg
data/raw/hf_candidates/medyoussef_fire-smoke-hardnegatives-int8/images/hard_neg_199.jpg,data/raw/hf_candidates/medyoussef_fire-smoke-hardnegatives-int8/images/hard_neg_43.jpg
data/raw/hf_candidates/medyoussef_fire-smoke-hardnegatives-int8/images/hard_neg_827.jpg,data/raw/hf_candidates/medyoussef_fire-smoke-hardnegatives-int8/images/hard_neg_43.jpg
data/raw/hf_candidates/medyoussef_fire-smoke-hardnegatives-int8/images/hard_neg_1495.jpg,data/raw/hf_candidates/medyoussef_fire-smoke-hardnegatives-int8/images/hard_neg_43.jpg
data/raw/hf_candidates/medyoussef_fire-smoke-hardnegatives-int8/images/hard_neg_1481.jpg,data/raw/hf_candidates/medyoussef_fire-smoke-hardnegatives-int8/images/hard_neg_43.jpg
data/raw/hf_candidates/medyoussef_fire-smoke-hardnegatives-int8/images/hard_neg_628.jpg,data/raw/hf_candidates/medyoussef_fire-smoke-hardnegatives-int8/images/hard_neg_43.jpg
data/raw/hf_candidates/medyoussef_fire-smoke-hardnegatives-int8/images/hard_neg_1318.jpg,data/raw/hf_candidates/medyoussef_fire-smoke-hardnegatives-int8/images/hard_neg_43.jpg
data/raw/hf_candidates/medyoussef_fire-smoke-hardnegatives-int8/images/hard_neg_1456.jpg,data/raw/hf_candidates/medyoussef_fire-smoke-hardnegatives-int8/images/hard_neg_43.jpg
data/raw/hf_candidates/medyoussef_fire-smoke-hardnegatives-int8/images/hard_neg_614.jpg,data/raw/hf_candidates/medyoussef_fire-smoke-hardnegatives-int8/images/hard_neg_43.jpg
data/raw/hf_candidates/medyoussef_fire-smoke-hardnegatives-int8/images/hard_neg_172.jpg,data/raw/hf_candidates/medyoussef_fire-smoke-hardnegatives-int8/images/hard_neg_43.jpg
data/raw/hf_candidates/medyoussef_fire-smoke-hardnegatives-int8/images/hard_neg_1330.jpg,data/raw/hf_candidates/medyoussef_fire-smoke-hardnegatives-int8/images/hard_neg_43.jpg
data/raw/hf_candidates/medyoussef_fire-smoke-hardnegatives-int8/images/hard_neg_1324.jpg,data/raw/hf_candidates/medyoussef_fire-smoke-hardnegatives-int8/images/hard_neg_43.jpg
data/raw/hf_candidates/medyoussef_fire-smoke-hardnegatives-int8/images/hard_neg_166.jpg,data/raw/hf_candidates/medyoussef_fire-smoke-hardnegatives-int8/images/hard_neg_43.jpg
data/raw/hf_candidates/medyoussef_fire-smoke-hardnegatives-int8/images/hard_neg_600.jpg,data/raw/hf_candidates/medyoussef_fire-smoke-hardnegatives-int8/images/hard_neg_43.jpg
data/raw/hf_candidates/medyoussef_fire-smoke-hardnegatives-int8/images/hard_neg_1442.jpg,data/raw/hf_candidates/medyoussef_fire-smoke-hardnegatives-int8/images/hard_neg_43.jpg
data/raw/hf_candidates/medyoussef_fire-smoke-hardnegatives-int8/images/hard_neg_947.jpg,data/raw/hf_candidates/medyoussef_fire-smoke-hardnegatives-int8/images/hard_neg_43.jpg
data/raw/hf_candidates/medyoussef_fire-smoke-hardnegatives-int8/images/hard_neg_953.jpg,data/raw/hf_candidates/medyoussef_fire-smoke-hardnegatives-int8/images/hard_neg_43.jpg
data/raw/hf_candidates/medyoussef_fire-smoke-hardnegatives-int8/images/hard_neg_1287.jpg,data/raw/hf_candidates/medyoussef_fire-smoke-hardnegatives-int8/images/hard_neg_43.jpg
data/raw/hf_candidates/medyoussef_fire-smoke-hardnegatives-int8/images/hard_neg_1293.jpg,data/raw/hf_candidates/medyoussef_fire-smoke-hardnegatives-int8/images/hard_neg_43.jpg
data/raw/hf_candidates/medyoussef_fire-smoke-hardnegatives-int8/images/hard_neg_984.jpg,data/raw/hf_candidates/medyoussef_fire-smoke-hardnegatives-int8/images/hard_neg_43.jpg
data/raw/hf_candidates/medyoussef_fire-smoke-hardnegatives-int8/images/hard_neg_1278.jpg,data/raw/hf_candidates/medyoussef_fire-smoke-hardnegatives-int8/images/hard_neg_43.jpg
data/raw/hf_candidates/medyoussef_fire-smoke-hardnegatives-int8/images/hard_neg_748.jpg,data/raw/hf_candidates/medyoussef_fire-smoke-hardnegatives-int8/images/hard_neg_43.jpg
data/raw/hf_candidates/medyoussef_fire-smoke-hardnegatives-int8/images/hard_neg_990.jpg,data/raw/hf_candidates/medyoussef_fire-smoke-hardnegatives-int8/images/hard_neg_43.jpg
data/raw/hf_candidates/medyoussef_fire-smoke-hardnegatives-int8/images/hard_neg_760.jpg,data/raw/hf_candidates/medyoussef_fire-smoke-hardnegatives-int8/images/hard_neg_43.jpg
data/raw/hf_candidates/medyoussef_fire-smoke-hardnegatives-int8/images/hard_neg_1244.jpg,data/raw/hf_candidates/medyoussef_fire-smoke-hardnegatives-int8/images/hard_neg_43.jpg
data/raw/hf_candidates/medyoussef_fire-smoke-hardnegatives-int8/images/hard_neg_1250.jpg,data/raw/hf_candidates/medyoussef_fire-smoke-hardnegatives-int8/images/hard_neg_43.jpg
data/raw/hf_candidates/medyoussef_fire-smoke-hardnegatives-int8/images/hard_neg_774.jpg,data/raw/hf_candidates/medyoussef_fire-smoke-hardnegatives-int8/images/hard_neg_43.jpg
data/raw/hf_candidates/medyoussef_fire-smoke-hardnegatives-int8/images/hard_neg_589.jpg,data/raw/hf_candidates/medyoussef_fire-smoke-hardnegatives-int8/images/hard_neg_43.jpg
data/raw/hf_candidates/medyoussef_fire-smoke-hardnegatives-int8/images/hard_neg_1085.jpg,data/raw/hf_candidates/medyoussef_fire-smoke-hardnegatives-int8/images/hard_neg_43.jpg
data/raw/hf_candidates/medyoussef_fire-smoke-hardnegatives-int8/images/hard_neg_1091.jpg,data/raw/hf_candidates/medyoussef_fire-smoke-hardnegatives-int8/images/hard_neg_43.jpg
data/raw/hf_candidates/medyoussef_fire-smoke-hardnegatives-int8/images/hard_neg_238.jpg,data/raw/hf_candidates/medyoussef_fire-smoke-hardnegatives-int8/images/hard_neg_43.jpg
data/raw/hf_candidates/medyoussef_fire-smoke-hardnegatives-int8/images/hard_neg_27.jpg,data/raw/hf_candidates/medyoussef_fire-smoke-hardnegatives-int8/images/hard_neg_43.jpg
data/raw/hf_candidates/medyoussef_fire-smoke-hardnegatives-int8/images/hard_neg_33.jpg,data/raw/hf_candidates/medyoussef_fire-smoke-hardnegatives-int8/images/hard_neg_43.jpg
data/raw/hf_candidates/medyoussef_fire-smoke-hardnegatives-int8/images/hard_neg_1046.jpg,data/raw/hf_candidates/medyoussef_fire-smoke-hardnegatives-int8/images/hard_neg_43.jpg
data/raw/hf_candidates/medyoussef_fire-smoke-hardnegatives-int8/images/hard_neg_204.jpg,data/raw/hf_candidates/medyoussef_fire-smoke-hardnegatives-int8/images/hard_neg_43.jpg
data/raw/hf_candidates/medyoussef_fire-smoke-hardnegatives-int8/images/hard_neg_562.jpg,data/raw/hf_candidates/medyoussef_fire-smoke-hardnegatives-int8/images/hard_neg_43.jpg
data/raw/hf_candidates/medyoussef_fire-smoke-hardnegatives-int8/images/hard_neg_576.jpg,data/raw/hf_candidates/medyoussef_fire-smoke-hardnegatives-int8/images/hard_neg_43.jpg
data/raw/hf_candidates/medyoussef_fire-smoke-hardnegatives-int8/images/hard_neg_210.jpg,data/raw/hf_candidates/medyoussef_fire-smoke-hardnegatives-int8/images/hard_neg_43.jpg
data/raw/hf_candidates/medyoussef_fire-smoke-hardnegatives-int8/images/hard_neg_1052.jpg,data/raw/hf_candidates/medyoussef_fire-smoke-hardnegatives-int8/images/hard_neg_43.jpg
data/raw/hf_candidates/medyoussef_fire-smoke-hardnegatives-int8/images/hard_neg_19.jpg,data/raw/hf_candidates/medyoussef_fire-smoke-hardnegatives-int8/images/hard_neg_43.jpg
data/raw/hf_candidates/medyoussef_fire-smoke-hardnegatives-int8/images/hard_neg_560.jpg,data/raw/hf_candidates/medyoussef_fire-smoke-hardnegatives-int8/images/hard_neg_43.jpg
data/raw/hf_candidates/medyoussef_fire-smoke-hardnegatives-int8/images/hard_neg_206.jpg,data/raw/hf_candidates/medyoussef_fire-smoke-hardnegatives-int8/images/hard_neg_43.jpg
data/raw/hf_candidates/medyoussef_fire-smoke-hardnegatives-int8/images/hard_neg_1044.jpg,data/raw/hf_candidates/medyoussef_fire-smoke-hardnegatives-int8/images/hard_neg_43.jpg
data/raw/hf_candidates/medyoussef_fire-smoke-hardnegatives-int8/images/hard_neg_1050.jpg,data/raw/hf_candidates/medyoussef_fire-smoke-hardnegatives-int8/images/hard_neg_43.jpg
data/raw/hf_candidates/medyoussef_fire-smoke-hardnegatives-int8/images/hard_neg_212.jpg,data/raw/hf_candidates/medyoussef_fire-smoke-hardnegatives-int8/images/hard_neg_43.jpg
data/raw/hf_candidates/medyoussef_fire-smoke-hardnegatives-int8/images/hard_neg_574.jpg,data/raw/hf_candidates/medyoussef_fire-smoke-hardnegatives-int8/images/hard_neg_43.jpg
data/raw/hf_candidates/medyoussef_fire-smoke-hardnegatives-int8/images/hard_neg_25.jpg,data/raw/hf_candidates/medyoussef_fire-smoke-hardnegatives-int8/images/hard_neg_43.jpg
data/raw/hf_candidates/medyoussef_fire-smoke-hardnegatives-int8/images/hard_neg_1078.jpg,data/raw/hf_candidates/medyoussef_fire-smoke-hardnegatives-int8/images/hard_neg_43.jpg
data/raw/hf_candidates/medyoussef_fire-smoke-hardnegatives-int8/images/hard_neg_31.jpg,data/raw/hf_candidates/medyoussef_fire-smoke-hardnegatives-int8/images/hard_neg_43.jpg
data/raw/hf_candidates/medyoussef_fire-smoke-hardnegatives-int8/images/hard_neg_548.jpg,data/raw/hf_candidates/medyoussef_fire-smoke-hardnegatives-int8/images/hard_neg_43.jpg
data/raw/hf_candidates/medyoussef_fire-smoke-hardnegatives-int8/images/hard_neg_1087.jpg,data/raw/hf_candidates/medyoussef_fire-smoke-hardnegatives-int8/images/hard_neg_43.jpg
data/raw/hf_candidates/medyoussef_fire-smoke-hardnegatives-int8/images/hard_neg_1093.jpg,data/raw/hf_candidates/medyoussef_fire-smoke-hardnegatives-int8/images/hard_neg_43.jpg
data/raw/hf_candidates/medyoussef_fire-smoke-hardnegatives-int8/images/hard_neg_1246.jpg,data/raw/hf_candidates/medyoussef_fire-smoke-hardnegatives-int8/images/hard_neg_43.jpg
data/raw/hf_candidates/medyoussef_fire-smoke-hardnegatives-int8/images/hard_neg_762.jpg,data/raw/hf_candidates/medyoussef_fire-smoke-hardnegatives-int8/images/hard_neg_43.jpg
data/raw/hf_candidates/medyoussef_fire-smoke-hardnegatives-int8/images/hard_neg_776.jpg,data/raw/hf_candidates/medyoussef_fire-smoke-hardnegatives-int8/images/hard_neg_43.jpg
data/raw/hf_candidates/medyoussef_fire-smoke-hardnegatives-int8/images/hard_neg_1252.jpg,data/raw/hf_candidates/medyoussef_fire-smoke-hardnegatives-int8/images/hard_neg_43.jpg
data/raw/hf_candidates/medyoussef_fire-smoke-hardnegatives-int8/images/hard_neg_986.jpg,data/raw/hf_candidates/medyoussef_fire-smoke-hardnegatives-int8/images/hard_neg_43.jpg
data/raw/hf_candidates/medyoussef_fire-smoke-hardnegatives-int8/images/hard_neg_992.jpg,data/raw/hf_candidates/medyoussef_fire-smoke-hardnegatives-int8/images/hard_neg_43.jpg
data/raw/hf_candidates/medyoussef_fire-smoke-hardnegatives-int8/images/hard_neg_1285.jpg,data/raw/hf_candidates/medyoussef_fire-smoke-hardnegatives-int8/images/hard_neg_43.jpg
data/raw/hf_candidates/medyoussef_fire-smoke-hardnegatives-int8/images/hard_neg_979.jpg,data/raw/hf_candidates/medyoussef_fire-smoke-hardnegatives-int8/images/hard_neg_43.jpg
data/raw/hf_candidates/medyoussef_fire-smoke-hardnegatives-int8/images/hard_neg_missing_1509.jpg,data/raw/hf_candidates/medyoussef_fire-smoke-hardnegatives-int8/images/hard_neg_43.jpg
data/raw/hf_candidates/medyoussef_fire-smoke-hardnegatives-int8/images/hard_neg_1291.jpg,data/raw/hf_candidates/medyoussef_fire-smoke-hardnegatives-int8/images/hard_neg_43.jpg
data/raw/hf_candidates/medyoussef_fire-smoke-hardnegatives-int8/images/hard_neg_945.jpg,data/raw/hf_candidates/medyoussef_fire-smoke-hardnegatives-int8/images/hard_neg_43.jpg
data/raw/hf_candidates/medyoussef_fire-smoke-hardnegatives-int8/images/hard_neg_789.jpg,data/raw/hf_candidates/medyoussef_fire-smoke-hardnegatives-int8/images/hard_neg_43.jpg
data/raw/hf_candidates/medyoussef_fire-smoke-hardnegatives-int8/images/hard_neg_951.jpg,data/raw/hf_candidates/medyoussef_fire-smoke-hardnegatives-int8/images/hard_neg_43.jpg
data/raw/hf_candidates/medyoussef_fire-smoke-hardnegatives-int8/images/hard_neg_1332.jpg,data/raw/hf_candidates/medyoussef_fire-smoke-hardnegatives-int8/images/hard_neg_43.jpg
data/raw/hf_candidates/medyoussef_fire-smoke-hardnegatives-int8/images/hard_neg_170.jpg,data/raw/hf_candidates/medyoussef_fire-smoke-hardnegatives-int8/images/hard_neg_43.jpg
data/raw/hf_candidates/medyoussef_fire-smoke-hardnegatives-int8/images/hard_neg_616.jpg,data/raw/hf_candidates/medyoussef_fire-smoke-hardnegatives-int8/images/hard_neg_43.jpg
data/raw/hf_candidates/medyoussef_fire-smoke-hardnegatives-int8/images/hard_neg_1454.jpg,data/raw/hf_candidates/medyoussef_fire-smoke-hardnegatives-int8/images/hard_neg_43.jpg
data/raw/hf_candidates/medyoussef_fire-smoke-hardnegatives-int8/images/hard_neg_1440.jpg,data/raw/hf_candidates/medyoussef_fire-smoke-hardnegatives-int8/images/hard_neg_43.jpg
data/raw/hf_candidates/medyoussef_fire-smoke-hardnegatives-int8/images/hard_neg_602.jpg,data/raw/hf_candidates/medyoussef_fire-smoke-hardnegatives-int8/images/hard_neg_43.jpg
data/raw/hf_candidates/medyoussef_fire-smoke-hardnegatives-int8/images/hard_neg_164.jpg,data/raw/hf_candidates/medyoussef_fire-smoke-hardnegatives-int8/images/hard_neg_43.jpg
data/raw/hf_candidates/medyoussef_fire-smoke-hardnegatives-int8/images/hard_neg_1326.jpg,data/raw/hf_candidates/medyoussef_fire-smoke-hardnegatives-int8/images/hard_neg_43.jpg
data/raw/hf_candidates/medyoussef_fire-smoke-hardnegatives-int8/images/hard_neg_1468.jpg,data/raw/hf_candidates/medyoussef_fire-smoke-hardnegatives-int8/images/hard_neg_43.jpg
data/raw/hf_candidates/medyoussef_fire-smoke-hardnegatives-int8/images/hard_neg_158.jpg,data/raw/hf_candidates/medyoussef_fire-smoke-hardnegatives-int8/images/hard_neg_43.jpg
data/raw/hf_candidates/medyoussef_fire-smoke-hardnegatives-int8/images/hard_neg_1497.jpg,data/raw/hf_candidates/medyoussef_fire-smoke-hardnegatives-int8/images/hard_neg_43.jpg
data/raw/hf_candidates/medyoussef_fire-smoke-hardnegatives-int8/images/hard_neg_819.jpg,data/raw/hf_candidates/medyoussef_fire-smoke-hardnegatives-int8/images/hard_neg_43.jpg
data/raw/hf_candidates/medyoussef_fire-smoke-hardnegatives-int8/images/hard_neg_1483.jpg,data/raw/hf_candidates/medyoussef_fire-smoke-hardnegatives-int8/images/hard_neg_43.jpg
data/raw/hf_candidates/medyoussef_fire-smoke-hardnegatives-int8/images/hard_neg_831.jpg,data/raw/hf_candidates/medyoussef_fire-smoke-hardnegatives-int8/images/hard_neg_43.jpg
data/raw/hf_candidates/medyoussef_fire-smoke-hardnegatives-int8/images/hard_neg_825.jpg,data/raw/hf_candidates/medyoussef_fire-smoke-hardnegatives-int8/images/hard_neg_43.jpg
data/raw/hf_candidates/medyoussef_fire-smoke-hardnegatives-int8/images/hard_neg_414.jpg,data/raw/hf_candidates/medyoussef_fire-smoke-hardnegatives-int8/images/hard_neg_43.jpg
data/raw/hf_candidates/medyoussef_fire-smoke-hardnegatives-int8/images/hard_neg_372.jpg,data/raw/hf_candidates/medyoussef_fire-smoke-hardnegatives-int8/images/hard_neg_43.jpg
data/raw/hf_candidates/medyoussef_fire-smoke-hardnegatives-int8/images/hard_neg_1130.jpg,data/raw/hf_candidates/medyoussef_fire-smoke-hardnegatives-int8/images/hard_neg_43.jpg
data/raw/hf_candidates/medyoussef_fire-smoke-hardnegatives-int8/images/hard_neg_1124.jpg,data/raw/hf_candidates/medyoussef_fire-smoke-hardnegatives-int8/images/hard_neg_43.jpg
data/raw/hf_candidates/medyoussef_fire-smoke-hardnegatives-int8/images/hard_neg_366.jpg,data/raw/hf_candidates/medyoussef_fire-smoke-hardnegatives-int8/images/hard_neg_43.jpg
data/raw/hf_candidates/medyoussef_fire-smoke-hardnegatives-int8/images/hard_neg_3.jpg,data/raw/hf_candidates/medyoussef_fire-smoke-hardnegatives-int8/images/hard_neg_43.jpg
data/raw/hf_candidates/medyoussef_fire-smoke-hardnegatives-int8/images/hard_neg_400.jpg,data/raw/hf_candidates/medyoussef_fire-smoke-hardnegatives-int8/images/hard_neg_43.jpg
data/raw/hf_candidates/medyoussef_fire-smoke-hardnegatives-int8/images/hard_neg_428.jpg,data/raw/hf_candidates/medyoussef_fire-smoke-hardnegatives-int8/images/hard_neg_43.jpg
data/raw/hf_candidates/medyoussef_fire-smoke-hardnegatives-int8/images/hard_neg_1118.jpg,data/raw/hf_candidates/medyoussef_fire-smoke-hardnegatives-int8/images/hard_neg_43.jpg
data/raw/hf_candidates/medyoussef_fire-smoke-hardnegatives-int8/images/hard_neg_399.jpg,data/raw/hf_candidates/medyoussef_fire-smoke-hardnegatives-int8/images/hard_neg_43.jpg
data/raw/hf_candidates/medyoussef_fire-smoke-hardnegatives-int8/images/hard_neg_398.jpg,data/raw/hf_candidates/medyoussef_fire-smoke-hardnegatives-int8/images/hard_neg_43.jpg
data/raw/hf_candidates/medyoussef_fire-smoke-hardnegatives-int8/images/hard_neg_1119.jpg,data/raw/hf_candidates/medyoussef_fire-smoke-hardnegatives-int8/images/hard_neg_43.jpg
data/raw/hf_candidates/medyoussef_fire-smoke-hardnegatives-int8/images/hard_neg_429.jpg,data/raw/hf_candidates/medyoussef_fire-smoke-hardnegatives-int8/images/hard_neg_43.jpg
data/raw/hf_candidates/medyoussef_fire-smoke-hardnegatives-int8/images/hard_neg_2.jpg,data/raw/hf_candidates/medyoussef_fire-smoke-hardnegatives-int8/images/hard_neg_43.jpg
data/raw/hf_candidates/medyoussef_fire-smoke-hardnegatives-int8/images/hard_neg_367.jpg,data/raw/hf_candidates/medyoussef_fire-smoke-hardnegatives-int8/images/hard_neg_43.jpg
data/raw/hf_candidates/medyoussef_fire-smoke-hardnegatives-int8/images/hard_neg_1125.jpg,data/raw/hf_candidates/medyoussef_fire-smoke-hardnegatives-int8/images/hard_neg_43.jpg
data/raw/hf_candidates/medyoussef_fire-smoke-hardnegatives-int8/images/hard_neg_401.jpg,data/raw/hf_candidates/medyoussef_fire-smoke-hardnegatives-int8/images/hard_neg_43.jpg
data/raw/hf_candidates/medyoussef_fire-smoke-hardnegatives-int8/images/hard_neg_415.jpg,data/raw/hf_candidates/medyoussef_fire-smoke-hardnegatives-int8/images/hard_neg_43.jpg
data/raw/hf_candidates/medyoussef_fire-smoke-hardnegatives-int8/images/hard_neg_1131.jpg,data/raw/hf_candidates/medyoussef_fire-smoke-hardnegatives-int8/images/hard_neg_43.jpg
data/raw/hf_candidates/medyoussef_fire-smoke-hardnegatives-int8/images/hard_neg_373.jpg,data/raw/hf_candidates/medyoussef_fire-smoke-hardnegatives-int8/images/hard_neg_43.jpg
data/raw/hf_candidates/medyoussef_fire-smoke-hardnegatives-int8/images/hard_neg_824.jpg,data/raw/hf_candidates/medyoussef_fire-smoke-hardnegatives-int8/images/hard_neg_43.jpg
data/raw/hf_candidates/medyoussef_fire-smoke-hardnegatives-int8/images/hard_neg_830.jpg,data/raw/hf_candidates/medyoussef_fire-smoke-hardnegatives-int8/images/hard_neg_43.jpg
data/raw/hf_candidates/medyoussef_fire-smoke-hardnegatives-int8/images/hard_neg_1482.jpg,data/raw/hf_candidates/medyoussef_fire-smoke-hardnegatives-int8/images/hard_neg_43.jpg
data/raw/hf_candidates/medyoussef_fire-smoke-hardnegatives-int8/images/hard_neg_818.jpg,data/raw/hf_candidates/medyoussef_fire-smoke-hardnegatives-int8/images/hard_neg_43.jpg
data/raw/hf_candidates/medyoussef_fire-smoke-hardnegatives-int8/images/hard_neg_1496.jpg,data/raw/hf_candidates/medyoussef_fire-smoke-hardnegatives-int8/images/hard_neg_43.jpg
data/raw/hf_candidates/medyoussef_fire-smoke-hardnegatives-int8/images/hard_neg_159.jpg,data/raw/hf_candidates/medyoussef_fire-smoke-hardnegatives-int8/images/hard_neg_43.jpg
data/raw/hf_candidates/medyoussef_fire-smoke-hardnegatives-int8/images/hard_neg_1469.jpg,data/raw/hf_candidates/medyoussef_fire-smoke-hardnegatives-int8/images/hard_neg_43.jpg
data/raw/hf_candidates/medyoussef_fire-smoke-hardnegatives-int8/images/hard_neg_603.jpg,data/raw/hf_candidates/medyoussef_fire-smoke-hardnegatives-int8/images/hard_neg_43.jpg
data/raw/hf_candidates/medyoussef_fire-smoke-hardnegatives-int8/images/hard_neg_1441.jpg,data/raw/hf_candidates/medyoussef_fire-smoke-hardnegatives-int8/images/hard_neg_43.jpg
data/raw/hf_candidates/medyoussef_fire-smoke-hardnegatives-int8/images/hard_neg_1327.jpg,data/raw/hf_candidates/medyoussef_fire-smoke-hardnegatives-int8/images/hard_neg_43.jpg
data/raw/hf_candidates/medyoussef_fire-smoke-hardnegatives-int8/images/hard_neg_165.jpg,data/raw/hf_candidates/medyoussef_fire-smoke-hardnegatives-int8/images/hard_neg_43.jpg
data/raw/hf_candidates/medyoussef_fire-smoke-hardnegatives-int8/images/hard_neg_171.jpg,data/raw/hf_candidates/medyoussef_fire-smoke-hardnegatives-int8/images/hard_neg_43.jpg
data/raw/hf_candidates/medyoussef_fire-smoke-hardnegatives-int8/images/hard_neg_1333.jpg,data/raw/hf_candidates/medyoussef_fire-smoke-hardnegatives-int8/images/hard_neg_43.jpg
data/raw/hf_candidates/medyoussef_fire-smoke-hardnegatives-int8/images/hard_neg_1455.jpg,data/raw/hf_candidates/medyoussef_fire-smoke-hardnegatives-int8/images/hard_neg_43.jpg
data/raw/hf_candidates/medyoussef_fire-smoke-hardnegatives-int8/images/hard_neg_617.jpg,data/raw/hf_candidates/medyoussef_fire-smoke-hardnegatives-int8/images/hard_neg_43.jpg
data/raw/hf_candidates/medyoussef_fire-smoke-hardnegatives-int8/images/hard_neg_950.jpg,data/raw/hf_candidates/medyoussef_fire-smoke-hardnegatives-int8/images/hard_neg_43.jpg
data/raw/hf_candidates/medyoussef_fire-smoke-hardnegatives-int8/images/hard_neg_788.jpg,data/raw/hf_candidates/medyoussef_fire-smoke-hardnegatives-int8/images/hard_neg_43.jpg
data/raw/hf_candidates/medyoussef_fire-smoke-hardnegatives-int8/images/hard_neg_944.jpg,data/raw/hf_candidates/medyoussef_fire-smoke-hardnegatives-int8/images/hard_neg_43.jpg
data/raw/hf_candidates/medyoussef_fire-smoke-hardnegatives-int8/images/hard_neg_missing_1508.jpg,data/raw/hf_candidates/medyoussef_fire-smoke-hardnegatives-int8/images/hard_neg_43.jpg
data/raw/hf_candidates/medyoussef_fire-smoke-hardnegatives-int8/images/hard_neg_1290.jpg,data/raw/hf_candidates/medyoussef_fire-smoke-hardnegatives-int8/images/hard_neg_43.jpg
data/raw/hf_candidates/medyoussef_fire-smoke-hardnegatives-int8/images/hard_neg_1284.jpg,data/raw/hf_candidates/medyoussef_fire-smoke-hardnegatives-int8/images/hard_neg_43.jpg
data/raw/hf_candidates/medyoussef_fire-smoke-hardnegatives-int8/images/hard_neg_978.jpg,data/raw/hf_candidates/medyoussef_fire-smoke-hardnegatives-int8/images/hard_neg_43.jpg
data/raw/hf_candidates/medyoussef_fire-smoke-hardnegatives-int8/images/hard_neg_993.jpg,data/raw/hf_candidates/medyoussef_fire-smoke-hardnegatives-int8/images/hard_neg_43.jpg
data/raw/hf_candidates/medyoussef_fire-smoke-hardnegatives-int8/images/hard_neg_987.jpg,data/raw/hf_candidates/medyoussef_fire-smoke-hardnegatives-int8/images/hard_neg_43.jpg
data/raw/hf_candidates/medyoussef_fire-smoke-hardnegatives-int8/images/hard_neg_777.jpg,data/raw/hf_candidates/medyoussef_fire-smoke-hardnegatives-int8/images/hard_neg_43.jpg
data/raw/hf_candidates/medyoussef_fire-smoke-hardnegatives-int8/images/hard_neg_1253.jpg,data/raw/hf_candidates/medyoussef_fire-smoke-hardnegatives-int8/images/hard_neg_43.jpg
data/raw/hf_candidates/medyoussef_fire-smoke-hardnegatives-int8/images/hard_neg_1247.jpg,data/raw/hf_candidates/medyoussef_fire-smoke-hardnegatives-int8/images/hard_neg_43.jpg
data/raw/hf_candidates/medyoussef_fire-smoke-hardnegatives-int8/images/hard_neg_763.jpg,data/raw/hf_candidates/medyoussef_fire-smoke-hardnegatives-int8/images/hard_neg_43.jpg
data/raw/hf_candidates/medyoussef_fire-smoke-hardnegatives-int8/images/hard_neg_1092.jpg,data/raw/hf_candidates/medyoussef_fire-smoke-hardnegatives-int8/images/hard_neg_43.jpg
data/raw/hf_candidates/medyoussef_fire-smoke-hardnegatives-int8/images/hard_neg_1086.jpg,data/raw/hf_candidates/medyoussef_fire-smoke-hardnegatives-int8/images/hard_neg_43.jpg
data/raw/hf_candidates/medyoussef_fire-smoke-hardnegatives-int8/images/hard_neg_549.jpg,data/raw/hf_candidates/medyoussef_fire-smoke-hardnegatives-int8/images/hard_neg_43.jpg
data/raw/hf_candidates/medyoussef_fire-smoke-hardnegatives-int8/images/hard_neg_30.jpg,data/raw/hf_candidates/medyoussef_fire-smoke-hardnegatives-int8/images/hard_neg_43.jpg
data/raw/hf_candidates/medyoussef_fire-smoke-hardnegatives-int8/images/hard_neg_24.jpg,data/raw/hf_candidates/medyoussef_fire-smoke-hardnegatives-int8/images/hard_neg_43.jpg
data/raw/hf_candidates/medyoussef_fire-smoke-hardnegatives-int8/images/hard_neg_1079.jpg,data/raw/hf_candidates/medyoussef_fire-smoke-hardnegatives-int8/images/hard_neg_43.jpg
data/raw/hf_candidates/medyoussef_fire-smoke-hardnegatives-int8/images/hard_neg_213.jpg,data/raw/hf_candidates/medyoussef_fire-smoke-hardnegatives-int8/images/hard_neg_43.jpg
data/raw/hf_candidates/medyoussef_fire-smoke-hardnegatives-int8/images/hard_neg_1051.jpg,data/raw/hf_candidates/medyoussef_fire-smoke-hardnegatives-int8/images/hard_neg_43.jpg
data/raw/hf_candidates/medyoussef_fire-smoke-hardnegatives-int8/images/hard_neg_575.jpg,data/raw/hf_candidates/medyoussef_fire-smoke-hardnegatives-int8/images/hard_neg_43.jpg
data/raw/hf_candidates/medyoussef_fire-smoke-hardnegatives-int8/images/hard_neg_561.jpg,data/raw/hf_candidates/medyoussef_fire-smoke-hardnegatives-int8/images/hard_neg_43.jpg
data/raw/hf_candidates/medyoussef_fire-smoke-hardnegatives-int8/images/hard_neg_18.jpg,data/raw/hf_candidates/medyoussef_fire-smoke-hardnegatives-int8/images/hard_neg_43.jpg
data/raw/hf_candidates/medyoussef_fire-smoke-hardnegatives-int8/images/hard_neg_1045.jpg,data/raw/hf_candidates/medyoussef_fire-smoke-hardnegatives-int8/images/hard_neg_43.jpg
data/raw/hf_candidates/medyoussef_fire-smoke-hardnegatives-int8/images/hard_neg_207.jpg,data/raw/hf_candidates/medyoussef_fire-smoke-hardnegatives-int8/images/hard_neg_43.jpg
data/raw/hf_candidates/medyoussef_fire-smoke-hardnegatives-int8/images/hard_neg_578.jpg,data/raw/hf_candidates/medyoussef_fire-smoke-hardnegatives-int8/images/hard_neg_43.jpg
data/raw/hf_candidates/medyoussef_fire-smoke-hardnegatives-int8/images/hard_neg_15.jpg,data/raw/hf_candidates/medyoussef_fire-smoke-hardnegatives-int8/images/hard_neg_43.jpg
data/raw/hf_candidates/medyoussef_fire-smoke-hardnegatives-int8/images/hard_neg_1048.jpg,data/raw/hf_candidates/medyoussef_fire-smoke-hardnegatives-int8/images/hard_neg_43.jpg
data/raw/hf_candidates/medyoussef_fire-smoke-hardnegatives-int8/images/hard_neg_1060.jpg,data/raw/hf_candidates/medyoussef_fire-smoke-hardnegatives-int8/images/hard_neg_43.jpg
data/raw/hf_candidates/medyoussef_fire-smoke-hardnegatives-int8/images/hard_neg_222.jpg,data/raw/hf_candidates/medyoussef_fire-smoke-hardnegatives-int8/images/hard_neg_43.jpg
data/raw/hf_candidates/medyoussef_fire-smoke-hardnegatives-int8/images/hard_neg_544.jpg,data/raw/hf_candidates/medyoussef_fire-smoke-hardnegatives-int8/images/hard_neg_43.jpg
data/raw/hf_candidates/medyoussef_fire-smoke-hardnegatives-int8/images/hard_neg_29.jpg,data/raw/hf_candidates/medyoussef_fire-smoke-hardnegatives-int8/images/hard_neg_43.jpg
data/raw/hf_candidates/medyoussef_fire-smoke-hardnegatives-int8/images/hard_neg_550.jpg,data/raw/hf_candidates/medyoussef_fire-smoke-hardnegatives-int8/images/hard_neg_43.jpg
data/raw/hf_candidates/medyoussef_fire-smoke-hardnegatives-int8/images/hard_neg_236.jpg,data/raw/hf_candidates/medyoussef_fire-smoke-hardnegatives-int8/images/hard_neg_43.jpg
data/raw/hf_candidates/medyoussef_fire-smoke-hardnegatives-int8/images/hard_neg_1074.jpg,data/raw/hf_candidates/medyoussef_fire-smoke-hardnegatives-int8/images/hard_neg_43.jpg
data/raw/hf_candidates/medyoussef_fire-smoke-hardnegatives-int8/images/hard_neg_587.jpg,data/raw/hf_candidates/medyoussef_fire-smoke-hardnegatives-int8/images/hard_neg_43.jpg
data/raw/hf_candidates/medyoussef_fire-smoke-hardnegatives-int8/images/hard_neg_593.jpg,data/raw/hf_candidates/medyoussef_fire-smoke-hardnegatives-int8/images/hard_neg_43.jpg
data/raw/hf_candidates/medyoussef_fire-smoke-hardnegatives-int8/images/hard_neg_746.jpg,data/raw/hf_candidates/medyoussef_fire-smoke-hardnegatives-int8/images/hard_neg_43.jpg
data/raw/hf_candidates/medyoussef_fire-smoke-hardnegatives-int8/images/hard_neg_1262.jpg,data/raw/hf_candidates/medyoussef_fire-smoke-hardnegatives-int8/images/hard_neg_43.jpg
data/raw/hf_candidates/medyoussef_fire-smoke-hardnegatives-int8/images/hard_neg_1276.jpg,data/raw/hf_candidates/medyoussef_fire-smoke-hardnegatives-int8/images/hard_neg_43.jpg
data/raw/hf_candidates/medyoussef_fire-smoke-hardnegatives-int8/images/hard_neg_752.jpg,data/raw/hf_candidates/medyoussef_fire-smoke-hardnegatives-int8/images/hard_neg_43.jpg
data/raw/hf_candidates/medyoussef_fire-smoke-hardnegatives-int8/images/hard_neg_missing_1505.jpg,data/raw/hf_candidates/medyoussef_fire-smoke-hardnegatives-int8/images/hard_neg_43.jpg
data/raw/hf_candidates/medyoussef_fire-smoke-hardnegatives-int8/images/hard_neg_961.jpg,data/raw/hf_candidates/medyoussef_fire-smoke-hardnegatives-int8/images/hard_neg_43.jpg
data/raw/hf_candidates/medyoussef_fire-smoke-hardnegatives-int8/images/hard_neg_1289.jpg,data/raw/hf_candidates/medyoussef_fire-smoke-hardnegatives-int8/images/hard_neg_43.jpg
data/raw/hf_candidates/medyoussef_fire-smoke-hardnegatives-int8/images/hard_neg_975.jpg,data/raw/hf_candidates/medyoussef_fire-smoke-hardnegatives-int8/images/hard_neg_43.jpg
data/raw/hf_candidates/medyoussef_fire-smoke-hardnegatives-int8/images/hard_neg_785.jpg,data/raw/hf_candidates/medyoussef_fire-smoke-hardnegatives-int8/images/hard_neg_43.jpg
data/raw/hf_candidates/medyoussef_fire-smoke-hardnegatives-int8/images/hard_neg_791.jpg,data/raw/hf_candidates/medyoussef_fire-smoke-hardnegatives-int8/images/hard_neg_43.jpg
data/raw/hf_candidates/medyoussef_fire-smoke-hardnegatives-int8/images/hard_neg_949.jpg,data/raw/hf_candidates/medyoussef_fire-smoke-hardnegatives-int8/images/hard_neg_43.jpg
data/raw/hf_candidates/medyoussef_fire-smoke-hardnegatives-int8/images/hard_neg_168.jpg,data/raw/hf_candidates/medyoussef_fire-smoke-hardnegatives-int8/images/hard_neg_43.jpg
data/raw/hf_candidates/medyoussef_fire-smoke-hardnegatives-int8/images/hard_neg_1458.jpg,data/raw/hf_candidates/medyoussef_fire-smoke-hardnegatives-int8/images/hard_neg_43.jpg
data/raw/hf_candidates/medyoussef_fire-smoke-hardnegatives-int8/images/hard_neg_1470.jpg,data/raw/hf_candidates/medyoussef_fire-smoke-hardnegatives-int8/images/hard_neg_43.jpg
data/raw/hf_candidates/medyoussef_fire-smoke-hardnegatives-int8/images/hard_neg_632.jpg,data/raw/hf_candidates/medyoussef_fire-smoke-hardnegatives-int8/images/hard_neg_43.jpg
data/raw/hf_candidates/medyoussef_fire-smoke-hardnegatives-int8/images/hard_neg_154.jpg,data/raw/hf_candidates/medyoussef_fire-smoke-hardnegatives-int8/images/hard_neg_43.jpg
data/raw/hf_candidates/medyoussef_fire-smoke-hardnegatives-int8/images/hard_neg_1316.jpg,data/raw/hf_candidates/medyoussef_fire-smoke-hardnegatives-int8/images/hard_neg_43.jpg
data/raw/hf_candidates/medyoussef_fire-smoke-hardnegatives-int8/images/hard_neg_1302.jpg,data/raw/hf_candidates/medyoussef_fire-smoke-hardnegatives-int8/images/hard_neg_43.jpg
data/raw/hf_candidates/medyoussef_fire-smoke-hardnegatives-int8/images/hard_neg_140.jpg,data/raw/hf_candidates/medyoussef_fire-smoke-hardnegatives-int8/images/hard_neg_43.jpg
data/raw/hf_candidates/medyoussef_fire-smoke-hardnegatives-int8/images/hard_neg_626.jpg,data/raw/hf_candidates/medyoussef_fire-smoke-hardnegatives-int8/images/hard_neg_43.jpg
data/raw/hf_candidates/medyoussef_fire-smoke-hardnegatives-int8/images/hard_neg_1464.jpg,data/raw/hf_candidates/medyoussef_fire-smoke-hardnegatives-int8/images/hard_neg_43.jpg
data/raw/hf_candidates/medyoussef_fire-smoke-hardnegatives-int8/images/hard_neg_815.jpg,data/raw/hf_candidates/medyoussef_fire-smoke-hardnegatives-int8/images/hard_neg_43.jpg
data/raw/hf_candidates/medyoussef_fire-smoke-hardnegatives-int8/images/hard_neg_801.jpg,data/raw/hf_candidates/medyoussef_fire-smoke-hardnegatives-int8/images/hard_neg_43.jpg
data/raw/hf_candidates/medyoussef_fire-smoke-hardnegatives-int8/images/hard_neg_829.jpg,data/raw/hf_candidates/medyoussef_fire-smoke-hardnegatives-int8/images/hard_neg_43.jpg
data/raw/hf_candidates/medyoussef_fire-smoke-hardnegatives-int8/images/hard_neg_197.jpg,data/raw/hf_candidates/medyoussef_fire-smoke-hardnegatives-int8/images/hard_neg_43.jpg
data/raw/hf_candidates/medyoussef_fire-smoke-hardnegatives-int8/images/hard_neg_183.jpg,data/raw/hf_candidates/medyoussef_fire-smoke-hardnegatives-int8/images/hard_neg_43.jpg
data/raw/hf_candidates/medyoussef_fire-smoke-hardnegatives-int8/images/hard_neg_1128.jpg,data/raw/hf_candidates/medyoussef_fire-smoke-hardnegatives-int8/images/hard_neg_43.jpg
data/raw/hf_candidates/medyoussef_fire-smoke-hardnegatives-int8/images/hard_neg_418.jpg,data/raw/hf_candidates/medyoussef_fire-smoke-hardnegatives-int8/images/hard_neg_43.jpg
data/raw/hf_candidates/medyoussef_fire-smoke-hardnegatives-int8/images/hard_neg_1114.jpg,data/raw/hf_candidates/medyoussef_fire-smoke-hardnegatives-int8/images/hard_neg_43.jpg
data/raw/hf_candidates/medyoussef_fire-smoke-hardnegatives-int8/images/hard_neg_356.jpg,data/raw/hf_candidates/medyoussef_fire-smoke-hardnegatives-int8/images/hard_neg_43.jpg
data/raw/hf_candidates/medyoussef_fire-smoke-hardnegatives-int8/images/hard_neg_430.jpg,data/raw/hf_candidates/medyoussef_fire-smoke-hardnegatives-int8/images/hard_neg_43.jpg
data/raw/hf_candidates/medyoussef_fire-smoke-hardnegatives-int8/images/hard_neg_424.jpg,data/raw/hf_candidates/medyoussef_fire-smoke-hardnegatives-int8/images/hard_neg_43.jpg
data/raw/hf_candidates/medyoussef_fire-smoke-hardnegatives-int8/images/hard_neg_342.jpg,data/raw/hf_candidates/medyoussef_fire-smoke-hardnegatives-int8/images/hard_neg_43.jpg
data/raw/hf_candidates/medyoussef_fire-smoke-hardnegatives-int8/images/hard_neg_1100.jpg,data/raw/hf_candidates/medyoussef_fire-smoke-hardnegatives-int8/images/hard_neg_43.jpg
data/raw/hf_candidates/medyoussef_fire-smoke-hardnegatives-int8/images/hard_neg_395.jpg,data/raw/hf_candidates/medyoussef_fire-smoke-hardnegatives-int8/images/hard_neg_43.jpg
data/raw/hf_candidates/medyoussef_fire-smoke-hardnegatives-int8/images/hard_neg_381.jpg,data/raw/hf_candidates/medyoussef_fire-smoke-hardnegatives-int8/images/hard_neg_43.jpg
data/raw/hf_candidates/medyoussef_fire-smoke-hardnegatives-int8/images/hard_neg_380.jpg,data/raw/hf_candidates/medyoussef_fire-smoke-hardnegatives-int8/images/hard_neg_43.jpg
data/raw/hf_candidates/medyoussef_fire-smoke-hardnegatives-int8/images/hard_neg_394.jpg,data/raw/hf_candidates/medyoussef_fire-smoke-hardnegatives-int8/images/hard_neg_43.jpg
data/raw/hf_candidates/medyoussef_fire-smoke-hardnegatives-int8/images/hard_neg_425.jpg,data/raw/hf_candidates/medyoussef_fire-smoke-hardnegatives-int8/images/hard_neg_43.jpg
data/raw/hf_candidates/medyoussef_fire-smoke-hardnegatives-int8/images/hard_neg_1101.jpg,data/raw/hf_candidates/medyoussef_fire-smoke-hardnegatives-int8/images/hard_neg_43.jpg
data/raw/hf_candidates/medyoussef_fire-smoke-hardnegatives-int8/images/hard_neg_343.jpg,data/raw/hf_candidates/medyoussef_fire-smoke-hardnegatives-int8/images/hard_neg_43.jpg
data/raw/hf_candidates/medyoussef_fire-smoke-hardnegatives-int8/images/hard_neg_357.jpg,data/raw/hf_candidates/medyoussef_fire-smoke-hardnegatives-int8/images/hard_neg_43.jpg
data/raw/hf_candidates/medyoussef_fire-smoke-hardnegatives-int8/images/hard_neg_1115.jpg,data/raw/hf_candidates/medyoussef_fire-smoke-hardnegatives-int8/images/hard_neg_43.jpg
data/raw/hf_candidates/medyoussef_fire-smoke-hardnegatives-int8/images/hard_neg_431.jpg,data/raw/hf_candidates/medyoussef_fire-smoke-hardnegatives-int8/images/hard_neg_43.jpg
data/raw/hf_candidates/medyoussef_fire-smoke-hardnegatives-int8/images/hard_neg_419.jpg,data/raw/hf_candidates/medyoussef_fire-smoke-hardnegatives-int8/images/hard_neg_43.jpg
data/raw/hf_candidates/medyoussef_fire-smoke-hardnegatives-int8/images/hard_neg_1129.jpg,data/raw/hf_candidates/medyoussef_fire-smoke-hardnegatives-int8/images/hard_neg_43.jpg
data/raw/hf_candidates/medyoussef_fire-smoke-hardnegatives-int8/images/hard_neg_182.jpg,data/raw/hf_candidates/medyoussef_fire-smoke-hardnegatives-int8/images/hard_neg_43.jpg
data/raw/hf_candidates/medyoussef_fire-smoke-hardnegatives-int8/images/hard_neg_828.jpg,data/raw/hf_candidates/medyoussef_fire-smoke-hardnegatives-int8/images/hard_neg_43.jpg
data/raw/hf_candidates/medyoussef_fire-smoke-hardnegatives-int8/images/hard_neg_196.jpg,data/raw/hf_candidates/medyoussef_fire-smoke-hardnegatives-int8/images/hard_neg_43.jpg
data/raw/hf_candidates/medyoussef_fire-smoke-hardnegatives-int8/images/hard_neg_800.jpg,data/raw/hf_candidates/medyoussef_fire-smoke-hardnegatives-int8/images/hard_neg_43.jpg
data/raw/hf_candidates/medyoussef_fire-smoke-hardnegatives-int8/images/hard_neg_814.jpg,data/raw/hf_candidates/medyoussef_fire-smoke-hardnegatives-int8/images/hard_neg_43.jpg
data/raw/hf_candidates/medyoussef_fire-smoke-hardnegatives-int8/images/hard_neg_141.jpg,data/raw/hf_candidates/medyoussef_fire-smoke-hardnegatives-int8/images/hard_neg_43.jpg
data/raw/hf_candidates/medyoussef_fire-smoke-hardnegatives-int8/images/hard_neg_1303.jpg,data/raw/hf_candidates/medyoussef_fire-smoke-hardnegatives-int8/images/hard_neg_43.jpg
data/raw/hf_candidates/medyoussef_fire-smoke-hardnegatives-int8/images/hard_neg_1465.jpg,data/raw/hf_candidates/medyoussef_fire-smoke-hardnegatives-int8/images/hard_neg_43.jpg
data/raw/hf_candidates/medyoussef_fire-smoke-hardnegatives-int8/images/hard_neg_627.jpg,data/raw/hf_candidates/medyoussef_fire-smoke-hardnegatives-int8/images/hard_neg_43.jpg
data/raw/hf_candidates/medyoussef_fire-smoke-hardnegatives-int8/images/hard_neg_633.jpg,data/raw/hf_candidates/medyoussef_fire-smoke-hardnegatives-int8/images/hard_neg_43.jpg
data/raw/hf_candidates/medyoussef_fire-smoke-hardnegatives-int8/images/hard_neg_1471.jpg,data/raw/hf_candidates/medyoussef_fire-smoke-hardnegatives-int8/images/hard_neg_43.jpg
data/raw/hf_candidates/medyoussef_fire-smoke-hardnegatives-int8/images/hard_neg_1317.jpg,data/raw/hf_candidates/medyoussef_fire-smoke-hardnegatives-int8/images/hard_neg_43.jpg
data/raw/hf_candidates/medyoussef_fire-smoke-hardnegatives-int8/images/hard_neg_155.jpg,data/raw/hf_candidates/medyoussef_fire-smoke-hardnegatives-int8/images/hard_neg_43.jpg
data/raw/hf_candidates/medyoussef_fire-smoke-hardnegatives-int8/images/hard_neg_1459.jpg,data/raw/hf_candidates/medyoussef_fire-smoke-hardnegatives-int8/images/hard_neg_43.jpg
data/raw/hf_candidates/medyoussef_fire-smoke-hardnegatives-int8/images/hard_neg_169.jpg,data/raw/hf_candidates/medyoussef_fire-smoke-hardnegatives-int8/images/hard_neg_43.jpg
data/raw/hf_candidates/medyoussef_fire-smoke-hardnegatives-int8/images/hard_neg_948.jpg,data/raw/hf_candidates/medyoussef_fire-smoke-hardnegatives-int8/images/hard_neg_43.jpg
data/raw/hf_candidates/medyoussef_fire-smoke-hardnegatives-int8/images/hard_neg_790.jpg,data/raw/hf_candidates/medyoussef_fire-smoke-hardnegatives-int8/images/hard_neg_43.jpg
data/raw/hf_candidates/medyoussef_fire-smoke-hardnegatives-int8/images/hard_neg_784.jpg,data/raw/hf_candidates/medyoussef_fire-smoke-hardnegatives-int8/images/hard_neg_43.jpg
data/raw/hf_candidates/medyoussef_fire-smoke-hardnegatives-int8/images/hard_neg_1288.jpg,data/raw/hf_candidates/medyoussef_fire-smoke-hardnegatives-int8/images/hard_neg_43.jpg
data/raw/hf_candidates/medyoussef_fire-smoke-hardnegatives-int8/images/hard_neg_974.jpg,data/raw/hf_candidates/medyoussef_fire-smoke-hardnegatives-int8/images/hard_neg_43.jpg
data/raw/hf_candidates/medyoussef_fire-smoke-hardnegatives-int8/images/hard_neg_960.jpg,data/raw/hf_candidates/medyoussef_fire-smoke-hardnegatives-int8/images/hard_neg_43.jpg
data/raw/hf_candidates/medyoussef_fire-smoke-hardnegatives-int8/images/hard_neg_missing_1504.jpg,data/raw/hf_candidates/medyoussef_fire-smoke-hardnegatives-int8/images/hard_neg_43.jpg
data/raw/hf_candidates/medyoussef_fire-smoke-hardnegatives-int8/images/hard_neg_1277.jpg,data/raw/hf_candidates/medyoussef_fire-smoke-hardnegatives-int8/images/hard_neg_43.jpg
data/raw/hf_candidates/medyoussef_fire-smoke-hardnegatives-int8/images/hard_neg_753.jpg,data/raw/hf_candidates/medyoussef_fire-smoke-hardnegatives-int8/images/hard_neg_43.jpg
data/raw/hf_candidates/medyoussef_fire-smoke-hardnegatives-int8/images/hard_neg_747.jpg,data/raw/hf_candidates/medyoussef_fire-smoke-hardnegatives-int8/images/hard_neg_43.jpg
data/raw/hf_candidates/medyoussef_fire-smoke-hardnegatives-int8/images/hard_neg_1263.jpg,data/raw/hf_candidates/medyoussef_fire-smoke-hardnegatives-int8/images/hard_neg_43.jpg
data/raw/hf_candidates/medyoussef_fire-smoke-hardnegatives-int8/images/hard_neg_592.jpg,data/raw/hf_candidates/medyoussef_fire-smoke-hardnegatives-int8/images/hard_neg_43.jpg
data/raw/hf_candidates/medyoussef_fire-smoke-hardnegatives-int8/images/hard_neg_586.jpg,data/raw/hf_candidates/medyoussef_fire-smoke-hardnegatives-int8/images/hard_neg_43.jpg
data/raw/hf_candidates/medyoussef_fire-smoke-hardnegatives-int8/images/hard_neg_551.jpg,data/raw/hf_candidates/medyoussef_fire-smoke-hardnegatives-int8/images/hard_neg_43.jpg
data/raw/hf_candidates/medyoussef_fire-smoke-hardnegatives-int8/images/hard_neg_28.jpg,data/raw/hf_candidates/medyoussef_fire-smoke-hardnegatives-int8/images/hard_neg_43.jpg
data/raw/hf_candidates/medyoussef_fire-smoke-hardnegatives-int8/images/hard_neg_1075.jpg,data/raw/hf_candidates/medyoussef_fire-smoke-hardnegatives-int8/images/hard_neg_43.jpg
data/raw/hf_candidates/medyoussef_fire-smoke-hardnegatives-int8/images/hard_neg_237.jpg,data/raw/hf_candidates/medyoussef_fire-smoke-hardnegatives-int8/images/hard_neg_43.jpg
data/raw/hf_candidates/medyoussef_fire-smoke-hardnegatives-int8/images/hard_neg_223.jpg,data/raw/hf_candidates/medyoussef_fire-smoke-hardnegatives-int8/images/hard_neg_43.jpg
data/raw/hf_candidates/medyoussef_fire-smoke-hardnegatives-int8/images/hard_neg_1061.jpg,data/raw/hf_candidates/medyoussef_fire-smoke-hardnegatives-int8/images/hard_neg_43.jpg
data/raw/hf_candidates/medyoussef_fire-smoke-hardnegatives-int8/images/hard_neg_545.jpg,data/raw/hf_candidates/medyoussef_fire-smoke-hardnegatives-int8/images/hard_neg_43.jpg
data/raw/hf_candidates/medyoussef_fire-smoke-hardnegatives-int8/images/hard_neg_14.jpg,data/raw/hf_candidates/medyoussef_fire-smoke-hardnegatives-int8/images/hard_neg_43.jpg
data/raw/hf_candidates/medyoussef_fire-smoke-hardnegatives-int8/images/hard_neg_1049.jpg,data/raw/hf_candidates/medyoussef_fire-smoke-hardnegatives-int8/images/hard_neg_43.jpg
data/raw/hf_candidates/medyoussef_fire-smoke-hardnegatives-int8/images/hard_neg_579.jpg,data/raw/hf_candidates/medyoussef_fire-smoke-hardnegatives-int8/images/hard_neg_43.jpg
data/raw/hf_candidates/medyoussef_fire-smoke-hardnegatives-int8/images/hard_neg_209.jpg,data/raw/hf_candidates/medyoussef_fire-smoke-hardnegatives-int8/images/hard_neg_43.jpg
data/raw/hf_candidates/medyoussef_fire-smoke-hardnegatives-int8/images/hard_neg_16.jpg,data/raw/hf_candidates/medyoussef_fire-smoke-hardnegatives-int8/images/hard_neg_43.jpg
data/raw/hf_candidates/medyoussef_fire-smoke-hardnegatives-int8/images/hard_neg_235.jpg,data/raw/hf_candidates/medyoussef_fire-smoke-hardnegatives-int8/images/hard_neg_43.jpg
data/raw/hf_candidates/medyoussef_fire-smoke-hardnegatives-int8/images/hard_neg_1077.jpg,data/raw/hf_candidates/medyoussef_fire-smoke-hardnegatives-int8/images/hard_neg_43.jpg
data/raw/hf_candidates/medyoussef_fire-smoke-hardnegatives-int8/images/hard_neg_553.jpg,data/raw/hf_candidates/medyoussef_fire-smoke-hardnegatives-int8/images/hard_neg_43.jpg
data/raw/hf_candidates/medyoussef_fire-smoke-hardnegatives-int8/images/hard_neg_547.jpg,data/raw/hf_candidates/medyoussef_fire-smoke-hardnegatives-int8/images/hard_neg_43.jpg
data/raw/hf_candidates/medyoussef_fire-smoke-hardnegatives-int8/images/hard_neg_1063.jpg,data/raw/hf_candidates/medyoussef_fire-smoke-hardnegatives-int8/images/hard_neg_43.jpg
data/raw/hf_candidates/medyoussef_fire-smoke-hardnegatives-int8/images/hard_neg_221.jpg,data/raw/hf_candidates/medyoussef_fire-smoke-hardnegatives-int8/images/hard_neg_43.jpg
data/raw/hf_candidates/medyoussef_fire-smoke-hardnegatives-int8/images/hard_neg_1088.jpg,data/raw/hf_candidates/medyoussef_fire-smoke-hardnegatives-int8/images/hard_neg_43.jpg
data/raw/hf_candidates/medyoussef_fire-smoke-hardnegatives-int8/images/hard_neg_590.jpg,data/raw/hf_candidates/medyoussef_fire-smoke-hardnegatives-int8/images/hard_neg_43.jpg
data/raw/hf_candidates/medyoussef_fire-smoke-hardnegatives-int8/images/hard_neg_584.jpg,data/raw/hf_candidates/medyoussef_fire-smoke-hardnegatives-int8/images/hard_neg_43.jpg
data/raw/hf_candidates/medyoussef_fire-smoke-hardnegatives-int8/images/hard_neg_1249.jpg,data/raw/hf_candidates/medyoussef_fire-smoke-hardnegatives-int8/images/hard_neg_43.jpg
data/raw/hf_candidates/medyoussef_fire-smoke-hardnegatives-int8/images/hard_neg_779.jpg,data/raw/hf_candidates/medyoussef_fire-smoke-hardnegatives-int8/images/hard_neg_43.jpg
data/raw/hf_candidates/medyoussef_fire-smoke-hardnegatives-int8/images/hard_neg_989.jpg,data/raw/hf_candidates/medyoussef_fire-smoke-hardnegatives-int8/images/hard_neg_43.jpg
data/raw/hf_candidates/medyoussef_fire-smoke-hardnegatives-int8/images/hard_neg_751.jpg,data/raw/hf_candidates/medyoussef_fire-smoke-hardnegatives-int8/images/hard_neg_43.jpg
data/raw/hf_candidates/medyoussef_fire-smoke-hardnegatives-int8/images/hard_neg_1275.jpg,data/raw/hf_candidates/medyoussef_fire-smoke-hardnegatives-int8/images/hard_neg_43.jpg
data/raw/hf_candidates/medyoussef_fire-smoke-hardnegatives-int8/images/hard_neg_1261.jpg,data/raw/hf_candidates/medyoussef_fire-smoke-hardnegatives-int8/images/hard_neg_43.jpg
data/raw/hf_candidates/medyoussef_fire-smoke-hardnegatives-int8/images/hard_neg_745.jpg,data/raw/hf_candidates/medyoussef_fire-smoke-hardnegatives-int8/images/hard_neg_43.jpg
data/raw/hf_candidates/medyoussef_fire-smoke-hardnegatives-int8/images/hard_neg_976.jpg,data/raw/hf_candidates/medyoussef_fire-smoke-hardnegatives-int8/images/hard_neg_43.jpg
data/raw/hf_candidates/medyoussef_fire-smoke-hardnegatives-int8/images/hard_neg_missing_1506.jpg,data/raw/hf_candidates/medyoussef_fire-smoke-hardnegatives-int8/images/hard_neg_43.jpg
data/raw/hf_candidates/medyoussef_fire-smoke-hardnegatives-int8/images/hard_neg_962.jpg,data/raw/hf_candidates/medyoussef_fire-smoke-hardnegatives-int8/images/hard_neg_43.jpg
data/raw/hf_candidates/medyoussef_fire-smoke-hardnegatives-int8/images/hard_neg_792.jpg,data/raw/hf_candidates/medyoussef_fire-smoke-hardnegatives-int8/images/hard_neg_43.jpg
data/raw/hf_candidates/medyoussef_fire-smoke-hardnegatives-int8/images/hard_neg_786.jpg,data/raw/hf_candidates/medyoussef_fire-smoke-hardnegatives-int8/images/hard_neg_43.jpg
data/raw/hf_candidates/medyoussef_fire-smoke-hardnegatives-int8/images/hard_neg_619.jpg,data/raw/hf_candidates/medyoussef_fire-smoke-hardnegatives-int8/images/hard_neg_43.jpg
data/raw/hf_candidates/medyoussef_fire-smoke-hardnegatives-int8/images/hard_neg_1329.jpg,data/raw/hf_candidates/medyoussef_fire-smoke-hardnegatives-int8/images/hard_neg_43.jpg
data/raw/hf_candidates/medyoussef_fire-smoke-hardnegatives-int8/images/hard_neg_625.jpg,data/raw/hf_candidates/medyoussef_fire-smoke-hardnegatives-int8/images/hard_neg_43.jpg
data/raw/hf_candidates/medyoussef_fire-smoke-hardnegatives-int8/images/hard_neg_1467.jpg,data/raw/hf_candidates/medyoussef_fire-smoke-hardnegatives-int8/images/hard_neg_43.jpg
data/raw/hf_candidates/medyoussef_fire-smoke-hardnegatives-int8/images/hard_neg_1301.jpg,data/raw/hf_candidates/medyoussef_fire-smoke-hardnegatives-int8/images/hard_neg_43.jpg
data/raw/hf_candidates/medyoussef_fire-smoke-hardnegatives-int8/images/hard_neg_143.jpg,data/raw/hf_candidates/medyoussef_fire-smoke-hardnegatives-int8/images/hard_neg_43.jpg
data/raw/hf_candidates/medyoussef_fire-smoke-hardnegatives-int8/images/hard_neg_157.jpg,data/raw/hf_candidates/medyoussef_fire-smoke-hardnegatives-int8/images/hard_neg_43.jpg
data/raw/hf_candidates/medyoussef_fire-smoke-hardnegatives-int8/images/hard_neg_1315.jpg,data/raw/hf_candidates/medyoussef_fire-smoke-hardnegatives-int8/images/hard_neg_43.jpg
data/raw/hf_candidates/medyoussef_fire-smoke-hardnegatives-int8/images/hard_neg_1473.jpg,data/raw/hf_candidates/medyoussef_fire-smoke-hardnegatives-int8/images/hard_neg_43.jpg
data/raw/hf_candidates/medyoussef_fire-smoke-hardnegatives-int8/images/hard_neg_631.jpg,data/raw/hf_candidates/medyoussef_fire-smoke-hardnegatives-int8/images/hard_neg_43.jpg
data/raw/hf_candidates/medyoussef_fire-smoke-hardnegatives-int8/images/hard_neg_802.jpg,data/raw/hf_candidates/medyoussef_fire-smoke-hardnegatives-int8/images/hard_neg_43.jpg
data/raw/hf_candidates/medyoussef_fire-smoke-hardnegatives-int8/images/hard_neg_1498.jpg,data/raw/hf_candidates/medyoussef_fire-smoke-hardnegatives-int8/images/hard_neg_43.jpg
data/raw/hf_candidates/medyoussef_fire-smoke-hardnegatives-int8/images/hard_neg_816.jpg,data/raw/hf_candidates/medyoussef_fire-smoke-hardnegatives-int8/images/hard_neg_43.jpg
data/raw/hf_candidates/medyoussef_fire-smoke-hardnegatives-int8/images/hard_neg_180.jpg,data/raw/hf_candidates/medyoussef_fire-smoke-hardnegatives-int8/images/hard_neg_43.jpg
data/raw/hf_candidates/medyoussef_fire-smoke-hardnegatives-int8/images/hard_neg_194.jpg,data/raw/hf_candidates/medyoussef_fire-smoke-hardnegatives-int8/images/hard_neg_43.jpg
data/raw/hf_candidates/medyoussef_fire-smoke-hardnegatives-int8/images/hard_neg_369.jpg,data/raw/hf_candidates/medyoussef_fire-smoke-hardnegatives-int8/images/hard_neg_43.jpg
data/raw/hf_candidates/medyoussef_fire-smoke-hardnegatives-int8/images/hard_neg_341.jpg,data/raw/hf_candidates/medyoussef_fire-smoke-hardnegatives-int8/images/hard_neg_43.jpg
data/raw/hf_candidates/medyoussef_fire-smoke-hardnegatives-int8/images/hard_neg_1103.jpg,data/raw/hf_candidates/medyoussef_fire-smoke-hardnegatives-int8/images/hard_neg_43.jpg
data/raw/hf_candidates/medyoussef_fire-smoke-hardnegatives-int8/images/hard_neg_427.jpg,data/raw/hf_candidates/medyoussef_fire-smoke-hardnegatives-int8/images/hard_neg_43.jpg
data/raw/hf_candidates/medyoussef_fire-smoke-hardnegatives-int8/images/hard_neg_433.jpg,data/raw/hf_candidates/medyoussef_fire-smoke-hardnegatives-int8/images/hard_neg_43.jpg
data/raw/hf_candidates/medyoussef_fire-smoke-hardnegatives-int8/images/hard_neg_1117.jpg,data/raw/hf_candidates/medyoussef_fire-smoke-hardnegatives-int8/images/hard_neg_43.jpg
data/raw/hf_candidates/medyoussef_fire-smoke-hardnegatives-int8/images/hard_neg_355.jpg,data/raw/hf_candidates/medyoussef_fire-smoke-hardnegatives-int8/images/hard_neg_43.jpg
data/raw/hf_candidates/medyoussef_fire-smoke-hardnegatives-int8/images/hard_neg_382.jpg,data/raw/hf_candidates/medyoussef_fire-smoke-hardnegatives-int8/images/hard_neg_43.jpg
data/raw/hf_candidates/medyoussef_fire-smoke-hardnegatives-int8/images/hard_neg_396.jpg,data/raw/hf_candidates/medyoussef_fire-smoke-hardnegatives-int8/images/hard_neg_43.jpg
data/raw/hf_candidates/medyoussef_fire-smoke-hardnegatives-int8/images/hard_neg_397.jpg,data/raw/hf_candidates/medyoussef_fire-smoke-hardnegatives-int8/images/hard_neg_43.jpg
data/raw/hf_candidates/medyoussef_fire-smoke-hardnegatives-int8/images/hard_neg_383.jpg,data/raw/hf_candidates/medyoussef_fire-smoke-hardnegatives-int8/images/hard_neg_43.jpg
data/raw/hf_candidates/medyoussef_fire-smoke-hardnegatives-int8/images/hard_neg_432.jpg,data/raw/hf_candidates/medyoussef_fire-smoke-hardnegatives-int8/images/hard_neg_43.jpg
data/raw/hf_candidates/medyoussef_fire-smoke-hardnegatives-int8/images/hard_neg_354.jpg,data/raw/hf_candidates/medyoussef_fire-smoke-hardnegatives-int8/images/hard_neg_43.jpg
data/raw/hf_candidates/medyoussef_fire-smoke-hardnegatives-int8/images/hard_neg_1116.jpg,data/raw/hf_candidates/medyoussef_fire-smoke-hardnegatives-int8/images/hard_neg_43.jpg
data/raw/hf_candidates/medyoussef_fire-smoke-hardnegatives-int8/images/hard_neg_1102.jpg,data/raw/hf_candidates/medyoussef_fire-smoke-hardnegatives-int8/images/hard_neg_43.jpg
data/raw/hf_candidates/medyoussef_fire-smoke-hardnegatives-int8/images/hard_neg_340.jpg,data/raw/hf_candidates/medyoussef_fire-smoke-hardnegatives-int8/images/hard_neg_43.jpg
data/raw/hf_candidates/medyoussef_fire-smoke-hardnegatives-int8/images/hard_neg_426.jpg,data/raw/hf_candidates/medyoussef_fire-smoke-hardnegatives-int8/images/hard_neg_43.jpg
data/raw/hf_candidates/medyoussef_fire-smoke-hardnegatives-int8/images/hard_neg_368.jpg,data/raw/hf_candidates/medyoussef_fire-smoke-hardnegatives-int8/images/hard_neg_43.jpg
data/raw/hf_candidates/medyoussef_fire-smoke-hardnegatives-int8/images/hard_neg_195.jpg,data/raw/hf_candidates/medyoussef_fire-smoke-hardnegatives-int8/images/hard_neg_43.jpg
data/raw/hf_candidates/medyoussef_fire-smoke-hardnegatives-int8/images/hard_neg_181.jpg,data/raw/hf_candidates/medyoussef_fire-smoke-hardnegatives-int8/images/hard_neg_43.jpg
data/raw/hf_candidates/medyoussef_fire-smoke-hardnegatives-int8/images/hard_neg_817.jpg,data/raw/hf_candidates/medyoussef_fire-smoke-hardnegatives-int8/images/hard_neg_43.jpg
data/raw/hf_candidates/medyoussef_fire-smoke-hardnegatives-int8/images/hard_neg_1499.jpg,data/raw/hf_candidates/medyoussef_fire-smoke-hardnegatives-int8/images/hard_neg_43.jpg
data/raw/hf_candidates/medyoussef_fire-smoke-hardnegatives-int8/images/hard_neg_803.jpg,data/raw/hf_candidates/medyoussef_fire-smoke-hardnegatives-int8/images/hard_neg_43.jpg
data/raw/hf_candidates/medyoussef_fire-smoke-hardnegatives-int8/images/hard_neg_1314.jpg,data/raw/hf_candidates/medyoussef_fire-smoke-hardnegatives-int8/images/hard_neg_43.jpg
data/raw/hf_candidates/medyoussef_fire-smoke-hardnegatives-int8/images/hard_neg_156.jpg,data/raw/hf_candidates/medyoussef_fire-smoke-hardnegatives-int8/images/hard_neg_43.jpg
data/raw/hf_candidates/medyoussef_fire-smoke-hardnegatives-int8/images/hard_neg_630.jpg,data/raw/hf_candidates/medyoussef_fire-smoke-hardnegatives-int8/images/hard_neg_43.jpg
data/raw/hf_candidates/medyoussef_fire-smoke-hardnegatives-int8/images/hard_neg_1472.jpg,data/raw/hf_candidates/medyoussef_fire-smoke-hardnegatives-int8/images/hard_neg_43.jpg
data/raw/hf_candidates/medyoussef_fire-smoke-hardnegatives-int8/images/hard_neg_1466.jpg,data/raw/hf_candidates/medyoussef_fire-smoke-hardnegatives-int8/images/hard_neg_43.jpg
data/raw/hf_candidates/medyoussef_fire-smoke-hardnegatives-int8/images/hard_neg_624.jpg,data/raw/hf_candidates/medyoussef_fire-smoke-hardnegatives-int8/images/hard_neg_43.jpg
data/raw/hf_candidates/medyoussef_fire-smoke-hardnegatives-int8/images/hard_neg_142.jpg,data/raw/hf_candidates/medyoussef_fire-smoke-hardnegatives-int8/images/hard_neg_43.jpg
data/raw/hf_candidates/medyoussef_fire-smoke-hardnegatives-int8/images/hard_neg_1300.jpg,data/raw/hf_candidates/medyoussef_fire-smoke-hardnegatives-int8/images/hard_neg_43.jpg
data/raw/hf_candidates/medyoussef_fire-smoke-hardnegatives-int8/images/hard_neg_1328.jpg,data/raw/hf_candidates/medyoussef_fire-smoke-hardnegatives-int8/images/hard_neg_43.jpg
data/raw/hf_candidates/medyoussef_fire-smoke-hardnegatives-int8/images/hard_neg_618.jpg,data/raw/hf_candidates/medyoussef_fire-smoke-hardnegatives-int8/images/hard_neg_43.jpg
data/raw/hf_candidates/medyoussef_fire-smoke-hardnegatives-int8/images/hard_neg_787.jpg,data/raw/hf_candidates/medyoussef_fire-smoke-hardnegatives-int8/images/hard_neg_43.jpg
data/raw/hf_candidates/medyoussef_fire-smoke-hardnegatives-int8/images/hard_neg_793.jpg,data/raw/hf_candidates/medyoussef_fire-smoke-hardnegatives-int8/images/hard_neg_43.jpg
data/raw/hf_candidates/medyoussef_fire-smoke-hardnegatives-int8/images/hard_neg_963.jpg,data/raw/hf_candidates/medyoussef_fire-smoke-hardnegatives-int8/images/hard_neg_43.jpg
data/raw/hf_candidates/medyoussef_fire-smoke-hardnegatives-int8/images/hard_neg_missing_1507.jpg,data/raw/hf_candidates/medyoussef_fire-smoke-hardnegatives-int8/images/hard_neg_43.jpg
data/raw/hf_candidates/medyoussef_fire-smoke-hardnegatives-int8/images/hard_neg_977.jpg,data/raw/hf_candidates/medyoussef_fire-smoke-hardnegatives-int8/images/hard_neg_43.jpg
data/raw/hf_candidates/medyoussef_fire-smoke-hardnegatives-int8/images/hard_neg_1260.jpg,data/raw/hf_candidates/medyoussef_fire-smoke-hardnegatives-int8/images/hard_neg_43.jpg
data/raw/hf_candidates/medyoussef_fire-smoke-hardnegatives-int8/images/hard_neg_744.jpg,data/raw/hf_candidates/medyoussef_fire-smoke-hardnegatives-int8/images/hard_neg_43.jpg
data/raw/hf_candidates/medyoussef_fire-smoke-hardnegatives-int8/images/hard_neg_750.jpg,data/raw/hf_candidates/medyoussef_fire-smoke-hardnegatives-int8/images/hard_neg_43.jpg
data/raw/hf_candidates/medyoussef_fire-smoke-hardnegatives-int8/images/hard_neg_988.jpg,data/raw/hf_candidates/medyoussef_fire-smoke-hardnegatives-int8/images/hard_neg_43.jpg
data/raw/hf_candidates/medyoussef_fire-smoke-hardnegatives-int8/images/hard_neg_1274.jpg,data/raw/hf_candidates/medyoussef_fire-smoke-hardnegatives-int8/images/hard_neg_43.jpg
data/raw/hf_candidates/medyoussef_fire-smoke-hardnegatives-int8/images/hard_neg_778.jpg,data/raw/hf_candidates/medyoussef_fire-smoke-hardnegatives-int8/images/hard_neg_43.jpg
data/raw/hf_candidates/medyoussef_fire-smoke-hardnegatives-int8/images/hard_neg_1248.jpg,data/raw/hf_candidates/medyoussef_fire-smoke-hardnegatives-int8/images/hard_neg_43.jpg
data/raw/hf_candidates/medyoussef_fire-smoke-hardnegatives-int8/images/hard_neg_585.jpg,data/raw/hf_candidates/medyoussef_fire-smoke-hardnegatives-int8/images/hard_neg_43.jpg
data/raw/hf_candidates/medyoussef_fire-smoke-hardnegatives-int8/images/hard_neg_591.jpg,data/raw/hf_candidates/medyoussef_fire-smoke-hardnegatives-int8/images/hard_neg_43.jpg
data/raw/hf_candidates/medyoussef_fire-smoke-hardnegatives-int8/images/hard_neg_1089.jpg,data/raw/hf_candidates/medyoussef_fire-smoke-hardnegatives-int8/images/hard_neg_43.jpg
data/raw/hf_candidates/medyoussef_fire-smoke-hardnegatives-int8/images/hard_neg_546.jpg,data/raw/hf_candidates/medyoussef_fire-smoke-hardnegatives-int8/images/hard_neg_43.jpg
data/raw/hf_candidates/medyoussef_fire-smoke-hardnegatives-int8/images/hard_neg_220.jpg,data/raw/hf_candidates/medyoussef_fire-smoke-hardnegatives-int8/images/hard_neg_43.jpg
data/raw/hf_candidates/medyoussef_fire-smoke-hardnegatives-int8/images/hard_neg_1062.jpg,data/raw/hf_candidates/medyoussef_fire-smoke-hardnegatives-int8/images/hard_neg_43.jpg
data/raw/hf_candidates/medyoussef_fire-smoke-hardnegatives-int8/images/hard_neg_1076.jpg,data/raw/hf_candidates/medyoussef_fire-smoke-hardnegatives-int8/images/hard_neg_43.jpg
data/raw/hf_candidates/medyoussef_fire-smoke-hardnegatives-int8/images/hard_neg_234.jpg,data/raw/hf_candidates/medyoussef_fire-smoke-hardnegatives-int8/images/hard_neg_43.jpg
data/raw/hf_candidates/medyoussef_fire-smoke-hardnegatives-int8/images/hard_neg_552.jpg,data/raw/hf_candidates/medyoussef_fire-smoke-hardnegatives-int8/images/hard_neg_43.jpg
data/raw/hf_candidates/medyoussef_fire-smoke-hardnegatives-int8/images/hard_neg_208.jpg,data/raw/hf_candidates/medyoussef_fire-smoke-hardnegatives-int8/images/hard_neg_43.jpg
data/raw/hf_candidates/medyoussef_fire-smoke-hardnegatives-int8/images/hard_neg_17.jpg,data/raw/hf_candidates/medyoussef_fire-smoke-hardnegatives-int8/images/hard_neg_43.jpg
data/raw/hf_candidates/medyoussef_fire-smoke-hardnegatives-int8/images/hard_neg_556.jpg,data/raw/hf_candidates/medyoussef_fire-smoke-hardnegatives-int8/images/hard_neg_43.jpg
data/raw/hf_candidates/medyoussef_fire-smoke-hardnegatives-int8/images/hard_neg_230.jpg,data/raw/hf_candidates/medyoussef_fire-smoke-hardnegatives-int8/images/hard_neg_43.jpg
data/raw/hf_candidates/medyoussef_fire-smoke-hardnegatives-int8/images/hard_neg_1072.jpg,data/raw/hf_candidates/medyoussef_fire-smoke-hardnegatives-int8/images/hard_neg_43.jpg
data/raw/hf_candidates/medyoussef_fire-smoke-hardnegatives-int8/images/hard_neg_1066.jpg,data/raw/hf_candidates/medyoussef_fire-smoke-hardnegatives-int8/images/hard_neg_43.jpg
data/raw/hf_candidates/medyoussef_fire-smoke-hardnegatives-int8/images/hard_neg_224.jpg,data/raw/hf_candidates/medyoussef_fire-smoke-hardnegatives-int8/images/hard_neg_43.jpg
data/raw/hf_candidates/medyoussef_fire-smoke-hardnegatives-int8/images/hard_neg_542.jpg,data/raw/hf_candidates/medyoussef_fire-smoke-hardnegatives-int8/images/hard_neg_43.jpg
data/raw/hf_candidates/medyoussef_fire-smoke-hardnegatives-int8/images/hard_neg_13.jpg,data/raw/hf_candidates/medyoussef_fire-smoke-hardnegatives-int8/images/hard_neg_43.jpg
data/raw/hf_candidates/medyoussef_fire-smoke-hardnegatives-int8/images/hard_neg_218.jpg,data/raw/hf_candidates/medyoussef_fire-smoke-hardnegatives-int8/images/hard_neg_43.jpg
data/raw/hf_candidates/medyoussef_fire-smoke-hardnegatives-int8/images/hard_neg_595.jpg,data/raw/hf_candidates/medyoussef_fire-smoke-hardnegatives-int8/images/hard_neg_43.jpg
data/raw/hf_candidates/medyoussef_fire-smoke-hardnegatives-int8/images/hard_neg_581.jpg,data/raw/hf_candidates/medyoussef_fire-smoke-hardnegatives-int8/images/hard_neg_43.jpg
data/raw/hf_candidates/medyoussef_fire-smoke-hardnegatives-int8/images/hard_neg_1099.jpg,data/raw/hf_candidates/medyoussef_fire-smoke-hardnegatives-int8/images/hard_neg_43.jpg
data/raw/hf_candidates/medyoussef_fire-smoke-hardnegatives-int8/images/hard_neg_1270.jpg,data/raw/hf_candidates/medyoussef_fire-smoke-hardnegatives-int8/images/hard_neg_43.jpg
data/raw/hf_candidates/medyoussef_fire-smoke-hardnegatives-int8/images/hard_neg_754.jpg,data/raw/hf_candidates/medyoussef_fire-smoke-hardnegatives-int8/images/hard_neg_43.jpg
data/raw/hf_candidates/medyoussef_fire-smoke-hardnegatives-int8/images/hard_neg_998.jpg,data/raw/hf_candidates/medyoussef_fire-smoke-hardnegatives-int8/images/hard_neg_43.jpg
data/raw/hf_candidates/medyoussef_fire-smoke-hardnegatives-int8/images/hard_neg_740.jpg,data/raw/hf_candidates/medyoussef_fire-smoke-hardnegatives-int8/images/hard_neg_43.jpg
data/raw/hf_candidates/medyoussef_fire-smoke-hardnegatives-int8/images/hard_neg_1264.jpg,data/raw/hf_candidates/medyoussef_fire-smoke-hardnegatives-int8/images/hard_neg_43.jpg
data/raw/hf_candidates/medyoussef_fire-smoke-hardnegatives-int8/images/hard_neg_768.jpg,data/raw/hf_candidates/medyoussef_fire-smoke-hardnegatives-int8/images/hard_neg_43.jpg
data/raw/hf_candidates/medyoussef_fire-smoke-hardnegatives-int8/images/hard_neg_1258.jpg,data/raw/hf_candidates/medyoussef_fire-smoke-hardnegatives-int8/images/hard_neg_43.jpg
data/raw/hf_candidates/medyoussef_fire-smoke-hardnegatives-int8/images/hard_neg_797.jpg,data/raw/hf_candidates/medyoussef_fire-smoke-hardnegatives-int8/images/hard_neg_43.jpg
data/raw/hf_candidates/medyoussef_fire-smoke-hardnegatives-int8/images/hard_neg_783.jpg,data/raw/hf_candidates/medyoussef_fire-smoke-hardnegatives-int8/images/hard_neg_43.jpg
data/raw/hf_candidates/medyoussef_fire-smoke-hardnegatives-int8/images/hard_neg_973.jpg,data/raw/hf_candidates/medyoussef_fire-smoke-hardnegatives-int8/images/hard_neg_43.jpg
data/raw/hf_candidates/medyoussef_fire-smoke-hardnegatives-int8/images/hard_neg_missing_1503.jpg,data/raw/hf_candidates/medyoussef_fire-smoke-hardnegatives-int8/images/hard_neg_43.jpg
data/raw/hf_candidates/medyoussef_fire-smoke-hardnegatives-int8/images/hard_neg_967.jpg,data/raw/hf_candidates/medyoussef_fire-smoke-hardnegatives-int8/images/hard_neg_43.jpg
data/raw/hf_candidates/medyoussef_fire-smoke-hardnegatives-int8/images/hard_neg_1304.jpg,data/raw/hf_candidates/medyoussef_fire-smoke-hardnegatives-int8/images/hard_neg_43.jpg
data/raw/hf_candidates/medyoussef_fire-smoke-hardnegatives-int8/images/hard_neg_146.jpg,data/raw/hf_candidates/medyoussef_fire-smoke-hardnegatives-int8/images/hard_neg_43.jpg
data/raw/hf_candidates/medyoussef_fire-smoke-hardnegatives-int8/images/hard_neg_620.jpg,data/raw/hf_candidates/medyoussef_fire-smoke-hardnegatives-int8/images/hard_neg_43.jpg
data/raw/hf_candidates/medyoussef_fire-smoke-hardnegatives-int8/images/hard_neg_1462.jpg,data/raw/hf_candidates/medyoussef_fire-smoke-hardnegatives-int8/images/hard_neg_43.jpg
data/raw/hf_candidates/medyoussef_fire-smoke-hardnegatives-int8/images/hard_neg_1476.jpg,data/raw/hf_candidates/medyoussef_fire-smoke-hardnegatives-int8/images/hard_neg_43.jpg
data/raw/hf_candidates/medyoussef_fire-smoke-hardnegatives-int8/images/hard_neg_634.jpg,data/raw/hf_candidates/medyoussef_fire-smoke-hardnegatives-int8/images/hard_neg_43.jpg
data/raw/hf_candidates/medyoussef_fire-smoke-hardnegatives-int8/images/hard_neg_152.jpg,data/raw/hf_candidates/medyoussef_fire-smoke-hardnegatives-int8/images/hard_neg_43.jpg
data/raw/hf_candidates/medyoussef_fire-smoke-hardnegatives-int8/images/hard_neg_1310.jpg,data/raw/hf_candidates/medyoussef_fire-smoke-hardnegatives-int8/images/hard_neg_43.jpg
data/raw/hf_candidates/medyoussef_fire-smoke-hardnegatives-int8/images/hard_neg_1338.jpg,data/raw/hf_candidates/medyoussef_fire-smoke-hardnegatives-int8/images/hard_neg_43.jpg
data/raw/hf_candidates/medyoussef_fire-smoke-hardnegatives-int8/images/hard_neg_608.jpg,data/raw/hf_candidates/medyoussef_fire-smoke-hardnegatives-int8/images/hard_neg_43.jpg
data/raw/hf_candidates/medyoussef_fire-smoke-hardnegatives-int8/images/hard_neg_185.jpg,data/raw/hf_candidates/medyoussef_fire-smoke-hardnegatives-int8/images/hard_neg_43.jpg
data/raw/hf_candidates/medyoussef_fire-smoke-hardnegatives-int8/images/hard_neg_191.jpg,data/raw/hf_candidates/medyoussef_fire-smoke-hardnegatives-int8/images/hard_neg_43.jpg
data/raw/hf_candidates/medyoussef_fire-smoke-hardnegatives-int8/images/hard_neg_807.jpg,data/raw/hf_candidates/medyoussef_fire-smoke-hardnegatives-int8/images/hard_neg_43.jpg
data/raw/hf_candidates/medyoussef_fire-smoke-hardnegatives-int8/images/hard_neg_1489.jpg,data/raw/hf_candidates/medyoussef_fire-smoke-hardnegatives-int8/images/hard_neg_43.jpg
data/raw/hf_candidates/medyoussef_fire-smoke-hardnegatives-int8/images/hard_neg_813.jpg,data/raw/hf_candidates/medyoussef_fire-smoke-hardnegatives-int8/images/hard_neg_43.jpg
data/raw/hf_candidates/medyoussef_fire-smoke-hardnegatives-int8/images/hard_neg_422.jpg,data/raw/hf_candidates/medyoussef_fire-smoke-hardnegatives-int8/images/hard_neg_43.jpg
data/raw/hf_candidates/medyoussef_fire-smoke-hardnegatives-int8/images/hard_neg_344.jpg,data/raw/hf_candidates/medyoussef_fire-smoke-hardnegatives-int8/images/hard_neg_43.jpg
data/raw/hf_candidates/medyoussef_fire-smoke-hardnegatives-int8/images/hard_neg_1106.jpg,data/raw/hf_candidates/medyoussef_fire-smoke-hardnegatives-int8/images/hard_neg_43.jpg
data/raw/hf_candidates/medyoussef_fire-smoke-hardnegatives-int8/images/hard_neg_1112.jpg,data/raw/hf_candidates/medyoussef_fire-smoke-hardnegatives-int8/images/hard_neg_43.jpg
data/raw/hf_candidates/medyoussef_fire-smoke-hardnegatives-int8/images/hard_neg_350.jpg,data/raw/hf_candidates/medyoussef_fire-smoke-hardnegatives-int8/images/hard_neg_43.jpg
data/raw/hf_candidates/medyoussef_fire-smoke-hardnegatives-int8/images/hard_neg_436.jpg,data/raw/hf_candidates/medyoussef_fire-smoke-hardnegatives-int8/images/hard_neg_43.jpg
data/raw/hf_candidates/medyoussef_fire-smoke-hardnegatives-int8/images/hard_neg_378.jpg,data/raw/hf_candidates/medyoussef_fire-smoke-hardnegatives-int8/images/hard_neg_43.jpg
data/raw/hf_candidates/medyoussef_fire-smoke-hardnegatives-int8/images/hard_neg_9.jpg,data/raw/hf_candidates/medyoussef_fire-smoke-hardnegatives-int8/images/hard_neg_43.jpg
data/raw/hf_candidates/medyoussef_fire-smoke-hardnegatives-int8/images/hard_neg_387.jpg,data/raw/hf_candidates/medyoussef_fire-smoke-hardnegatives-int8/images/hard_neg_43.jpg
data/raw/hf_candidates/medyoussef_fire-smoke-hardnegatives-int8/images/hard_neg_393.jpg,data/raw/hf_candidates/medyoussef_fire-smoke-hardnegatives-int8/images/hard_neg_43.jpg
data/raw/hf_candidates/medyoussef_fire-smoke-hardnegatives-int8/images/hard_neg_392.jpg,data/raw/hf_candidates/medyoussef_fire-smoke-hardnegatives-int8/images/hard_neg_43.jpg
data/raw/hf_candidates/medyoussef_fire-smoke-hardnegatives-int8/images/hard_neg_386.jpg,data/raw/hf_candidates/medyoussef_fire-smoke-hardnegatives-int8/images/hard_neg_43.jpg
data/raw/hf_candidates/medyoussef_fire-smoke-hardnegatives-int8/images/hard_neg_8.jpg,data/raw/hf_candidates/medyoussef_fire-smoke-hardnegatives-int8/images/hard_neg_43.jpg
data/raw/hf_candidates/medyoussef_fire-smoke-hardnegatives-int8/images/hard_neg_379.jpg,data/raw/hf_candidates/medyoussef_fire-smoke-hardnegatives-int8/images/hard_neg_43.jpg
data/raw/hf_candidates/medyoussef_fire-smoke-hardnegatives-int8/images/hard_neg_351.jpg,data/raw/hf_candidates/medyoussef_fire-smoke-hardnegatives-int8/images/hard_neg_43.jpg
data/raw/hf_candidates/medyoussef_fire-smoke-hardnegatives-int8/images/hard_neg_1113.jpg,data/raw/hf_candidates/medyoussef_fire-smoke-hardnegatives-int8/images/hard_neg_43.jpg
data/raw/hf_candidates/medyoussef_fire-smoke-hardnegatives-int8/images/hard_neg_437.jpg,data/raw/hf_candidates/medyoussef_fire-smoke-hardnegatives-int8/images/hard_neg_43.jpg
data/raw/hf_candidates/medyoussef_fire-smoke-hardnegatives-int8/images/hard_neg_423.jpg,data/raw/hf_candidates/medyoussef_fire-smoke-hardnegatives-int8/images/hard_neg_43.jpg
data/raw/hf_candidates/medyoussef_fire-smoke-hardnegatives-int8/images/hard_neg_1107.jpg,data/raw/hf_candidates/medyoussef_fire-smoke-hardnegatives-int8/images/hard_neg_43.jpg
data/raw/hf_candidates/medyoussef_fire-smoke-hardnegatives-int8/images/hard_neg_345.jpg,data/raw/hf_candidates/medyoussef_fire-smoke-hardnegatives-int8/images/hard_neg_43.jpg
data/raw/hf_candidates/medyoussef_fire-smoke-hardnegatives-int8/images/hard_neg_812.jpg,data/raw/hf_candidates/medyoussef_fire-smoke-hardnegatives-int8/images/hard_neg_43.jpg
data/raw/hf_candidates/medyoussef_fire-smoke-hardnegatives-int8/images/hard_neg_1488.jpg,data/raw/hf_candidates/medyoussef_fire-smoke-hardnegatives-int8/images/hard_neg_43.jpg
data/raw/hf_candidates/medyoussef_fire-smoke-hardnegatives-int8/images/hard_neg_806.jpg,data/raw/hf_candidates/medyoussef_fire-smoke-hardnegatives-int8/images/hard_neg_43.jpg
data/raw/hf_candidates/medyoussef_fire-smoke-hardnegatives-int8/images/hard_neg_190.jpg,data/raw/hf_candidates/medyoussef_fire-smoke-hardnegatives-int8/images/hard_neg_43.jpg
data/raw/hf_candidates/medyoussef_fire-smoke-hardnegatives-int8/images/hard_neg_184.jpg,data/raw/hf_candidates/medyoussef_fire-smoke-hardnegatives-int8/images/hard_neg_43.jpg
data/raw/hf_candidates/medyoussef_fire-smoke-hardnegatives-int8/images/hard_neg_609.jpg,data/raw/hf_candidates/medyoussef_fire-smoke-hardnegatives-int8/images/hard_neg_43.jpg
data/raw/hf_candidates/medyoussef_fire-smoke-hardnegatives-int8/images/hard_neg_1339.jpg,data/raw/hf_candidates/medyoussef_fire-smoke-hardnegatives-int8/images/hard_neg_43.jpg
data/raw/hf_candidates/medyoussef_fire-smoke-hardnegatives-int8/images/hard_neg_635.jpg,data/raw/hf_candidates/medyoussef_fire-smoke-hardnegatives-int8/images/hard_neg_43.jpg
data/raw/hf_candidates/medyoussef_fire-smoke-hardnegatives-int8/images/hard_neg_1477.jpg,data/raw/hf_candidates/medyoussef_fire-smoke-hardnegatives-int8/images/hard_neg_43.jpg
data/raw/hf_candidates/medyoussef_fire-smoke-hardnegatives-int8/images/hard_neg_1311.jpg,data/raw/hf_candidates/medyoussef_fire-smoke-hardnegatives-int8/images/hard_neg_43.jpg
data/raw/hf_candidates/medyoussef_fire-smoke-hardnegatives-int8/images/hard_neg_153.jpg,data/raw/hf_candidates/medyoussef_fire-smoke-hardnegatives-int8/images/hard_neg_43.jpg
data/raw/hf_candidates/medyoussef_fire-smoke-hardnegatives-int8/images/hard_neg_147.jpg,data/raw/hf_candidates/medyoussef_fire-smoke-hardnegatives-int8/images/hard_neg_43.jpg
data/raw/hf_candidates/medyoussef_fire-smoke-hardnegatives-int8/images/hard_neg_1305.jpg,data/raw/hf_candidates/medyoussef_fire-smoke-hardnegatives-int8/images/hard_neg_43.jpg
data/raw/hf_candidates/medyoussef_fire-smoke-hardnegatives-int8/images/hard_neg_1463.jpg,data/raw/hf_candidates/medyoussef_fire-smoke-hardnegatives-int8/images/hard_neg_43.jpg
data/raw/hf_candidates/medyoussef_fire-smoke-hardnegatives-int8/images/hard_neg_621.jpg,data/raw/hf_candidates/medyoussef_fire-smoke-hardnegatives-int8/images/hard_neg_43.jpg
data/raw/hf_candidates/medyoussef_fire-smoke-hardnegatives-int8/images/hard_neg_966.jpg,data/raw/hf_candidates/medyoussef_fire-smoke-hardnegatives-int8/images/hard_neg_43.jpg
data/raw/hf_candidates/medyoussef_fire-smoke-hardnegatives-int8/images/hard_neg_missing_1502.jpg,data/raw/hf_candidates/medyoussef_fire-smoke-hardnegatives-int8/images/hard_neg_43.jpg
data/raw/hf_candidates/medyoussef_fire-smoke-hardnegatives-int8/images/hard_neg_972.jpg,data/raw/hf_candidates/medyoussef_fire-smoke-hardnegatives-int8/images/hard_neg_43.jpg
data/raw/hf_candidates/medyoussef_fire-smoke-hardnegatives-int8/images/hard_neg_782.jpg,data/raw/hf_candidates/medyoussef_fire-smoke-hardnegatives-int8/images/hard_neg_43.jpg
data/raw/hf_candidates/medyoussef_fire-smoke-hardnegatives-int8/images/hard_neg_796.jpg,data/raw/hf_candidates/medyoussef_fire-smoke-hardnegatives-int8/images/hard_neg_43.jpg
data/raw/hf_candidates/medyoussef_fire-smoke-hardnegatives-int8/images/hard_neg_1259.jpg,data/raw/hf_candidates/medyoussef_fire-smoke-hardnegatives-int8/images/hard_neg_43.jpg
data/raw/hf_candidates/medyoussef_fire-smoke-hardnegatives-int8/images/hard_neg_769.jpg,data/raw/hf_candidates/medyoussef_fire-smoke-hardnegatives-int8/images/hard_neg_43.jpg
data/raw/hf_candidates/medyoussef_fire-smoke-hardnegatives-int8/images/hard_neg_741.jpg,data/raw/hf_candidates/medyoussef_fire-smoke-hardnegatives-int8/images/hard_neg_43.jpg
data/raw/hf_candidates/medyoussef_fire-smoke-hardnegatives-int8/images/hard_neg_999.jpg,data/raw/hf_candidates/medyoussef_fire-smoke-hardnegatives-int8/images/hard_neg_43.jpg
data/raw/hf_candidates/medyoussef_fire-smoke-hardnegatives-int8/images/hard_neg_1265.jpg,data/raw/hf_candidates/medyoussef_fire-smoke-hardnegatives-int8/images/hard_neg_43.jpg
data/raw/hf_candidates/medyoussef_fire-smoke-hardnegatives-int8/images/hard_neg_1271.jpg,data/raw/hf_candidates/medyoussef_fire-smoke-hardnegatives-int8/images/hard_neg_43.jpg
data/raw/hf_candidates/medyoussef_fire-smoke-hardnegatives-int8/images/hard_neg_755.jpg,data/raw/hf_candidates/medyoussef_fire-smoke-hardnegatives-int8/images/hard_neg_43.jpg
data/raw/hf_candidates/medyoussef_fire-smoke-hardnegatives-int8/images/hard_neg_1098.jpg,data/raw/hf_candidates/medyoussef_fire-smoke-hardnegatives-int8/images/hard_neg_43.jpg
data/raw/hf_candidates/medyoussef_fire-smoke-hardnegatives-int8/images/hard_neg_580.jpg,data/raw/hf_candidates/medyoussef_fire-smoke-hardnegatives-int8/images/hard_neg_43.jpg
data/raw/hf_candidates/medyoussef_fire-smoke-hardnegatives-int8/images/hard_neg_594.jpg,data/raw/hf_candidates/medyoussef_fire-smoke-hardnegatives-int8/images/hard_neg_43.jpg
data/raw/hf_candidates/medyoussef_fire-smoke-hardnegatives-int8/images/hard_neg_219.jpg,data/raw/hf_candidates/medyoussef_fire-smoke-hardnegatives-int8/images/hard_neg_43.jpg
data/raw/hf_candidates/medyoussef_fire-smoke-hardnegatives-int8/images/hard_neg_12.jpg,data/raw/hf_candidates/medyoussef_fire-smoke-hardnegatives-int8/images/hard_neg_43.jpg
data/raw/hf_candidates/medyoussef_fire-smoke-hardnegatives-int8/images/hard_neg_225.jpg,data/raw/hf_candidates/medyoussef_fire-smoke-hardnegatives-int8/images/hard_neg_43.jpg
data/raw/hf_candidates/medyoussef_fire-smoke-hardnegatives-int8/images/hard_neg_1067.jpg,data/raw/hf_candidates/medyoussef_fire-smoke-hardnegatives-int8/images/hard_neg_43.jpg
data/raw/hf_candidates/medyoussef_fire-smoke-hardnegatives-int8/images/hard_neg_543.jpg,data/raw/hf_candidates/medyoussef_fire-smoke-hardnegatives-int8/images/hard_neg_43.jpg
data/raw/hf_candidates/medyoussef_fire-smoke-hardnegatives-int8/images/hard_neg_557.jpg,data/raw/hf_candidates/medyoussef_fire-smoke-hardnegatives-int8/images/hard_neg_43.jpg
data/raw/hf_candidates/medyoussef_fire-smoke-hardnegatives-int8/images/hard_neg_1073.jpg,data/raw/hf_candidates/medyoussef_fire-smoke-hardnegatives-int8/images/hard_neg_43.jpg
data/raw/hf_candidates/medyoussef_fire-smoke-hardnegatives-int8/images/hard_neg_231.jpg,data/raw/hf_candidates/medyoussef_fire-smoke-hardnegatives-int8/images/hard_neg_43.jpg
data/raw/hf_candidates/medyoussef_fire-smoke-hardnegatives-int8/images/hard_neg_541.jpg,data/raw/hf_candidates/medyoussef_fire-smoke-hardnegatives-int8/images/hard_neg_43.jpg
data/raw/hf_candidates/medyoussef_fire-smoke-hardnegatives-int8/images/hard_neg_38.jpg,data/raw/hf_candidates/medyoussef_fire-smoke-hardnegatives-int8/images/hard_neg_43.jpg
data/raw/hf_candidates/medyoussef_fire-smoke-hardnegatives-int8/images/hard_neg_1065.jpg,data/raw/hf_candidates/medyoussef_fire-smoke-hardnegatives-int8/images/hard_neg_43.jpg
data/raw/hf_candidates/medyoussef_fire-smoke-hardnegatives-int8/images/hard_neg_227.jpg,data/raw/hf_candidates/medyoussef_fire-smoke-hardnegatives-int8/images/hard_neg_43.jpg
data/raw/hf_candidates/medyoussef_fire-smoke-hardnegatives-int8/images/hard_neg_233.jpg,data/raw/hf_candidates/medyoussef_fire-smoke-hardnegatives-int8/images/hard_neg_43.jpg
data/raw/hf_candidates/medyoussef_fire-smoke-hardnegatives-int8/images/hard_neg_1071.jpg,data/raw/hf_candidates/medyoussef_fire-smoke-hardnegatives-int8/images/hard_neg_43.jpg
data/raw/hf_candidates/medyoussef_fire-smoke-hardnegatives-int8/images/hard_neg_555.jpg,data/raw/hf_candidates/medyoussef_fire-smoke-hardnegatives-int8/images/hard_neg_43.jpg
data/raw/hf_candidates/medyoussef_fire-smoke-hardnegatives-int8/images/hard_neg_1059.jpg,data/raw/hf_candidates/medyoussef_fire-smoke-hardnegatives-int8/images/hard_neg_43.jpg
data/raw/hf_candidates/medyoussef_fire-smoke-hardnegatives-int8/images/hard_neg_569.jpg,data/raw/hf_candidates/medyoussef_fire-smoke-hardnegatives-int8/images/hard_neg_43.jpg
data/raw/hf_candidates/medyoussef_fire-smoke-hardnegatives-int8/images/hard_neg_10.jpg,data/raw/hf_candidates/medyoussef_fire-smoke-hardnegatives-int8/images/hard_neg_43.jpg
data/raw/hf_candidates/medyoussef_fire-smoke-hardnegatives-int8/images/hard_neg_582.jpg,data/raw/hf_candidates/medyoussef_fire-smoke-hardnegatives-int8/images/hard_neg_43.jpg
data/raw/hf_candidates/medyoussef_fire-smoke-hardnegatives-int8/images/hard_neg_596.jpg,data/raw/hf_candidates/medyoussef_fire-smoke-hardnegatives-int8/images/hard_neg_43.jpg
data/raw/hf_candidates/medyoussef_fire-smoke-hardnegatives-int8/images/hard_neg_1267.jpg,data/raw/hf_candidates/medyoussef_fire-smoke-hardnegatives-int8/images/hard_neg_43.jpg
data/raw/hf_candidates/medyoussef_fire-smoke-hardnegatives-int8/images/hard_neg_743.jpg,data/raw/hf_candidates/medyoussef_fire-smoke-hardnegatives-int8/images/hard_neg_43.jpg
data/raw/hf_candidates/medyoussef_fire-smoke-hardnegatives-int8/images/hard_neg_757.jpg,data/raw/hf_candidates/medyoussef_fire-smoke-hardnegatives-int8/images/hard_neg_43.jpg
data/raw/hf_candidates/medyoussef_fire-smoke-hardnegatives-int8/images/hard_neg_1273.jpg,data/raw/hf_candidates/medyoussef_fire-smoke-hardnegatives-int8/images/hard_neg_43.jpg
data/raw/hf_candidates/medyoussef_fire-smoke-hardnegatives-int8/images/hard_neg_780.jpg,data/raw/hf_candidates/medyoussef_fire-smoke-hardnegatives-int8/images/hard_neg_43.jpg
data/raw/hf_candidates/medyoussef_fire-smoke-hardnegatives-int8/images/hard_neg_958.jpg,data/raw/hf_candidates/medyoussef_fire-smoke-hardnegatives-int8/images/hard_neg_43.jpg
data/raw/hf_candidates/medyoussef_fire-smoke-hardnegatives-int8/images/hard_neg_794.jpg,data/raw/hf_candidates/medyoussef_fire-smoke-hardnegatives-int8/images/hard_neg_43.jpg
data/raw/hf_candidates/medyoussef_fire-smoke-hardnegatives-int8/images/hard_neg_1298.jpg,data/raw/hf_candidates/medyoussef_fire-smoke-hardnegatives-int8/images/hard_neg_43.jpg
data/raw/hf_candidates/medyoussef_fire-smoke-hardnegatives-int8/images/hard_neg_missing_1500.jpg,data/raw/hf_candidates/medyoussef_fire-smoke-hardnegatives-int8/images/hard_neg_43.jpg
data/raw/hf_candidates/medyoussef_fire-smoke-hardnegatives-int8/images/hard_neg_964.jpg,data/raw/hf_candidates/medyoussef_fire-smoke-hardnegatives-int8/images/hard_neg_43.jpg
data/raw/hf_candidates/medyoussef_fire-smoke-hardnegatives-int8/images/hard_neg_970.jpg,data/raw/hf_candidates/medyoussef_fire-smoke-hardnegatives-int8/images/hard_neg_43.jpg
data/raw/hf_candidates/medyoussef_fire-smoke-hardnegatives-int8/images/hard_neg_151.jpg,data/raw/hf_candidates/medyoussef_fire-smoke-hardnegatives-int8/images/hard_neg_43.jpg
data/raw/hf_candidates/medyoussef_fire-smoke-hardnegatives-int8/images/hard_neg_1313.jpg,data/raw/hf_candidates/medyoussef_fire-smoke-hardnegatives-int8/images/hard_neg_43.jpg
data/raw/hf_candidates/medyoussef_fire-smoke-hardnegatives-int8/images/hard_neg_1475.jpg,data/raw/hf_candidates/medyoussef_fire-smoke-hardnegatives-int8/images/hard_neg_43.jpg
data/raw/hf_candidates/medyoussef_fire-smoke-hardnegatives-int8/images/hard_neg_637.jpg,data/raw/hf_candidates/medyoussef_fire-smoke-hardnegatives-int8/images/hard_neg_43.jpg
data/raw/hf_candidates/medyoussef_fire-smoke-hardnegatives-int8/images/hard_neg_623.jpg,data/raw/hf_candidates/medyoussef_fire-smoke-hardnegatives-int8/images/hard_neg_43.jpg
data/raw/hf_candidates/medyoussef_fire-smoke-hardnegatives-int8/images/hard_neg_1461.jpg,data/raw/hf_candidates/medyoussef_fire-smoke-hardnegatives-int8/images/hard_neg_43.jpg
data/raw/hf_candidates/medyoussef_fire-smoke-hardnegatives-int8/images/hard_neg_1307.jpg,data/raw/hf_candidates/medyoussef_fire-smoke-hardnegatives-int8/images/hard_neg_43.jpg
data/raw/hf_candidates/medyoussef_fire-smoke-hardnegatives-int8/images/hard_neg_145.jpg,data/raw/hf_candidates/medyoussef_fire-smoke-hardnegatives-int8/images/hard_neg_43.jpg
data/raw/hf_candidates/medyoussef_fire-smoke-hardnegatives-int8/images/hard_neg_1449.jpg,data/raw/hf_candidates/medyoussef_fire-smoke-hardnegatives-int8/images/hard_neg_43.jpg
data/raw/hf_candidates/medyoussef_fire-smoke-hardnegatives-int8/images/hard_neg_179.jpg,data/raw/hf_candidates/medyoussef_fire-smoke-hardnegatives-int8/images/hard_neg_43.jpg
data/raw/hf_candidates/medyoussef_fire-smoke-hardnegatives-int8/images/hard_neg_192.jpg,data/raw/hf_candidates/medyoussef_fire-smoke-hardnegatives-int8/images/hard_neg_43.jpg
data/raw/hf_candidates/medyoussef_fire-smoke-hardnegatives-int8/images/hard_neg_838.jpg,data/raw/hf_candidates/medyoussef_fire-smoke-hardnegatives-int8/images/hard_neg_43.jpg
data/raw/hf_candidates/medyoussef_fire-smoke-hardnegatives-int8/images/hard_neg_186.jpg,data/raw/hf_candidates/medyoussef_fire-smoke-hardnegatives-int8/images/hard_neg_43.jpg
data/raw/hf_candidates/medyoussef_fire-smoke-hardnegatives-int8/images/hard_neg_810.jpg,data/raw/hf_candidates/medyoussef_fire-smoke-hardnegatives-int8/images/hard_neg_43.jpg
data/raw/hf_candidates/medyoussef_fire-smoke-hardnegatives-int8/images/hard_neg_804.jpg,data/raw/hf_candidates/medyoussef_fire-smoke-hardnegatives-int8/images/hard_neg_43.jpg
data/raw/hf_candidates/medyoussef_fire-smoke-hardnegatives-int8/images/hard_neg_435.jpg,data/raw/hf_candidates/medyoussef_fire-smoke-hardnegatives-int8/images/hard_neg_43.jpg
data/raw/hf_candidates/medyoussef_fire-smoke-hardnegatives-int8/images/hard_neg_1111.jpg,data/raw/hf_candidates/medyoussef_fire-smoke-hardnegatives-int8/images/hard_neg_43.jpg
data/raw/hf_candidates/medyoussef_fire-smoke-hardnegatives-int8/images/hard_neg_353.jpg,data/raw/hf_candidates/medyoussef_fire-smoke-hardnegatives-int8/images/hard_neg_43.jpg
data/raw/hf_candidates/medyoussef_fire-smoke-hardnegatives-int8/images/hard_neg_347.jpg,data/raw/hf_candidates/medyoussef_fire-smoke-hardnegatives-int8/images/hard_neg_43.jpg
data/raw/hf_candidates/medyoussef_fire-smoke-hardnegatives-int8/images/hard_neg_1105.jpg,data/raw/hf_candidates/medyoussef_fire-smoke-hardnegatives-int8/images/hard_neg_43.jpg
data/raw/hf_candidates/medyoussef_fire-smoke-hardnegatives-int8/images/hard_neg_421.jpg,data/raw/hf_candidates/medyoussef_fire-smoke-hardnegatives-int8/images/hard_neg_43.jpg
data/raw/hf_candidates/medyoussef_fire-smoke-hardnegatives-int8/images/hard_neg_409.jpg,data/raw/hf_candidates/medyoussef_fire-smoke-hardnegatives-int8/images/hard_neg_43.jpg
data/raw/hf_candidates/medyoussef_fire-smoke-hardnegatives-int8/images/hard_neg_1139.jpg,data/raw/hf_candidates/medyoussef_fire-smoke-hardnegatives-int8/images/hard_neg_43.jpg
data/raw/hf_candidates/medyoussef_fire-smoke-hardnegatives-int8/images/hard_neg_390.jpg,data/raw/hf_candidates/medyoussef_fire-smoke-hardnegatives-int8/images/hard_neg_43.jpg
data/raw/hf_candidates/medyoussef_fire-smoke-hardnegatives-int8/images/hard_neg_384.jpg,data/raw/hf_candidates/medyoussef_fire-smoke-hardnegatives-int8/images/hard_neg_43.jpg
data/raw/hf_candidates/medyoussef_fire-smoke-hardnegatives-int8/images/hard_neg_385.jpg,data/raw/hf_candidates/medyoussef_fire-smoke-hardnegatives-int8/images/hard_neg_43.jpg
data/raw/hf_candidates/medyoussef_fire-smoke-hardnegatives-int8/images/hard_neg_391.jpg,data/raw/hf_candidates/medyoussef_fire-smoke-hardnegatives-int8/images/hard_neg_43.jpg
data/raw/hf_candidates/medyoussef_fire-smoke-hardnegatives-int8/images/hard_neg_1138.jpg,data/raw/hf_candidates/medyoussef_fire-smoke-hardnegatives-int8/images/hard_neg_43.jpg
data/raw/hf_candidates/medyoussef_fire-smoke-hardnegatives-int8/images/hard_neg_408.jpg,data/raw/hf_candidates/medyoussef_fire-smoke-hardnegatives-int8/images/hard_neg_43.jpg
data/raw/hf_candidates/medyoussef_fire-smoke-hardnegatives-int8/images/hard_neg_1104.jpg,data/raw/hf_candidates/medyoussef_fire-smoke-hardnegatives-int8/images/hard_neg_43.jpg
data/raw/hf_candidates/medyoussef_fire-smoke-hardnegatives-int8/images/hard_neg_346.jpg,data/raw/hf_candidates/medyoussef_fire-smoke-hardnegatives-int8/images/hard_neg_43.jpg
data/raw/hf_candidates/medyoussef_fire-smoke-hardnegatives-int8/images/hard_neg_420.jpg,data/raw/hf_candidates/medyoussef_fire-smoke-hardnegatives-int8/images/hard_neg_43.jpg
data/raw/hf_candidates/medyoussef_fire-smoke-hardnegatives-int8/images/hard_neg_434.jpg,data/raw/hf_candidates/medyoussef_fire-smoke-hardnegatives-int8/images/hard_neg_43.jpg
data/raw/hf_candidates/medyoussef_fire-smoke-hardnegatives-int8/images/hard_neg_352.jpg,data/raw/hf_candidates/medyoussef_fire-smoke-hardnegatives-int8/images/hard_neg_43.jpg
data/raw/hf_candidates/medyoussef_fire-smoke-hardnegatives-int8/images/hard_neg_1110.jpg,data/raw/hf_candidates/medyoussef_fire-smoke-hardnegatives-int8/images/hard_neg_43.jpg
data/raw/hf_candidates/medyoussef_fire-smoke-hardnegatives-int8/images/hard_neg_805.jpg,data/raw/hf_candidates/medyoussef_fire-smoke-hardnegatives-int8/images/hard_neg_43.jpg
data/raw/hf_candidates/medyoussef_fire-smoke-hardnegatives-int8/images/hard_neg_811.jpg,data/raw/hf_candidates/medyoussef_fire-smoke-hardnegatives-int8/images/hard_neg_43.jpg
data/raw/hf_candidates/medyoussef_fire-smoke-hardnegatives-int8/images/hard_neg_839.jpg,data/raw/hf_candidates/medyoussef_fire-smoke-hardnegatives-int8/images/hard_neg_43.jpg
data/raw/hf_candidates/medyoussef_fire-smoke-hardnegatives-int8/images/hard_neg_187.jpg,data/raw/hf_candidates/medyoussef_fire-smoke-hardnegatives-int8/images/hard_neg_43.jpg
data/raw/hf_candidates/medyoussef_fire-smoke-hardnegatives-int8/images/hard_neg_193.jpg,data/raw/hf_candidates/medyoussef_fire-smoke-hardnegatives-int8/images/hard_neg_43.jpg
data/raw/hf_candidates/medyoussef_fire-smoke-hardnegatives-int8/images/hard_neg_178.jpg,data/raw/hf_candidates/medyoussef_fire-smoke-hardnegatives-int8/images/hard_neg_43.jpg
data/raw/hf_candidates/medyoussef_fire-smoke-hardnegatives-int8/images/hard_neg_1448.jpg,data/raw/hf_candidates/medyoussef_fire-smoke-hardnegatives-int8/images/hard_neg_43.jpg
data/raw/hf_candidates/medyoussef_fire-smoke-hardnegatives-int8/images/hard_neg_1460.jpg,data/raw/hf_candidates/medyoussef_fire-smoke-hardnegatives-int8/images/hard_neg_43.jpg
data/raw/hf_candidates/medyoussef_fire-smoke-hardnegatives-int8/images/hard_neg_622.jpg,data/raw/hf_candidates/medyoussef_fire-smoke-hardnegatives-int8/images/hard_neg_43.jpg
data/raw/hf_candidates/medyoussef_fire-smoke-hardnegatives-int8/images/hard_neg_144.jpg,data/raw/hf_candidates/medyoussef_fire-smoke-hardnegatives-int8/images/hard_neg_43.jpg
data/raw/hf_candidates/medyoussef_fire-smoke-hardnegatives-int8/images/hard_neg_1306.jpg,data/raw/hf_candidates/medyoussef_fire-smoke-hardnegatives-int8/images/hard_neg_43.jpg
data/raw/hf_candidates/medyoussef_fire-smoke-hardnegatives-int8/images/hard_neg_1312.jpg,data/raw/hf_candidates/medyoussef_fire-smoke-hardnegatives-int8/images/hard_neg_43.jpg
data/raw/hf_candidates/medyoussef_fire-smoke-hardnegatives-int8/images/hard_neg_150.jpg,data/raw/hf_candidates/medyoussef_fire-smoke-hardnegatives-int8/images/hard_neg_43.jpg
data/raw/hf_candidates/medyoussef_fire-smoke-hardnegatives-int8/images/hard_neg_636.jpg,data/raw/hf_candidates/medyoussef_fire-smoke-hardnegatives-int8/images/hard_neg_43.jpg
data/raw/hf_candidates/medyoussef_fire-smoke-hardnegatives-int8/images/hard_neg_1474.jpg,data/raw/hf_candidates/medyoussef_fire-smoke-hardnegatives-int8/images/hard_neg_43.jpg
data/raw/hf_candidates/medyoussef_fire-smoke-hardnegatives-int8/images/hard_neg_971.jpg,data/raw/hf_candidates/medyoussef_fire-smoke-hardnegatives-int8/images/hard_neg_43.jpg
data/raw/hf_candidates/medyoussef_fire-smoke-hardnegatives-int8/images/hard_neg_1299.jpg,data/raw/hf_candidates/medyoussef_fire-smoke-hardnegatives-int8/images/hard_neg_43.jpg
data/raw/hf_candidates/medyoussef_fire-smoke-hardnegatives-int8/images/hard_neg_965.jpg,data/raw/hf_candidates/medyoussef_fire-smoke-hardnegatives-int8/images/hard_neg_43.jpg
data/raw/hf_candidates/medyoussef_fire-smoke-hardnegatives-int8/images/hard_neg_missing_1501.jpg,data/raw/hf_candidates/medyoussef_fire-smoke-hardnegatives-int8/images/hard_neg_43.jpg
data/raw/hf_candidates/medyoussef_fire-smoke-hardnegatives-int8/images/hard_neg_795.jpg,data/raw/hf_candidates/medyoussef_fire-smoke-hardnegatives-int8/images/hard_neg_43.jpg
data/raw/hf_candidates/medyoussef_fire-smoke-hardnegatives-int8/images/hard_neg_959.jpg,data/raw/hf_candidates/medyoussef_fire-smoke-hardnegatives-int8/images/hard_neg_43.jpg
data/raw/hf_candidates/medyoussef_fire-smoke-hardnegatives-int8/images/hard_neg_781.jpg,data/raw/hf_candidates/medyoussef_fire-smoke-hardnegatives-int8/images/hard_neg_43.jpg
data/raw/hf_candidates/medyoussef_fire-smoke-hardnegatives-int8/images/hard_neg_756.jpg,data/raw/hf_candidates/medyoussef_fire-smoke-hardnegatives-int8/images/hard_neg_43.jpg
data/raw/hf_candidates/medyoussef_fire-smoke-hardnegatives-int8/images/hard_neg_1272.jpg,data/raw/hf_candidates/medyoussef_fire-smoke-hardnegatives-int8/images/hard_neg_43.jpg
data/raw/hf_candidates/medyoussef_fire-smoke-hardnegatives-int8/images/hard_neg_1266.jpg,data/raw/hf_candidates/medyoussef_fire-smoke-hardnegatives-int8/images/hard_neg_43.jpg
data/raw/hf_candidates/medyoussef_fire-smoke-hardnegatives-int8/images/hard_neg_742.jpg,data/raw/hf_candidates/medyoussef_fire-smoke-hardnegatives-int8/images/hard_neg_43.jpg
data/raw/hf_candidates/medyoussef_fire-smoke-hardnegatives-int8/images/hard_neg_597.jpg,data/raw/hf_candidates/medyoussef_fire-smoke-hardnegatives-int8/images/hard_neg_43.jpg
data/raw/hf_candidates/medyoussef_fire-smoke-hardnegatives-int8/images/hard_neg_583.jpg,data/raw/hf_candidates/medyoussef_fire-smoke-hardnegatives-int8/images/hard_neg_43.jpg
data/raw/hf_candidates/medyoussef_fire-smoke-hardnegatives-int8/images/hard_neg_11.jpg,data/raw/hf_candidates/medyoussef_fire-smoke-hardnegatives-int8/images/hard_neg_43.jpg
data/raw/hf_candidates/medyoussef_fire-smoke-hardnegatives-int8/images/hard_neg_568.jpg,data/raw/hf_candidates/medyoussef_fire-smoke-hardnegatives-int8/images/hard_neg_43.jpg
data/raw/hf_candidates/medyoussef_fire-smoke-hardnegatives-int8/images/hard_neg_1058.jpg,data/raw/hf_candidates/medyoussef_fire-smoke-hardnegatives-int8/images/hard_neg_43.jpg
data/raw/hf_candidates/medyoussef_fire-smoke-hardnegatives-int8/images/hard_neg_1070.jpg,data/raw/hf_candidates/medyoussef_fire-smoke-hardnegatives-int8/images/hard_neg_43.jpg
data/raw/hf_candidates/medyoussef_fire-smoke-hardnegatives-int8/images/hard_neg_232.jpg,data/raw/hf_candidates/medyoussef_fire-smoke-hardnegatives-int8/images/hard_neg_43.jpg
data/raw/hf_candidates/medyoussef_fire-smoke-hardnegatives-int8/images/hard_neg_554.jpg,data/raw/hf_candidates/medyoussef_fire-smoke-hardnegatives-int8/images/hard_neg_43.jpg
data/raw/hf_candidates/medyoussef_fire-smoke-hardnegatives-int8/images/hard_neg_39.jpg,data/raw/hf_candidates/medyoussef_fire-smoke-hardnegatives-int8/images/hard_neg_43.jpg
data/raw/hf_candidates/medyoussef_fire-smoke-hardnegatives-int8/images/hard_neg_540.jpg,data/raw/hf_candidates/medyoussef_fire-smoke-hardnegatives-int8/images/hard_neg_43.jpg
data/raw/hf_candidates/medyoussef_fire-smoke-hardnegatives-int8/images/hard_neg_226.jpg,data/raw/hf_candidates/medyoussef_fire-smoke-hardnegatives-int8/images/hard_neg_43.jpg
data/raw/hf_candidates/medyoussef_fire-smoke-hardnegatives-int8/images/hard_neg_1064.jpg,data/raw/hf_candidates/medyoussef_fire-smoke-hardnegatives-int8/images/hard_neg_43.jpg
data/raw/hf_candidates/medyoussef_fire-smoke-hardnegatives-int8/images/hard_neg_62.jpg,data/raw/hf_candidates/medyoussef_fire-smoke-hardnegatives-int8/images/hard_neg_43.jpg
data/raw/hf_candidates/medyoussef_fire-smoke-hardnegatives-int8/images/hard_neg_269.jpg,data/raw/hf_candidates/medyoussef_fire-smoke-hardnegatives-int8/images/hard_neg_43.jpg
data/raw/hf_candidates/medyoussef_fire-smoke-hardnegatives-int8/images/hard_neg_76.jpg,data/raw/hf_candidates/medyoussef_fire-smoke-hardnegatives-int8/images/hard_neg_43.jpg
data/raw/hf_candidates/medyoussef_fire-smoke-hardnegatives-int8/images/hard_neg_527.jpg,data/raw/hf_candidates/medyoussef_fire-smoke-hardnegatives-int8/images/hard_neg_43.jpg
data/raw/hf_candidates/medyoussef_fire-smoke-hardnegatives-int8/images/hard_neg_241.jpg,data/raw/hf_candidates/medyoussef_fire-smoke-hardnegatives-int8/images/hard_neg_43.jpg
data/raw/hf_candidates/medyoussef_fire-smoke-hardnegatives-int8/images/hard_neg_1003.jpg,data/raw/hf_candidates/medyoussef_fire-smoke-hardnegatives-int8/images/hard_neg_43.jpg
data/raw/hf_candidates/medyoussef_fire-smoke-hardnegatives-int8/images/hard_neg_1017.jpg,data/raw/hf_candidates/medyoussef_fire-smoke-hardnegatives-int8/images/hard_neg_43.jpg
data/raw/hf_candidates/medyoussef_fire-smoke-hardnegatives-int8/images/hard_neg_255.jpg,data/raw/hf_candidates/medyoussef_fire-smoke-hardnegatives-int8/images/hard_neg_43.jpg
data/raw/hf_candidates/medyoussef_fire-smoke-hardnegatives-int8/images/hard_neg_533.jpg,data/raw/hf_candidates/medyoussef_fire-smoke-hardnegatives-int8/images/hard_neg_43.jpg
data/raw/hf_candidates/medyoussef_fire-smoke-hardnegatives-int8/images/hard_neg_282.jpg,data/raw/hf_candidates/medyoussef_fire-smoke-hardnegatives-int8/images/hard_neg_43.jpg
data/raw/hf_candidates/medyoussef_fire-smoke-hardnegatives-int8/images/hard_neg_296.jpg,data/raw/hf_candidates/medyoussef_fire-smoke-hardnegatives-int8/images/hard_neg_43.jpg
data/raw/hf_candidates/medyoussef_fire-smoke-hardnegatives-int8/images/hard_neg_89.jpg,data/raw/hf_candidates/medyoussef_fire-smoke-hardnegatives-int8/images/hard_neg_43.jpg
data/raw/hf_candidates/medyoussef_fire-smoke-hardnegatives-int8/images/hard_neg_719.jpg,data/raw/hf_candidates/medyoussef_fire-smoke-hardnegatives-int8/images/hard_neg_43.jpg
data/raw/hf_candidates/medyoussef_fire-smoke-hardnegatives-int8/images/hard_neg_1229.jpg,data/raw/hf_candidates/medyoussef_fire-smoke-hardnegatives-int8/images/hard_neg_43.jpg
data/raw/hf_candidates/medyoussef_fire-smoke-hardnegatives-int8/images/hard_neg_1201.jpg,data/raw/hf_candidates/medyoussef_fire-smoke-hardnegatives-int8/images/hard_neg_43.jpg
data/raw/hf_candidates/medyoussef_fire-smoke-hardnegatives-int8/images/hard_neg_725.jpg,data/raw/hf_candidates/medyoussef_fire-smoke-hardnegatives-int8/images/hard_neg_43.jpg
data/raw/hf_candidates/medyoussef_fire-smoke-hardnegatives-int8/images/hard_neg_731.jpg,data/raw/hf_candidates/medyoussef_fire-smoke-hardnegatives-int8/images/hard_neg_43.jpg
data/raw/hf_candidates/medyoussef_fire-smoke-hardnegatives-int8/images/hard_neg_1215.jpg,data/raw/hf_candidates/medyoussef_fire-smoke-hardnegatives-int8/images/hard_neg_43.jpg
data/raw/hf_candidates/medyoussef_fire-smoke-hardnegatives-int8/images/hard_neg_902.jpg,data/raw/hf_candidates/medyoussef_fire-smoke-hardnegatives-int8/images/hard_neg_43.jpg
data/raw/hf_candidates/medyoussef_fire-smoke-hardnegatives-int8/images/hard_neg_916.jpg,data/raw/hf_candidates/medyoussef_fire-smoke-hardnegatives-int8/images/hard_neg_43.jpg
data/raw/hf_candidates/medyoussef_fire-smoke-hardnegatives-int8/images/hard_neg_1349.jpg,data/raw/hf_candidates/medyoussef_fire-smoke-hardnegatives-int8/images/hard_neg_43.jpg
data/raw/hf_candidates/medyoussef_fire-smoke-hardnegatives-int8/images/hard_neg_679.jpg,data/raw/hf_candidates/medyoussef_fire-smoke-hardnegatives-int8/images/hard_neg_43.jpg
data/raw/hf_candidates/medyoussef_fire-smoke-hardnegatives-int8/images/hard_neg_1375.jpg,data/raw/hf_candidates/medyoussef_fire-smoke-hardnegatives-int8/images/hard_neg_43.jpg
data/raw/hf_candidates/medyoussef_fire-smoke-hardnegatives-int8/images/hard_neg_137.jpg,data/raw/hf_candidates/medyoussef_fire-smoke-hardnegatives-int8/images/hard_neg_43.jpg
data/raw/hf_candidates/medyoussef_fire-smoke-hardnegatives-int8/images/hard_neg_651.jpg,data/raw/hf_candidates/medyoussef_fire-smoke-hardnegatives-int8/images/hard_neg_43.jpg
data/raw/hf_candidates/medyoussef_fire-smoke-hardnegatives-int8/images/hard_neg_889.jpg,data/raw/hf_candidates/medyoussef_fire-smoke-hardnegatives-int8/images/hard_neg_43.jpg
data/raw/hf_candidates/medyoussef_fire-smoke-hardnegatives-int8/images/hard_neg_1413.jpg,data/raw/hf_candidates/medyoussef_fire-smoke-hardnegatives-int8/images/hard_neg_43.jpg
data/raw/hf_candidates/medyoussef_fire-smoke-hardnegatives-int8/images/hard_neg_1407.jpg,data/raw/hf_candidates/medyoussef_fire-smoke-hardnegatives-int8/images/hard_neg_43.jpg
data/raw/hf_candidates/medyoussef_fire-smoke-hardnegatives-int8/images/hard_neg_645.jpg,data/raw/hf_candidates/medyoussef_fire-smoke-hardnegatives-int8/images/hard_neg_43.jpg
data/raw/hf_candidates/medyoussef_fire-smoke-hardnegatives-int8/images/hard_neg_123.jpg,data/raw/hf_candidates/medyoussef_fire-smoke-hardnegatives-int8/images/hard_neg_43.jpg
data/raw/hf_candidates/medyoussef_fire-smoke-hardnegatives-int8/images/hard_neg_1361.jpg,data/raw/hf_candidates/medyoussef_fire-smoke-hardnegatives-int8/images/hard_neg_43.jpg
data/raw/hf_candidates/medyoussef_fire-smoke-hardnegatives-int8/images/hard_neg_876.jpg,data/raw/hf_candidates/medyoussef_fire-smoke-hardnegatives-int8/images/hard_neg_43.jpg
data/raw/hf_candidates/medyoussef_fire-smoke-hardnegatives-int8/images/hard_neg_862.jpg,data/raw/hf_candidates/medyoussef_fire-smoke-hardnegatives-int8/images/hard_neg_43.jpg
data/raw/hf_candidates/medyoussef_fire-smoke-hardnegatives-int8/images/hard_neg_692.jpg,data/raw/hf_candidates/medyoussef_fire-smoke-hardnegatives-int8/images/hard_neg_43.jpg
data/raw/hf_candidates/medyoussef_fire-smoke-hardnegatives-int8/images/hard_neg_686.jpg,data/raw/hf_candidates/medyoussef_fire-smoke-hardnegatives-int8/images/hard_neg_43.jpg
data/raw/hf_candidates/medyoussef_fire-smoke-hardnegatives-int8/images/hard_neg_309.jpg,data/raw/hf_candidates/medyoussef_fire-smoke-hardnegatives-int8/images/hard_neg_43.jpg
data/raw/hf_candidates/medyoussef_fire-smoke-hardnegatives-int8/images/hard_neg_453.jpg,data/raw/hf_candidates/medyoussef_fire-smoke-hardnegatives-int8/images/hard_neg_43.jpg
data/raw/hf_candidates/medyoussef_fire-smoke-hardnegatives-int8/images/hard_neg_335.jpg,data/raw/hf_candidates/medyoussef_fire-smoke-hardnegatives-int8/images/hard_neg_43.jpg
data/raw/hf_candidates/medyoussef_fire-smoke-hardnegatives-int8/images/hard_neg_1177.jpg,data/raw/hf_candidates/medyoussef_fire-smoke-hardnegatives-int8/images/hard_neg_43.jpg
data/raw/hf_candidates/medyoussef_fire-smoke-hardnegatives-int8/images/hard_neg_1163.jpg,data/raw/hf_candidates/medyoussef_fire-smoke-hardnegatives-int8/images/hard_neg_43.jpg
data/raw/hf_candidates/medyoussef_fire-smoke-hardnegatives-int8/images/hard_neg_321.jpg,data/raw/hf_candidates/medyoussef_fire-smoke-hardnegatives-int8/images/hard_neg_43.jpg
data/raw/hf_candidates/medyoussef_fire-smoke-hardnegatives-int8/images/hard_neg_447.jpg,data/raw/hf_candidates/medyoussef_fire-smoke-hardnegatives-int8/images/hard_neg_43.jpg
data/raw/hf_candidates/medyoussef_fire-smoke-hardnegatives-int8/images/hard_neg_1188.jpg,data/raw/hf_candidates/medyoussef_fire-smoke-hardnegatives-int8/images/hard_neg_43.jpg
data/raw/hf_candidates/medyoussef_fire-smoke-hardnegatives-int8/images/hard_neg_490.jpg,data/raw/hf_candidates/medyoussef_fire-smoke-hardnegatives-int8/images/hard_neg_43.jpg
data/raw/hf_candidates/medyoussef_fire-smoke-hardnegatives-int8/images/hard_neg_484.jpg,data/raw/hf_candidates/medyoussef_fire-smoke-hardnegatives-int8/images/hard_neg_43.jpg
data/raw/hf_candidates/medyoussef_fire-smoke-hardnegatives-int8/images/hard_neg_485.jpg,data/raw/hf_candidates/medyoussef_fire-smoke-hardnegatives-int8/images/hard_neg_43.jpg
data/raw/hf_candidates/medyoussef_fire-smoke-hardnegatives-int8/images/hard_neg_491.jpg,data/raw/hf_candidates/medyoussef_fire-smoke-hardnegatives-int8/images/hard_neg_43.jpg
data/raw/hf_candidates/medyoussef_fire-smoke-hardnegatives-int8/images/hard_neg_1189.jpg,data/raw/hf_candidates/medyoussef_fire-smoke-hardnegatives-int8/images/hard_neg_43.jpg
data/raw/hf_candidates/medyoussef_fire-smoke-hardnegatives-int8/images/hard_neg_320.jpg,data/raw/hf_candidates/medyoussef_fire-smoke-hardnegatives-int8/images/hard_neg_43.jpg
data/raw/hf_candidates/medyoussef_fire-smoke-hardnegatives-int8/images/hard_neg_1162.jpg,data/raw/hf_candidates/medyoussef_fire-smoke-hardnegatives-int8/images/hard_neg_43.jpg
data/raw/hf_candidates/medyoussef_fire-smoke-hardnegatives-int8/images/hard_neg_446.jpg,data/raw/hf_candidates/medyoussef_fire-smoke-hardnegatives-int8/images/hard_neg_43.jpg
data/raw/hf_candidates/medyoussef_fire-smoke-hardnegatives-int8/images/hard_neg_452.jpg,data/raw/hf_candidates/medyoussef_fire-smoke-hardnegatives-int8/images/hard_neg_43.jpg
data/raw/hf_candidates/medyoussef_fire-smoke-hardnegatives-int8/images/hard_neg_1176.jpg,data/raw/hf_candidates/medyoussef_fire-smoke-hardnegatives-int8/images/hard_neg_43.jpg
data/raw/hf_candidates/medyoussef_fire-smoke-hardnegatives-int8/images/hard_neg_334.jpg,data/raw/hf_candidates/medyoussef_fire-smoke-hardnegatives-int8/images/hard_neg_43.jpg
data/raw/hf_candidates/medyoussef_fire-smoke-hardnegatives-int8/images/hard_neg_308.jpg,data/raw/hf_candidates/medyoussef_fire-smoke-hardnegatives-int8/images/hard_neg_43.jpg
data/raw/hf_candidates/medyoussef_fire-smoke-hardnegatives-int8/images/hard_neg_687.jpg,data/raw/hf_candidates/medyoussef_fire-smoke-hardnegatives-int8/images/hard_neg_43.jpg
data/raw/hf_candidates/medyoussef_fire-smoke-hardnegatives-int8/images/hard_neg_693.jpg,data/raw/hf_candidates/medyoussef_fire-smoke-hardnegatives-int8/images/hard_neg_43.jpg
data/raw/hf_candidates/medyoussef_fire-smoke-hardnegatives-int8/images/hard_neg_863.jpg,data/raw/hf_candidates/medyoussef_fire-smoke-hardnegatives-int8/images/hard_neg_43.jpg
data/raw/hf_candidates/medyoussef_fire-smoke-hardnegatives-int8/images/hard_neg_877.jpg,data/raw/hf_candidates/medyoussef_fire-smoke-hardnegatives-int8/images/hard_neg_43.jpg
data/raw/hf_candidates/medyoussef_fire-smoke-hardnegatives-int8/images/hard_neg_644.jpg,data/raw/hf_candidates/medyoussef_fire-smoke-hardnegatives-int8/images/hard_neg_43.jpg
data/raw/hf_candidates/medyoussef_fire-smoke-hardnegatives-int8/images/hard_neg_1406.jpg,data/raw/hf_candidates/medyoussef_fire-smoke-hardnegatives-int8/images/hard_neg_43.jpg
data/raw/hf_candidates/medyoussef_fire-smoke-hardnegatives-int8/images/hard_neg_1360.jpg,data/raw/hf_candidates/medyoussef_fire-smoke-hardnegatives-int8/images/hard_neg_43.jpg
data/raw/hf_candidates/medyoussef_fire-smoke-hardnegatives-int8/images/hard_neg_122.jpg,data/raw/hf_candidates/medyoussef_fire-smoke-hardnegatives-int8/images/hard_neg_43.jpg
data/raw/hf_candidates/medyoussef_fire-smoke-hardnegatives-int8/images/hard_neg_136.jpg,data/raw/hf_candidates/medyoussef_fire-smoke-hardnegatives-int8/images/hard_neg_43.jpg
data/raw/hf_candidates/medyoussef_fire-smoke-hardnegatives-int8/images/hard_neg_1374.jpg,data/raw/hf_candidates/medyoussef_fire-smoke-hardnegatives-int8/images/hard_neg_43.jpg
data/raw/hf_candidates/medyoussef_fire-smoke-hardnegatives-int8/images/hard_neg_1412.jpg,data/raw/hf_candidates/medyoussef_fire-smoke-hardnegatives-int8/images/hard_neg_43.jpg
data/raw/hf_candidates/medyoussef_fire-smoke-hardnegatives-int8/images/hard_neg_888.jpg,data/raw/hf_candidates/medyoussef_fire-smoke-hardnegatives-int8/images/hard_neg_43.jpg
data/raw/hf_candidates/medyoussef_fire-smoke-hardnegatives-int8/images/hard_neg_650.jpg,data/raw/hf_candidates/medyoussef_fire-smoke-hardnegatives-int8/images/hard_neg_43.jpg
data/raw/hf_candidates/medyoussef_fire-smoke-hardnegatives-int8/images/hard_neg_678.jpg,data/raw/hf_candidates/medyoussef_fire-smoke-hardnegatives-int8/images/hard_neg_43.jpg
data/raw/hf_candidates/medyoussef_fire-smoke-hardnegatives-int8/images/hard_neg_1348.jpg,data/raw/hf_candidates/medyoussef_fire-smoke-hardnegatives-int8/images/hard_neg_43.jpg
data/raw/hf_candidates/medyoussef_fire-smoke-hardnegatives-int8/images/hard_neg_917.jpg,data/raw/hf_candidates/medyoussef_fire-smoke-hardnegatives-int8/images/hard_neg_43.jpg
data/raw/hf_candidates/medyoussef_fire-smoke-hardnegatives-int8/images/hard_neg_903.jpg,data/raw/hf_candidates/medyoussef_fire-smoke-hardnegatives-int8/images/hard_neg_43.jpg
data/raw/hf_candidates/medyoussef_fire-smoke-hardnegatives-int8/images/hard_neg_730.jpg,data/raw/hf_candidates/medyoussef_fire-smoke-hardnegatives-int8/images/hard_neg_43.jpg
data/raw/hf_candidates/medyoussef_fire-smoke-hardnegatives-int8/images/hard_neg_1214.jpg,data/raw/hf_candidates/medyoussef_fire-smoke-hardnegatives-int8/images/hard_neg_43.jpg
data/raw/hf_candidates/medyoussef_fire-smoke-hardnegatives-int8/images/hard_neg_1200.jpg,data/raw/hf_candidates/medyoussef_fire-smoke-hardnegatives-int8/images/hard_neg_43.jpg
data/raw/hf_candidates/medyoussef_fire-smoke-hardnegatives-int8/images/hard_neg_724.jpg,data/raw/hf_candidates/medyoussef_fire-smoke-hardnegatives-int8/images/hard_neg_43.jpg
data/raw/hf_candidates/medyoussef_fire-smoke-hardnegatives-int8/images/hard_neg_1228.jpg,data/raw/hf_candidates/medyoussef_fire-smoke-hardnegatives-int8/images/hard_neg_43.jpg
data/raw/hf_candidates/medyoussef_fire-smoke-hardnegatives-int8/images/hard_neg_718.jpg,data/raw/hf_candidates/medyoussef_fire-smoke-hardnegatives-int8/images/hard_neg_43.jpg
data/raw/hf_candidates/medyoussef_fire-smoke-hardnegatives-int8/images/hard_neg_297.jpg,data/raw/hf_candidates/medyoussef_fire-smoke-hardnegatives-int8/images/hard_neg_43.jpg
data/raw/hf_candidates/medyoussef_fire-smoke-hardnegatives-int8/images/hard_neg_88.jpg,data/raw/hf_candidates/medyoussef_fire-smoke-hardnegatives-int8/images/hard_neg_43.jpg
data/raw/hf_candidates/medyoussef_fire-smoke-hardnegatives-int8/images/hard_neg_283.jpg,data/raw/hf_candidates/medyoussef_fire-smoke-hardnegatives-int8/images/hard_neg_43.jpg
data/raw/hf_candidates/medyoussef_fire-smoke-hardnegatives-int8/images/hard_neg_254.jpg,data/raw/hf_candidates/medyoussef_fire-smoke-hardnegatives-int8/images/hard_neg_43.jpg
data/raw/hf_candidates/medyoussef_fire-smoke-hardnegatives-int8/images/hard_neg_1016.jpg,data/raw/hf_candidates/medyoussef_fire-smoke-hardnegatives-int8/images/hard_neg_43.jpg
data/raw/hf_candidates/medyoussef_fire-smoke-hardnegatives-int8/images/hard_neg_532.jpg,data/raw/hf_candidates/medyoussef_fire-smoke-hardnegatives-int8/images/hard_neg_43.jpg
data/raw/hf_candidates/medyoussef_fire-smoke-hardnegatives-int8/images/hard_neg_526.jpg,data/raw/hf_candidates/medyoussef_fire-smoke-hardnegatives-int8/images/hard_neg_43.jpg
data/raw/hf_candidates/medyoussef_fire-smoke-hardnegatives-int8/images/hard_neg_1002.jpg,data/raw/hf_candidates/medyoussef_fire-smoke-hardnegatives-int8/images/hard_neg_43.jpg
data/raw/hf_candidates/medyoussef_fire-smoke-hardnegatives-int8/images/hard_neg_240.jpg,data/raw/hf_candidates/medyoussef_fire-smoke-hardnegatives-int8/images/hard_neg_43.jpg
data/raw/hf_candidates/medyoussef_fire-smoke-hardnegatives-int8/images/hard_neg_268.jpg,data/raw/hf_candidates/medyoussef_fire-smoke-hardnegatives-int8/images/hard_neg_43.jpg
data/raw/hf_candidates/medyoussef_fire-smoke-hardnegatives-int8/images/hard_neg_77.jpg,data/raw/hf_candidates/medyoussef_fire-smoke-hardnegatives-int8/images/hard_neg_43.jpg
data/raw/hf_candidates/medyoussef_fire-smoke-hardnegatives-int8/images/hard_neg_63.jpg,data/raw/hf_candidates/medyoussef_fire-smoke-hardnegatives-int8/images/hard_neg_43.jpg
data/raw/hf_candidates/medyoussef_fire-smoke-hardnegatives-int8/images/hard_neg_75.jpg,data/raw/hf_candidates/medyoussef_fire-smoke-hardnegatives-int8/images/hard_neg_43.jpg
data/raw/hf_candidates/medyoussef_fire-smoke-hardnegatives-int8/images/hard_neg_1028.jpg,data/raw/hf_candidates/medyoussef_fire-smoke-hardnegatives-int8/images/hard_neg_43.jpg
data/raw/hf_candidates/medyoussef_fire-smoke-hardnegatives-int8/images/hard_neg_518.jpg,data/raw/hf_candidates/medyoussef_fire-smoke-hardnegatives-int8/images/hard_neg_43.jpg
data/raw/hf_candidates/medyoussef_fire-smoke-hardnegatives-int8/images/hard_neg_61.jpg,data/raw/hf_candidates/medyoussef_fire-smoke-hardnegatives-int8/images/hard_neg_43.jpg
data/raw/hf_candidates/medyoussef_fire-smoke-hardnegatives-int8/images/hard_neg_530.jpg,data/raw/hf_candidates/medyoussef_fire-smoke-hardnegatives-int8/images/hard_neg_43.jpg
data/raw/hf_candidates/medyoussef_fire-smoke-hardnegatives-int8/images/hard_neg_49.jpg,data/raw/hf_candidates/medyoussef_fire-smoke-hardnegatives-int8/images/hard_neg_43.jpg
data/raw/hf_candidates/medyoussef_fire-smoke-hardnegatives-int8/images/hard_neg_1014.jpg,data/raw/hf_candidates/medyoussef_fire-smoke-hardnegatives-int8/images/hard_neg_43.jpg
data/raw/hf_candidates/medyoussef_fire-smoke-hardnegatives-int8/images/hard_neg_256.jpg,data/raw/hf_candidates/medyoussef_fire-smoke-hardnegatives-int8/images/hard_neg_43.jpg
data/raw/hf_candidates/medyoussef_fire-smoke-hardnegatives-int8/images/hard_neg_242.jpg,data/raw/hf_candidates/medyoussef_fire-smoke-hardnegatives-int8/images/hard_neg_43.jpg
data/raw/hf_candidates/medyoussef_fire-smoke-hardnegatives-int8/images/hard_neg_1000.jpg,data/raw/hf_candidates/medyoussef_fire-smoke-hardnegatives-int8/images/hard_neg_43.jpg
data/raw/hf_candidates/medyoussef_fire-smoke-hardnegatives-int8/images/hard_neg_524.jpg,data/raw/hf_candidates/medyoussef_fire-smoke-hardnegatives-int8/images/hard_neg_43.jpg
data/raw/hf_candidates/medyoussef_fire-smoke-hardnegatives-int8/images/hard_neg_295.jpg,data/raw/hf_candidates/medyoussef_fire-smoke-hardnegatives-int8/images/hard_neg_43.jpg
data/raw/hf_candidates/medyoussef_fire-smoke-hardnegatives-int8/images/hard_neg_281.jpg,data/raw/hf_candidates/medyoussef_fire-smoke-hardnegatives-int8/images/hard_neg_43.jpg
data/raw/hf_candidates/medyoussef_fire-smoke-hardnegatives-int8/images/hard_neg_1216.jpg,data/raw/hf_candidates/medyoussef_fire-smoke-hardnegatives-int8/images/hard_neg_43.jpg
data/raw/hf_candidates/medyoussef_fire-smoke-hardnegatives-int8/images/hard_neg_732.jpg,data/raw/hf_candidates/medyoussef_fire-smoke-hardnegatives-int8/images/hard_neg_43.jpg
data/raw/hf_candidates/medyoussef_fire-smoke-hardnegatives-int8/images/hard_neg_726.jpg,data/raw/hf_candidates/medyoussef_fire-smoke-hardnegatives-int8/images/hard_neg_43.jpg
data/raw/hf_candidates/medyoussef_fire-smoke-hardnegatives-int8/images/hard_neg_1202.jpg,data/raw/hf_candidates/medyoussef_fire-smoke-hardnegatives-int8/images/hard_neg_43.jpg
data/raw/hf_candidates/medyoussef_fire-smoke-hardnegatives-int8/images/hard_neg_915.jpg,data/raw/hf_candidates/medyoussef_fire-smoke-hardnegatives-int8/images/hard_neg_43.jpg
data/raw/hf_candidates/medyoussef_fire-smoke-hardnegatives-int8/images/hard_neg_901.jpg,data/raw/hf_candidates/medyoussef_fire-smoke-hardnegatives-int8/images/hard_neg_43.jpg
data/raw/hf_candidates/medyoussef_fire-smoke-hardnegatives-int8/images/hard_neg_929.jpg,data/raw/hf_candidates/medyoussef_fire-smoke-hardnegatives-int8/images/hard_neg_43.jpg
data/raw/hf_candidates/medyoussef_fire-smoke-hardnegatives-int8/images/hard_neg_1438.jpg,data/raw/hf_candidates/medyoussef_fire-smoke-hardnegatives-int8/images/hard_neg_43.jpg
data/raw/hf_candidates/medyoussef_fire-smoke-hardnegatives-int8/images/hard_neg_108.jpg,data/raw/hf_candidates/medyoussef_fire-smoke-hardnegatives-int8/images/hard_neg_43.jpg
data/raw/hf_candidates/medyoussef_fire-smoke-hardnegatives-int8/images/hard_neg_120.jpg,data/raw/hf_candidates/medyoussef_fire-smoke-hardnegatives-int8/images/hard_neg_43.jpg
data/raw/hf_candidates/medyoussef_fire-smoke-hardnegatives-int8/images/hard_neg_1362.jpg,data/raw/hf_candidates/medyoussef_fire-smoke-hardnegatives-int8/images/hard_neg_43.jpg
data/raw/hf_candidates/medyoussef_fire-smoke-hardnegatives-int8/images/hard_neg_1404.jpg,data/raw/hf_candidates/medyoussef_fire-smoke-hardnegatives-int8/images/hard_neg_43.jpg
data/raw/hf_candidates/medyoussef_fire-smoke-hardnegatives-int8/images/hard_neg_646.jpg,data/raw/hf_candidates/medyoussef_fire-smoke-hardnegatives-int8/images/hard_neg_43.jpg
data/raw/hf_candidates/medyoussef_fire-smoke-hardnegatives-int8/images/hard_neg_652.jpg,data/raw/hf_candidates/medyoussef_fire-smoke-hardnegatives-int8/images/hard_neg_43.jpg
data/raw/hf_candidates/medyoussef_fire-smoke-hardnegatives-int8/images/hard_neg_1410.jpg,data/raw/hf_candidates/medyoussef_fire-smoke-hardnegatives-int8/images/hard_neg_43.jpg
data/raw/hf_candidates/medyoussef_fire-smoke-hardnegatives-int8/images/hard_neg_1376.jpg,data/raw/hf_candidates/medyoussef_fire-smoke-hardnegatives-int8/images/hard_neg_43.jpg
data/raw/hf_candidates/medyoussef_fire-smoke-hardnegatives-int8/images/hard_neg_134.jpg,data/raw/hf_candidates/medyoussef_fire-smoke-hardnegatives-int8/images/hard_neg_43.jpg
data/raw/hf_candidates/medyoussef_fire-smoke-hardnegatives-int8/images/hard_neg_861.jpg,data/raw/hf_candidates/medyoussef_fire-smoke-hardnegatives-int8/images/hard_neg_43.jpg
data/raw/hf_candidates/medyoussef_fire-smoke-hardnegatives-int8/images/hard_neg_875.jpg,data/raw/hf_candidates/medyoussef_fire-smoke-hardnegatives-int8/images/hard_neg_43.jpg
data/raw/hf_candidates/medyoussef_fire-smoke-hardnegatives-int8/images/hard_neg_1389.jpg,data/raw/hf_candidates/medyoussef_fire-smoke-hardnegatives-int8/images/hard_neg_43.jpg
data/raw/hf_candidates/medyoussef_fire-smoke-hardnegatives-int8/images/hard_neg_685.jpg,data/raw/hf_candidates/medyoussef_fire-smoke-hardnegatives-int8/images/hard_neg_43.jpg
data/raw/hf_candidates/medyoussef_fire-smoke-hardnegatives-int8/images/hard_neg_849.jpg,data/raw/hf_candidates/medyoussef_fire-smoke-hardnegatives-int8/images/hard_neg_43.jpg
data/raw/hf_candidates/medyoussef_fire-smoke-hardnegatives-int8/images/hard_neg_691.jpg,data/raw/hf_candidates/medyoussef_fire-smoke-hardnegatives-int8/images/hard_neg_43.jpg
data/raw/hf_candidates/medyoussef_fire-smoke-hardnegatives-int8/images/hard_neg_478.jpg,data/raw/hf_candidates/medyoussef_fire-smoke-hardnegatives-int8/images/hard_neg_43.jpg
data/raw/hf_candidates/medyoussef_fire-smoke-hardnegatives-int8/images/hard_neg_1148.jpg,data/raw/hf_candidates/medyoussef_fire-smoke-hardnegatives-int8/images/hard_neg_43.jpg
data/raw/hf_candidates/medyoussef_fire-smoke-hardnegatives-int8/images/hard_neg_444.jpg,data/raw/hf_candidates/medyoussef_fire-smoke-hardnegatives-int8/images/hard_neg_43.jpg
data/raw/hf_candidates/medyoussef_fire-smoke-hardnegatives-int8/images/hard_neg_1160.jpg,data/raw/hf_candidates/medyoussef_fire-smoke-hardnegatives-int8/images/hard_neg_43.jpg
data/raw/hf_candidates/medyoussef_fire-smoke-hardnegatives-int8/images/hard_neg_322.jpg,data/raw/hf_candidates/medyoussef_fire-smoke-hardnegatives-int8/images/hard_neg_43.jpg
data/raw/hf_candidates/medyoussef_fire-smoke-hardnegatives-int8/images/hard_neg_336.jpg,data/raw/hf_candidates/medyoussef_fire-smoke-hardnegatives-int8/images/hard_neg_43.jpg
data/raw/hf_candidates/medyoussef_fire-smoke-hardnegatives-int8/images/hard_neg_1174.jpg,data/raw/hf_candidates/medyoussef_fire-smoke-hardnegatives-int8/images/hard_neg_43.jpg
data/raw/hf_candidates/medyoussef_fire-smoke-hardnegatives-int8/images/hard_neg_450.jpg,data/raw/hf_candidates/medyoussef_fire-smoke-hardnegatives-int8/images/hard_neg_43.jpg
data/raw/hf_candidates/medyoussef_fire-smoke-hardnegatives-int8/images/hard_neg_487.jpg,data/raw/hf_candidates/medyoussef_fire-smoke-hardnegatives-int8/images/hard_neg_43.jpg
data/raw/hf_candidates/medyoussef_fire-smoke-hardnegatives-int8/images/hard_neg_493.jpg,data/raw/hf_candidates/medyoussef_fire-smoke-hardnegatives-int8/images/hard_neg_43.jpg
data/raw/hf_candidates/medyoussef_fire-smoke-hardnegatives-int8/images/hard_neg_492.jpg,data/raw/hf_candidates/medyoussef_fire-smoke-hardnegatives-int8/images/hard_neg_43.jpg
data/raw/hf_candidates/medyoussef_fire-smoke-hardnegatives-int8/images/hard_neg_486.jpg,data/raw/hf_candidates/medyoussef_fire-smoke-hardnegatives-int8/images/hard_neg_43.jpg
data/raw/hf_candidates/medyoussef_fire-smoke-hardnegatives-int8/images/hard_neg_1175.jpg,data/raw/hf_candidates/medyoussef_fire-smoke-hardnegatives-int8/images/hard_neg_43.jpg
data/raw/hf_candidates/medyoussef_fire-smoke-hardnegatives-int8/images/hard_neg_337.jpg,data/raw/hf_candidates/medyoussef_fire-smoke-hardnegatives-int8/images/hard_neg_43.jpg
data/raw/hf_candidates/medyoussef_fire-smoke-hardnegatives-int8/images/hard_neg_451.jpg,data/raw/hf_candidates/medyoussef_fire-smoke-hardnegatives-int8/images/hard_neg_43.jpg
data/raw/hf_candidates/medyoussef_fire-smoke-hardnegatives-int8/images/hard_neg_445.jpg,data/raw/hf_candidates/medyoussef_fire-smoke-hardnegatives-int8/images/hard_neg_43.jpg
data/raw/hf_candidates/medyoussef_fire-smoke-hardnegatives-int8/images/hard_neg_323.jpg,data/raw/hf_candidates/medyoussef_fire-smoke-hardnegatives-int8/images/hard_neg_43.jpg
data/raw/hf_candidates/medyoussef_fire-smoke-hardnegatives-int8/images/hard_neg_1161.jpg,data/raw/hf_candidates/medyoussef_fire-smoke-hardnegatives-int8/images/hard_neg_43.jpg
data/raw/hf_candidates/medyoussef_fire-smoke-hardnegatives-int8/images/hard_neg_1149.jpg,data/raw/hf_candidates/medyoussef_fire-smoke-hardnegatives-int8/images/hard_neg_43.jpg
data/raw/hf_candidates/medyoussef_fire-smoke-hardnegatives-int8/images/hard_neg_479.jpg,data/raw/hf_candidates/medyoussef_fire-smoke-hardnegatives-int8/images/hard_neg_43.jpg
data/raw/hf_candidates/medyoussef_fire-smoke-hardnegatives-int8/images/hard_neg_690.jpg,data/raw/hf_candidates/medyoussef_fire-smoke-hardnegatives-int8/images/hard_neg_43.jpg
data/raw/hf_candidates/medyoussef_fire-smoke-hardnegatives-int8/images/hard_neg_848.jpg,data/raw/hf_candidates/medyoussef_fire-smoke-hardnegatives-int8/images/hard_neg_43.jpg
data/raw/hf_candidates/medyoussef_fire-smoke-hardnegatives-int8/images/hard_neg_684.jpg,data/raw/hf_candidates/medyoussef_fire-smoke-hardnegatives-int8/images/hard_neg_43.jpg
data/raw/hf_candidates/medyoussef_fire-smoke-hardnegatives-int8/images/hard_neg_874.jpg,data/raw/hf_candidates/medyoussef_fire-smoke-hardnegatives-int8/images/hard_neg_43.jpg
data/raw/hf_candidates/medyoussef_fire-smoke-hardnegatives-int8/images/hard_neg_1388.jpg,data/raw/hf_candidates/medyoussef_fire-smoke-hardnegatives-int8/images/hard_neg_43.jpg
data/raw/hf_candidates/medyoussef_fire-smoke-hardnegatives-int8/images/hard_neg_860.jpg,data/raw/hf_candidates/medyoussef_fire-smoke-hardnegatives-int8/images/hard_neg_43.jpg
data/raw/hf_candidates/medyoussef_fire-smoke-hardnegatives-int8/images/hard_neg_1411.jpg,data/raw/hf_candidates/medyoussef_fire-smoke-hardnegatives-int8/images/hard_neg_43.jpg
data/raw/hf_candidates/medyoussef_fire-smoke-hardnegatives-int8/images/hard_neg_653.jpg,data/raw/hf_candidates/medyoussef_fire-smoke-hardnegatives-int8/images/hard_neg_43.jpg
data/raw/hf_candidates/medyoussef_fire-smoke-hardnegatives-int8/images/hard_neg_135.jpg,data/raw/hf_candidates/medyoussef_fire-smoke-hardnegatives-int8/images/hard_neg_43.jpg
data/raw/hf_candidates/medyoussef_fire-smoke-hardnegatives-int8/images/hard_neg_1377.jpg,data/raw/hf_candidates/medyoussef_fire-smoke-hardnegatives-int8/images/hard_neg_43.jpg
data/raw/hf_candidates/medyoussef_fire-smoke-hardnegatives-int8/images/hard_neg_1363.jpg,data/raw/hf_candidates/medyoussef_fire-smoke-hardnegatives-int8/images/hard_neg_43.jpg
data/raw/hf_candidates/medyoussef_fire-smoke-hardnegatives-int8/images/hard_neg_121.jpg,data/raw/hf_candidates/medyoussef_fire-smoke-hardnegatives-int8/images/hard_neg_43.jpg
data/raw/hf_candidates/medyoussef_fire-smoke-hardnegatives-int8/images/hard_neg_647.jpg,data/raw/hf_candidates/medyoussef_fire-smoke-hardnegatives-int8/images/hard_neg_43.jpg
data/raw/hf_candidates/medyoussef_fire-smoke-hardnegatives-int8/images/hard_neg_1405.jpg,data/raw/hf_candidates/medyoussef_fire-smoke-hardnegatives-int8/images/hard_neg_43.jpg
data/raw/hf_candidates/medyoussef_fire-smoke-hardnegatives-int8/images/hard_neg_109.jpg,data/raw/hf_candidates/medyoussef_fire-smoke-hardnegatives-int8/images/hard_neg_43.jpg
data/raw/hf_candidates/medyoussef_fire-smoke-hardnegatives-int8/images/hard_neg_1439.jpg,data/raw/hf_candidates/medyoussef_fire-smoke-hardnegatives-int8/images/hard_neg_43.jpg
data/raw/hf_candidates/medyoussef_fire-smoke-hardnegatives-int8/images/hard_neg_928.jpg,data/raw/hf_candidates/medyoussef_fire-smoke-hardnegatives-int8/images/hard_neg_43.jpg
data/raw/hf_candidates/medyoussef_fire-smoke-hardnegatives-int8/images/hard_neg_900.jpg,data/raw/hf_candidates/medyoussef_fire-smoke-hardnegatives-int8/images/hard_neg_43.jpg
data/raw/hf_candidates/medyoussef_fire-smoke-hardnegatives-int8/images/hard_neg_914.jpg,data/raw/hf_candidates/medyoussef_fire-smoke-hardnegatives-int8/images/hard_neg_43.jpg
data/raw/hf_candidates/medyoussef_fire-smoke-hardnegatives-int8/images/hard_neg_727.jpg,data/raw/hf_candidates/medyoussef_fire-smoke-hardnegatives-int8/images/hard_neg_43.jpg
data/raw/hf_candidates/medyoussef_fire-smoke-hardnegatives-int8/images/hard_neg_1203.jpg,data/raw/hf_candidates/medyoussef_fire-smoke-hardnegatives-int8/images/hard_neg_43.jpg
data/raw/hf_candidates/medyoussef_fire-smoke-hardnegatives-int8/images/hard_neg_1217.jpg,data/raw/hf_candidates/medyoussef_fire-smoke-hardnegatives-int8/images/hard_neg_43.jpg
data/raw/hf_candidates/medyoussef_fire-smoke-hardnegatives-int8/images/hard_neg_733.jpg,data/raw/hf_candidates/medyoussef_fire-smoke-hardnegatives-int8/images/hard_neg_43.jpg
data/raw/hf_candidates/medyoussef_fire-smoke-hardnegatives-int8/images/hard_neg_280.jpg,data/raw/hf_candidates/medyoussef_fire-smoke-hardnegatives-int8/images/hard_neg_43.jpg
data/raw/hf_candidates/medyoussef_fire-smoke-hardnegatives-int8/images/hard_neg_294.jpg,data/raw/hf_candidates/medyoussef_fire-smoke-hardnegatives-int8/images/hard_neg_43.jpg
data/raw/hf_candidates/medyoussef_fire-smoke-hardnegatives-int8/images/hard_neg_1001.jpg,data/raw/hf_candidates/medyoussef_fire-smoke-hardnegatives-int8/images/hard_neg_43.jpg
data/raw/hf_candidates/medyoussef_fire-smoke-hardnegatives-int8/images/hard_neg_243.jpg,data/raw/hf_candidates/medyoussef_fire-smoke-hardnegatives-int8/images/hard_neg_43.jpg
data/raw/hf_candidates/medyoussef_fire-smoke-hardnegatives-int8/images/hard_neg_525.jpg,data/raw/hf_candidates/medyoussef_fire-smoke-hardnegatives-int8/images/hard_neg_43.jpg
data/raw/hf_candidates/medyoussef_fire-smoke-hardnegatives-int8/images/hard_neg_48.jpg,data/raw/hf_candidates/medyoussef_fire-smoke-hardnegatives-int8/images/hard_neg_43.jpg
data/raw/hf_candidates/medyoussef_fire-smoke-hardnegatives-int8/images/hard_neg_531.jpg,data/raw/hf_candidates/medyoussef_fire-smoke-hardnegatives-int8/images/hard_neg_43.jpg
data/raw/hf_candidates/medyoussef_fire-smoke-hardnegatives-int8/images/hard_neg_257.jpg,data/raw/hf_candidates/medyoussef_fire-smoke-hardnegatives-int8/images/hard_neg_43.jpg
data/raw/hf_candidates/medyoussef_fire-smoke-hardnegatives-int8/images/hard_neg_1015.jpg,data/raw/hf_candidates/medyoussef_fire-smoke-hardnegatives-int8/images/hard_neg_43.jpg
data/raw/hf_candidates/medyoussef_fire-smoke-hardnegatives-int8/images/hard_neg_60.jpg,data/raw/hf_candidates/medyoussef_fire-smoke-hardnegatives-int8/images/hard_neg_43.jpg
data/raw/hf_candidates/medyoussef_fire-smoke-hardnegatives-int8/images/hard_neg_519.jpg,data/raw/hf_candidates/medyoussef_fire-smoke-hardnegatives-int8/images/hard_neg_43.jpg
data/raw/hf_candidates/medyoussef_fire-smoke-hardnegatives-int8/images/hard_neg_74.jpg,data/raw/hf_candidates/medyoussef_fire-smoke-hardnegatives-int8/images/hard_neg_43.jpg
data/raw/hf_candidates/medyoussef_fire-smoke-hardnegatives-int8/images/hard_neg_1029.jpg,data/raw/hf_candidates/medyoussef_fire-smoke-hardnegatives-int8/images/hard_neg_43.jpg
data/raw/hf_candidates/medyoussef_fire-smoke-hardnegatives-int8/images/hard_neg_1011.jpg,data/raw/hf_candidates/medyoussef_fire-smoke-hardnegatives-int8/images/hard_neg_43.jpg
data/raw/hf_candidates/medyoussef_fire-smoke-hardnegatives-int8/images/hard_neg_253.jpg,data/raw/hf_candidates/medyoussef_fire-smoke-hardnegatives-int8/images/hard_neg_43.jpg
data/raw/hf_candidates/medyoussef_fire-smoke-hardnegatives-int8/images/hard_neg_535.jpg,data/raw/hf_candidates/medyoussef_fire-smoke-hardnegatives-int8/images/hard_neg_43.jpg
data/raw/hf_candidates/medyoussef_fire-smoke-hardnegatives-int8/images/hard_neg_58.jpg,data/raw/hf_candidates/medyoussef_fire-smoke-hardnegatives-int8/images/hard_neg_43.jpg
data/raw/hf_candidates/medyoussef_fire-smoke-hardnegatives-int8/images/hard_neg_521.jpg,data/raw/hf_candidates/medyoussef_fire-smoke-hardnegatives-int8/images/hard_neg_43.jpg
data/raw/hf_candidates/medyoussef_fire-smoke-hardnegatives-int8/images/hard_neg_247.jpg,data/raw/hf_candidates/medyoussef_fire-smoke-hardnegatives-int8/images/hard_neg_43.jpg
data/raw/hf_candidates/medyoussef_fire-smoke-hardnegatives-int8/images/hard_neg_1005.jpg,data/raw/hf_candidates/medyoussef_fire-smoke-hardnegatives-int8/images/hard_neg_43.jpg
data/raw/hf_candidates/medyoussef_fire-smoke-hardnegatives-int8/images/hard_neg_70.jpg,data/raw/hf_candidates/medyoussef_fire-smoke-hardnegatives-int8/images/hard_neg_43.jpg
data/raw/hf_candidates/medyoussef_fire-smoke-hardnegatives-int8/images/hard_neg_509.jpg,data/raw/hf_candidates/medyoussef_fire-smoke-hardnegatives-int8/images/hard_neg_43.jpg
data/raw/hf_candidates/medyoussef_fire-smoke-hardnegatives-int8/images/hard_neg_64.jpg,data/raw/hf_candidates/medyoussef_fire-smoke-hardnegatives-int8/images/hard_neg_43.jpg
data/raw/hf_candidates/medyoussef_fire-smoke-hardnegatives-int8/images/hard_neg_1039.jpg,data/raw/hf_candidates/medyoussef_fire-smoke-hardnegatives-int8/images/hard_neg_43.jpg
data/raw/hf_candidates/medyoussef_fire-smoke-hardnegatives-int8/images/hard_neg_290.jpg,data/raw/hf_candidates/medyoussef_fire-smoke-hardnegatives-int8/images/hard_neg_43.jpg
data/raw/hf_candidates/medyoussef_fire-smoke-hardnegatives-int8/images/hard_neg_284.jpg,data/raw/hf_candidates/medyoussef_fire-smoke-hardnegatives-int8/images/hard_neg_43.jpg
data/raw/hf_candidates/medyoussef_fire-smoke-hardnegatives-int8/images/hard_neg_737.jpg,data/raw/hf_candidates/medyoussef_fire-smoke-hardnegatives-int8/images/hard_neg_43.jpg
data/raw/hf_candidates/medyoussef_fire-smoke-hardnegatives-int8/images/hard_neg_1213.jpg,data/raw/hf_candidates/medyoussef_fire-smoke-hardnegatives-int8/images/hard_neg_43.jpg
data/raw/hf_candidates/medyoussef_fire-smoke-hardnegatives-int8/images/hard_neg_1207.jpg,data/raw/hf_candidates/medyoussef_fire-smoke-hardnegatives-int8/images/hard_neg_43.jpg
data/raw/hf_candidates/medyoussef_fire-smoke-hardnegatives-int8/images/hard_neg_723.jpg,data/raw/hf_candidates/medyoussef_fire-smoke-hardnegatives-int8/images/hard_neg_43.jpg
data/raw/hf_candidates/medyoussef_fire-smoke-hardnegatives-int8/images/hard_neg_938.jpg,data/raw/hf_candidates/medyoussef_fire-smoke-hardnegatives-int8/images/hard_neg_43.jpg
data/raw/hf_candidates/medyoussef_fire-smoke-hardnegatives-int8/images/hard_neg_910.jpg,data/raw/hf_candidates/medyoussef_fire-smoke-hardnegatives-int8/images/hard_neg_43.jpg
data/raw/hf_candidates/medyoussef_fire-smoke-hardnegatives-int8/images/hard_neg_904.jpg,data/raw/hf_candidates/medyoussef_fire-smoke-hardnegatives-int8/images/hard_neg_43.jpg
data/raw/hf_candidates/medyoussef_fire-smoke-hardnegatives-int8/images/hard_neg_1401.jpg,data/raw/hf_candidates/medyoussef_fire-smoke-hardnegatives-int8/images/hard_neg_43.jpg
data/raw/hf_candidates/medyoussef_fire-smoke-hardnegatives-int8/images/hard_neg_643.jpg,data/raw/hf_candidates/medyoussef_fire-smoke-hardnegatives-int8/images/hard_neg_43.jpg
data/raw/hf_candidates/medyoussef_fire-smoke-hardnegatives-int8/images/hard_neg_125.jpg,data/raw/hf_candidates/medyoussef_fire-smoke-hardnegatives-int8/images/hard_neg_43.jpg
data/raw/hf_candidates/medyoussef_fire-smoke-hardnegatives-int8/images/hard_neg_1367.jpg,data/raw/hf_candidates/medyoussef_fire-smoke-hardnegatives-int8/images/hard_neg_43.jpg
data/raw/hf_candidates/medyoussef_fire-smoke-hardnegatives-int8/images/hard_neg_1373.jpg,data/raw/hf_candidates/medyoussef_fire-smoke-hardnegatives-int8/images/hard_neg_43.jpg
data/raw/hf_candidates/medyoussef_fire-smoke-hardnegatives-int8/images/hard_neg_131.jpg,data/raw/hf_candidates/medyoussef_fire-smoke-hardnegatives-int8/images/hard_neg_43.jpg
data/raw/hf_candidates/medyoussef_fire-smoke-hardnegatives-int8/images/hard_neg_657.jpg,data/raw/hf_candidates/medyoussef_fire-smoke-hardnegatives-int8/images/hard_neg_43.jpg
data/raw/hf_candidates/medyoussef_fire-smoke-hardnegatives-int8/images/hard_neg_1415.jpg,data/raw/hf_candidates/medyoussef_fire-smoke-hardnegatives-int8/images/hard_neg_43.jpg
data/raw/hf_candidates/medyoussef_fire-smoke-hardnegatives-int8/images/hard_neg_119.jpg,data/raw/hf_candidates/medyoussef_fire-smoke-hardnegatives-int8/images/hard_neg_43.jpg
data/raw/hf_candidates/medyoussef_fire-smoke-hardnegatives-int8/images/hard_neg_1429.jpg,data/raw/hf_candidates/medyoussef_fire-smoke-hardnegatives-int8/images/hard_neg_43.jpg
data/raw/hf_candidates/medyoussef_fire-smoke-hardnegatives-int8/images/hard_neg_858.jpg,data/raw/hf_candidates/medyoussef_fire-smoke-hardnegatives-int8/images/hard_neg_43.jpg
data/raw/hf_candidates/medyoussef_fire-smoke-hardnegatives-int8/images/hard_neg_680.jpg,data/raw/hf_candidates/medyoussef_fire-smoke-hardnegatives-int8/images/hard_neg_43.jpg
data/raw/hf_candidates/medyoussef_fire-smoke-hardnegatives-int8/images/hard_neg_694.jpg,data/raw/hf_candidates/medyoussef_fire-smoke-hardnegatives-int8/images/hard_neg_43.jpg
data/raw/hf_candidates/medyoussef_fire-smoke-hardnegatives-int8/images/hard_neg_864.jpg,data/raw/hf_candidates/medyoussef_fire-smoke-hardnegatives-int8/images/hard_neg_43.jpg
data/raw/hf_candidates/medyoussef_fire-smoke-hardnegatives-int8/images/hard_neg_1398.jpg,data/raw/hf_candidates/medyoussef_fire-smoke-hardnegatives-int8/images/hard_neg_43.jpg
data/raw/hf_candidates/medyoussef_fire-smoke-hardnegatives-int8/images/hard_neg_870.jpg,data/raw/hf_candidates/medyoussef_fire-smoke-hardnegatives-int8/images/hard_neg_43.jpg
data/raw/hf_candidates/medyoussef_fire-smoke-hardnegatives-int8/images/hard_neg_1165.jpg,data/raw/hf_candidates/medyoussef_fire-smoke-hardnegatives-int8/images/hard_neg_43.jpg
data/raw/hf_candidates/medyoussef_fire-smoke-hardnegatives-int8/images/hard_neg_327.jpg,data/raw/hf_candidates/medyoussef_fire-smoke-hardnegatives-int8/images/hard_neg_43.jpg
data/raw/hf_candidates/medyoussef_fire-smoke-hardnegatives-int8/images/hard_neg_441.jpg,data/raw/hf_candidates/medyoussef_fire-smoke-hardnegatives-int8/images/hard_neg_43.jpg
data/raw/hf_candidates/medyoussef_fire-smoke-hardnegatives-int8/images/hard_neg_455.jpg,data/raw/hf_candidates/medyoussef_fire-smoke-hardnegatives-int8/images/hard_neg_43.jpg
data/raw/hf_candidates/medyoussef_fire-smoke-hardnegatives-int8/images/hard_neg_333.jpg,data/raw/hf_candidates/medyoussef_fire-smoke-hardnegatives-int8/images/hard_neg_43.jpg
data/raw/hf_candidates/medyoussef_fire-smoke-hardnegatives-int8/images/hard_neg_1171.jpg,data/raw/hf_candidates/medyoussef_fire-smoke-hardnegatives-int8/images/hard_neg_43.jpg
data/raw/hf_candidates/medyoussef_fire-smoke-hardnegatives-int8/images/hard_neg_1159.jpg,data/raw/hf_candidates/medyoussef_fire-smoke-hardnegatives-int8/images/hard_neg_43.jpg
data/raw/hf_candidates/medyoussef_fire-smoke-hardnegatives-int8/images/hard_neg_469.jpg,data/raw/hf_candidates/medyoussef_fire-smoke-hardnegatives-int8/images/hard_neg_43.jpg
data/raw/hf_candidates/medyoussef_fire-smoke-hardnegatives-int8/images/hard_neg_482.jpg,data/raw/hf_candidates/medyoussef_fire-smoke-hardnegatives-int8/images/hard_neg_43.jpg
data/raw/hf_candidates/medyoussef_fire-smoke-hardnegatives-int8/images/hard_neg_496.jpg,data/raw/hf_candidates/medyoussef_fire-smoke-hardnegatives-int8/images/hard_neg_43.jpg
data/raw/hf_candidates/medyoussef_fire-smoke-hardnegatives-int8/images/hard_neg_497.jpg,data/raw/hf_candidates/medyoussef_fire-smoke-hardnegatives-int8/images/hard_neg_43.jpg
data/raw/hf_candidates/medyoussef_fire-smoke-hardnegatives-int8/images/hard_neg_483.jpg,data/raw/hf_candidates/medyoussef_fire-smoke-hardnegatives-int8/images/hard_neg_43.jpg
data/raw/hf_candidates/medyoussef_fire-smoke-hardnegatives-int8/images/hard_neg_468.jpg,data/raw/hf_candidates/medyoussef_fire-smoke-hardnegatives-int8/images/hard_neg_43.jpg
data/raw/hf_candidates/medyoussef_fire-smoke-hardnegatives-int8/images/hard_neg_1158.jpg,data/raw/hf_candidates/medyoussef_fire-smoke-hardnegatives-int8/images/hard_neg_43.jpg
data/raw/hf_candidates/medyoussef_fire-smoke-hardnegatives-int8/images/hard_neg_454.jpg,data/raw/hf_candidates/medyoussef_fire-smoke-hardnegatives-int8/images/hard_neg_43.jpg
data/raw/hf_candidates/medyoussef_fire-smoke-hardnegatives-int8/images/hard_neg_1170.jpg,data/raw/hf_candidates/medyoussef_fire-smoke-hardnegatives-int8/images/hard_neg_43.jpg
data/raw/hf_candidates/medyoussef_fire-smoke-hardnegatives-int8/images/hard_neg_332.jpg,data/raw/hf_candidates/medyoussef_fire-smoke-hardnegatives-int8/images/hard_neg_43.jpg
data/raw/hf_candidates/medyoussef_fire-smoke-hardnegatives-int8/images/hard_neg_326.jpg,data/raw/hf_candidates/medyoussef_fire-smoke-hardnegatives-int8/images/hard_neg_43.jpg
data/raw/hf_candidates/medyoussef_fire-smoke-hardnegatives-int8/images/hard_neg_1164.jpg,data/raw/hf_candidates/medyoussef_fire-smoke-hardnegatives-int8/images/hard_neg_43.jpg
data/raw/hf_candidates/medyoussef_fire-smoke-hardnegatives-int8/images/hard_neg_440.jpg,data/raw/hf_candidates/medyoussef_fire-smoke-hardnegatives-int8/images/hard_neg_43.jpg
data/raw/hf_candidates/medyoussef_fire-smoke-hardnegatives-int8/images/hard_neg_871.jpg,data/raw/hf_candidates/medyoussef_fire-smoke-hardnegatives-int8/images/hard_neg_43.jpg
data/raw/hf_candidates/medyoussef_fire-smoke-hardnegatives-int8/images/hard_neg_865.jpg,data/raw/hf_candidates/medyoussef_fire-smoke-hardnegatives-int8/images/hard_neg_43.jpg
data/raw/hf_candidates/medyoussef_fire-smoke-hardnegatives-int8/images/hard_neg_1399.jpg,data/raw/hf_candidates/medyoussef_fire-smoke-hardnegatives-int8/images/hard_neg_43.jpg
data/raw/hf_candidates/medyoussef_fire-smoke-hardnegatives-int8/images/hard_neg_695.jpg,data/raw/hf_candidates/medyoussef_fire-smoke-hardnegatives-int8/images/hard_neg_43.jpg
data/raw/hf_candidates/medyoussef_fire-smoke-hardnegatives-int8/images/hard_neg_681.jpg,data/raw/hf_candidates/medyoussef_fire-smoke-hardnegatives-int8/images/hard_neg_43.jpg
data/raw/hf_candidates/medyoussef_fire-smoke-hardnegatives-int8/images/hard_neg_859.jpg,data/raw/hf_candidates/medyoussef_fire-smoke-hardnegatives-int8/images/hard_neg_43.jpg
data/raw/hf_candidates/medyoussef_fire-smoke-hardnegatives-int8/images/hard_neg_1428.jpg,data/raw/hf_candidates/medyoussef_fire-smoke-hardnegatives-int8/images/hard_neg_43.jpg
data/raw/hf_candidates/medyoussef_fire-smoke-hardnegatives-int8/images/hard_neg_118.jpg,data/raw/hf_candidates/medyoussef_fire-smoke-hardnegatives-int8/images/hard_neg_43.jpg
data/raw/hf_candidates/medyoussef_fire-smoke-hardnegatives-int8/images/hard_neg_130.jpg,data/raw/hf_candidates/medyoussef_fire-smoke-hardnegatives-int8/images/hard_neg_43.jpg
data/raw/hf_candidates/medyoussef_fire-smoke-hardnegatives-int8/images/hard_neg_1372.jpg,data/raw/hf_candidates/medyoussef_fire-smoke-hardnegatives-int8/images/hard_neg_43.jpg
data/raw/hf_candidates/medyoussef_fire-smoke-hardnegatives-int8/images/hard_neg_1414.jpg,data/raw/hf_candidates/medyoussef_fire-smoke-hardnegatives-int8/images/hard_neg_43.jpg
data/raw/hf_candidates/medyoussef_fire-smoke-hardnegatives-int8/images/hard_neg_656.jpg,data/raw/hf_candidates/medyoussef_fire-smoke-hardnegatives-int8/images/hard_neg_43.jpg
data/raw/hf_candidates/medyoussef_fire-smoke-hardnegatives-int8/images/hard_neg_642.jpg,data/raw/hf_candidates/medyoussef_fire-smoke-hardnegatives-int8/images/hard_neg_43.jpg
data/raw/hf_candidates/medyoussef_fire-smoke-hardnegatives-int8/images/hard_neg_1400.jpg,data/raw/hf_candidates/medyoussef_fire-smoke-hardnegatives-int8/images/hard_neg_43.jpg
data/raw/hf_candidates/medyoussef_fire-smoke-hardnegatives-int8/images/hard_neg_1366.jpg,data/raw/hf_candidates/medyoussef_fire-smoke-hardnegatives-int8/images/hard_neg_43.jpg
data/raw/hf_candidates/medyoussef_fire-smoke-hardnegatives-int8/images/hard_neg_124.jpg,data/raw/hf_candidates/medyoussef_fire-smoke-hardnegatives-int8/images/hard_neg_43.jpg
data/raw/hf_candidates/medyoussef_fire-smoke-hardnegatives-int8/images/hard_neg_905.jpg,data/raw/hf_candidates/medyoussef_fire-smoke-hardnegatives-int8/images/hard_neg_43.jpg
data/raw/hf_candidates/medyoussef_fire-smoke-hardnegatives-int8/images/hard_neg_911.jpg,data/raw/hf_candidates/medyoussef_fire-smoke-hardnegatives-int8/images/hard_neg_43.jpg
data/raw/hf_candidates/medyoussef_fire-smoke-hardnegatives-int8/images/hard_neg_939.jpg,data/raw/hf_candidates/medyoussef_fire-smoke-hardnegatives-int8/images/hard_neg_43.jpg
data/raw/hf_candidates/medyoussef_fire-smoke-hardnegatives-int8/images/hard_neg_1206.jpg,data/raw/hf_candidates/medyoussef_fire-smoke-hardnegatives-int8/images/hard_neg_43.jpg
data/raw/hf_candidates/medyoussef_fire-smoke-hardnegatives-int8/images/hard_neg_722.jpg,data/raw/hf_candidates/medyoussef_fire-smoke-hardnegatives-int8/images/hard_neg_43.jpg
data/raw/hf_candidates/medyoussef_fire-smoke-hardnegatives-int8/images/hard_neg_736.jpg,data/raw/hf_candidates/medyoussef_fire-smoke-hardnegatives-int8/images/hard_neg_43.jpg
data/raw/hf_candidates/medyoussef_fire-smoke-hardnegatives-int8/images/hard_neg_1212.jpg,data/raw/hf_candidates/medyoussef_fire-smoke-hardnegatives-int8/images/hard_neg_43.jpg
data/raw/hf_candidates/medyoussef_fire-smoke-hardnegatives-int8/images/hard_neg_285.jpg,data/raw/hf_candidates/medyoussef_fire-smoke-hardnegatives-int8/images/hard_neg_43.jpg
data/raw/hf_candidates/medyoussef_fire-smoke-hardnegatives-int8/images/hard_neg_291.jpg,data/raw/hf_candidates/medyoussef_fire-smoke-hardnegatives-int8/images/hard_neg_43.jpg
data/raw/hf_candidates/medyoussef_fire-smoke-hardnegatives-int8/images/hard_neg_65.jpg,data/raw/hf_candidates/medyoussef_fire-smoke-hardnegatives-int8/images/hard_neg_43.jpg
data/raw/hf_candidates/medyoussef_fire-smoke-hardnegatives-int8/images/hard_neg_1038.jpg,data/raw/hf_candidates/medyoussef_fire-smoke-hardnegatives-int8/images/hard_neg_43.jpg
data/raw/hf_candidates/medyoussef_fire-smoke-hardnegatives-int8/images/hard_neg_508.jpg,data/raw/hf_candidates/medyoussef_fire-smoke-hardnegatives-int8/images/hard_neg_43.jpg
data/raw/hf_candidates/medyoussef_fire-smoke-hardnegatives-int8/images/hard_neg_71.jpg,data/raw/hf_candidates/medyoussef_fire-smoke-hardnegatives-int8/images/hard_neg_43.jpg
data/raw/hf_candidates/medyoussef_fire-smoke-hardnegatives-int8/images/hard_neg_520.jpg,data/raw/hf_candidates/medyoussef_fire-smoke-hardnegatives-int8/images/hard_neg_43.jpg
data/raw/hf_candidates/medyoussef_fire-smoke-hardnegatives-int8/images/hard_neg_59.jpg,data/raw/hf_candidates/medyoussef_fire-smoke-hardnegatives-int8/images/hard_neg_43.jpg
data/raw/hf_candidates/medyoussef_fire-smoke-hardnegatives-int8/images/hard_neg_1004.jpg,data/raw/hf_candidates/medyoussef_fire-smoke-hardnegatives-int8/images/hard_neg_43.jpg
data/raw/hf_candidates/medyoussef_fire-smoke-hardnegatives-int8/images/hard_neg_246.jpg,data/raw/hf_candidates/medyoussef_fire-smoke-hardnegatives-int8/images/hard_neg_43.jpg
data/raw/hf_candidates/medyoussef_fire-smoke-hardnegatives-int8/images/hard_neg_252.jpg,data/raw/hf_candidates/medyoussef_fire-smoke-hardnegatives-int8/images/hard_neg_43.jpg
data/raw/hf_candidates/medyoussef_fire-smoke-hardnegatives-int8/images/hard_neg_1010.jpg,data/raw/hf_candidates/medyoussef_fire-smoke-hardnegatives-int8/images/hard_neg_43.jpg
data/raw/hf_candidates/medyoussef_fire-smoke-hardnegatives-int8/images/hard_neg_534.jpg,data/raw/hf_candidates/medyoussef_fire-smoke-hardnegatives-int8/images/hard_neg_43.jpg
data/raw/hf_candidates/medyoussef_fire-smoke-hardnegatives-int8/images/hard_neg_244.jpg,data/raw/hf_candidates/medyoussef_fire-smoke-hardnegatives-int8/images/hard_neg_43.jpg
data/raw/hf_candidates/medyoussef_fire-smoke-hardnegatives-int8/images/hard_neg_1006.jpg,data/raw/hf_candidates/medyoussef_fire-smoke-hardnegatives-int8/images/hard_neg_43.jpg
data/raw/hf_candidates/medyoussef_fire-smoke-hardnegatives-int8/images/hard_neg_522.jpg,data/raw/hf_candidates/medyoussef_fire-smoke-hardnegatives-int8/images/hard_neg_43.jpg
data/raw/hf_candidates/medyoussef_fire-smoke-hardnegatives-int8/images/hard_neg_536.jpg,data/raw/hf_candidates/medyoussef_fire-smoke-hardnegatives-int8/images/hard_neg_43.jpg
data/raw/hf_candidates/medyoussef_fire-smoke-hardnegatives-int8/images/hard_neg_1012.jpg,data/raw/hf_candidates/medyoussef_fire-smoke-hardnegatives-int8/images/hard_neg_43.jpg
data/raw/hf_candidates/medyoussef_fire-smoke-hardnegatives-int8/images/hard_neg_250.jpg,data/raw/hf_candidates/medyoussef_fire-smoke-hardnegatives-int8/images/hard_neg_43.jpg
data/raw/hf_candidates/medyoussef_fire-smoke-hardnegatives-int8/images/hard_neg_278.jpg,data/raw/hf_candidates/medyoussef_fire-smoke-hardnegatives-int8/images/hard_neg_43.jpg
data/raw/hf_candidates/medyoussef_fire-smoke-hardnegatives-int8/images/hard_neg_67.jpg,data/raw/hf_candidates/medyoussef_fire-smoke-hardnegatives-int8/images/hard_neg_43.jpg
data/raw/hf_candidates/medyoussef_fire-smoke-hardnegatives-int8/images/hard_neg_73.jpg,data/raw/hf_candidates/medyoussef_fire-smoke-hardnegatives-int8/images/hard_neg_43.jpg
data/raw/hf_candidates/medyoussef_fire-smoke-hardnegatives-int8/images/hard_neg_287.jpg,data/raw/hf_candidates/medyoussef_fire-smoke-hardnegatives-int8/images/hard_neg_43.jpg
data/raw/hf_candidates/medyoussef_fire-smoke-hardnegatives-int8/images/hard_neg_98.jpg,data/raw/hf_candidates/medyoussef_fire-smoke-hardnegatives-int8/images/hard_neg_43.jpg
data/raw/hf_candidates/medyoussef_fire-smoke-hardnegatives-int8/images/hard_neg_293.jpg,data/raw/hf_candidates/medyoussef_fire-smoke-hardnegatives-int8/images/hard_neg_43.jpg
data/raw/hf_candidates/medyoussef_fire-smoke-hardnegatives-int8/images/hard_neg_720.jpg,data/raw/hf_candidates/medyoussef_fire-smoke-hardnegatives-int8/images/hard_neg_43.jpg
data/raw/hf_candidates/medyoussef_fire-smoke-hardnegatives-int8/images/hard_neg_1204.jpg,data/raw/hf_candidates/medyoussef_fire-smoke-hardnegatives-int8/images/hard_neg_43.jpg
data/raw/hf_candidates/medyoussef_fire-smoke-hardnegatives-int8/images/hard_neg_1210.jpg,data/raw/hf_candidates/medyoussef_fire-smoke-hardnegatives-int8/images/hard_neg_43.jpg
data/raw/hf_candidates/medyoussef_fire-smoke-hardnegatives-int8/images/hard_neg_734.jpg,data/raw/hf_candidates/medyoussef_fire-smoke-hardnegatives-int8/images/hard_neg_43.jpg
data/raw/hf_candidates/medyoussef_fire-smoke-hardnegatives-int8/images/hard_neg_1238.jpg,data/raw/hf_candidates/medyoussef_fire-smoke-hardnegatives-int8/images/hard_neg_43.jpg
data/raw/hf_candidates/medyoussef_fire-smoke-hardnegatives-int8/images/hard_neg_708.jpg,data/raw/hf_candidates/medyoussef_fire-smoke-hardnegatives-int8/images/hard_neg_43.jpg
data/raw/hf_candidates/medyoussef_fire-smoke-hardnegatives-int8/images/hard_neg_907.jpg,data/raw/hf_candidates/medyoussef_fire-smoke-hardnegatives-int8/images/hard_neg_43.jpg
data/raw/hf_candidates/medyoussef_fire-smoke-hardnegatives-int8/images/hard_neg_913.jpg,data/raw/hf_candidates/medyoussef_fire-smoke-hardnegatives-int8/images/hard_neg_43.jpg
data/raw/hf_candidates/medyoussef_fire-smoke-hardnegatives-int8/images/hard_neg_654.jpg,data/raw/hf_candidates/medyoussef_fire-smoke-hardnegatives-int8/images/hard_neg_43.jpg
data/raw/hf_candidates/medyoussef_fire-smoke-hardnegatives-int8/images/hard_neg_1416.jpg,data/raw/hf_candidates/medyoussef_fire-smoke-hardnegatives-int8/images/hard_neg_43.jpg
data/raw/hf_candidates/medyoussef_fire-smoke-hardnegatives-int8/images/hard_neg_1370.jpg,data/raw/hf_candidates/medyoussef_fire-smoke-hardnegatives-int8/images/hard_neg_43.jpg
data/raw/hf_candidates/medyoussef_fire-smoke-hardnegatives-int8/images/hard_neg_132.jpg,data/raw/hf_candidates/medyoussef_fire-smoke-hardnegatives-int8/images/hard_neg_43.jpg
data/raw/hf_candidates/medyoussef_fire-smoke-hardnegatives-int8/images/hard_neg_126.jpg,data/raw/hf_candidates/medyoussef_fire-smoke-hardnegatives-int8/images/hard_neg_43.jpg
data/raw/hf_candidates/medyoussef_fire-smoke-hardnegatives-int8/images/hard_neg_1364.jpg,data/raw/hf_candidates/medyoussef_fire-smoke-hardnegatives-int8/images/hard_neg_43.jpg
data/raw/hf_candidates/medyoussef_fire-smoke-hardnegatives-int8/images/hard_neg_1402.jpg,data/raw/hf_candidates/medyoussef_fire-smoke-hardnegatives-int8/images/hard_neg_43.jpg
data/raw/hf_candidates/medyoussef_fire-smoke-hardnegatives-int8/images/hard_neg_640.jpg,data/raw/hf_candidates/medyoussef_fire-smoke-hardnegatives-int8/images/hard_neg_43.jpg
data/raw/hf_candidates/medyoussef_fire-smoke-hardnegatives-int8/images/hard_neg_898.jpg,data/raw/hf_candidates/medyoussef_fire-smoke-hardnegatives-int8/images/hard_neg_43.jpg
data/raw/hf_candidates/medyoussef_fire-smoke-hardnegatives-int8/images/hard_neg_668.jpg,data/raw/hf_candidates/medyoussef_fire-smoke-hardnegatives-int8/images/hard_neg_43.jpg
data/raw/hf_candidates/medyoussef_fire-smoke-hardnegatives-int8/images/hard_neg_1358.jpg,data/raw/hf_candidates/medyoussef_fire-smoke-hardnegatives-int8/images/hard_neg_43.jpg
data/raw/hf_candidates/medyoussef_fire-smoke-hardnegatives-int8/images/hard_neg_697.jpg,data/raw/hf_candidates/medyoussef_fire-smoke-hardnegatives-int8/images/hard_neg_43.jpg
data/raw/hf_candidates/medyoussef_fire-smoke-hardnegatives-int8/images/hard_neg_683.jpg,data/raw/hf_candidates/medyoussef_fire-smoke-hardnegatives-int8/images/hard_neg_43.jpg
data/raw/hf_candidates/medyoussef_fire-smoke-hardnegatives-int8/images/hard_neg_873.jpg,data/raw/hf_candidates/medyoussef_fire-smoke-hardnegatives-int8/images/hard_neg_43.jpg
data/raw/hf_candidates/medyoussef_fire-smoke-hardnegatives-int8/images/hard_neg_867.jpg,data/raw/hf_candidates/medyoussef_fire-smoke-hardnegatives-int8/images/hard_neg_43.jpg
data/raw/hf_candidates/medyoussef_fire-smoke-hardnegatives-int8/images/hard_neg_330.jpg,data/raw/hf_candidates/medyoussef_fire-smoke-hardnegatives-int8/images/hard_neg_43.jpg
data/raw/hf_candidates/medyoussef_fire-smoke-hardnegatives-int8/images/hard_neg_1172.jpg,data/raw/hf_candidates/medyoussef_fire-smoke-hardnegatives-int8/images/hard_neg_43.jpg
data/raw/hf_candidates/medyoussef_fire-smoke-hardnegatives-int8/images/hard_neg_456.jpg,data/raw/hf_candidates/medyoussef_fire-smoke-hardnegatives-int8/images/hard_neg_43.jpg
data/raw/hf_candidates/medyoussef_fire-smoke-hardnegatives-int8/images/hard_neg_442.jpg,data/raw/hf_candidates/medyoussef_fire-smoke-hardnegatives-int8/images/hard_neg_43.jpg
data/raw/hf_candidates/medyoussef_fire-smoke-hardnegatives-int8/images/hard_neg_1166.jpg,data/raw/hf_candidates/medyoussef_fire-smoke-hardnegatives-int8/images/hard_neg_43.jpg
data/raw/hf_candidates/medyoussef_fire-smoke-hardnegatives-int8/images/hard_neg_324.jpg,data/raw/hf_candidates/medyoussef_fire-smoke-hardnegatives-int8/images/hard_neg_43.jpg
data/raw/hf_candidates/medyoussef_fire-smoke-hardnegatives-int8/images/hard_neg_318.jpg,data/raw/hf_candidates/medyoussef_fire-smoke-hardnegatives-int8/images/hard_neg_43.jpg
data/raw/hf_candidates/medyoussef_fire-smoke-hardnegatives-int8/images/hard_neg_495.jpg,data/raw/hf_candidates/medyoussef_fire-smoke-hardnegatives-int8/images/hard_neg_43.jpg
data/raw/hf_candidates/medyoussef_fire-smoke-hardnegatives-int8/images/hard_neg_481.jpg,data/raw/hf_candidates/medyoussef_fire-smoke-hardnegatives-int8/images/hard_neg_43.jpg
data/raw/hf_candidates/medyoussef_fire-smoke-hardnegatives-int8/images/hard_neg_1199.jpg,data/raw/hf_candidates/medyoussef_fire-smoke-hardnegatives-int8/images/hard_neg_43.jpg
data/raw/hf_candidates/medyoussef_fire-smoke-hardnegatives-int8/images/hard_neg_1198.jpg,data/raw/hf_candidates/medyoussef_fire-smoke-hardnegatives-int8/images/hard_neg_43.jpg
data/raw/hf_candidates/medyoussef_fire-smoke-hardnegatives-int8/images/hard_neg_480.jpg,data/raw/hf_candidates/medyoussef_fire-smoke-hardnegatives-int8/images/hard_neg_43.jpg
data/raw/hf_candidates/medyoussef_fire-smoke-hardnegatives-int8/images/hard_neg_494.jpg,data/raw/hf_candidates/medyoussef_fire-smoke-hardnegatives-int8/images/hard_neg_43.jpg
data/raw/hf_candidates/medyoussef_fire-smoke-hardnegatives-int8/images/hard_neg_319.jpg,data/raw/hf_candidates/medyoussef_fire-smoke-hardnegatives-int8/images/hard_neg_43.jpg
data/raw/hf_candidates/medyoussef_fire-smoke-hardnegatives-int8/images/hard_neg_443.jpg,data/raw/hf_candidates/medyoussef_fire-smoke-hardnegatives-int8/images/hard_neg_43.jpg
data/raw/hf_candidates/medyoussef_fire-smoke-hardnegatives-int8/images/hard_neg_325.jpg,data/raw/hf_candidates/medyoussef_fire-smoke-hardnegatives-int8/images/hard_neg_43.jpg
data/raw/hf_candidates/medyoussef_fire-smoke-hardnegatives-int8/images/hard_neg_1167.jpg,data/raw/hf_candidates/medyoussef_fire-smoke-hardnegatives-int8/images/hard_neg_43.jpg
data/raw/hf_candidates/medyoussef_fire-smoke-hardnegatives-int8/images/hard_neg_1173.jpg,data/raw/hf_candidates/medyoussef_fire-smoke-hardnegatives-int8/images/hard_neg_43.jpg
data/raw/hf_candidates/medyoussef_fire-smoke-hardnegatives-int8/images/hard_neg_331.jpg,data/raw/hf_candidates/medyoussef_fire-smoke-hardnegatives-int8/images/hard_neg_43.jpg
data/raw/hf_candidates/medyoussef_fire-smoke-hardnegatives-int8/images/hard_neg_457.jpg,data/raw/hf_candidates/medyoussef_fire-smoke-hardnegatives-int8/images/hard_neg_43.jpg
data/raw/hf_candidates/medyoussef_fire-smoke-hardnegatives-int8/images/hard_neg_866.jpg,data/raw/hf_candidates/medyoussef_fire-smoke-hardnegatives-int8/images/hard_neg_43.jpg
data/raw/hf_candidates/medyoussef_fire-smoke-hardnegatives-int8/images/hard_neg_872.jpg,data/raw/hf_candidates/medyoussef_fire-smoke-hardnegatives-int8/images/hard_neg_43.jpg
data/raw/hf_candidates/medyoussef_fire-smoke-hardnegatives-int8/images/hard_neg_682.jpg,data/raw/hf_candidates/medyoussef_fire-smoke-hardnegatives-int8/images/hard_neg_43.jpg
data/raw/hf_candidates/medyoussef_fire-smoke-hardnegatives-int8/images/hard_neg_696.jpg,data/raw/hf_candidates/medyoussef_fire-smoke-hardnegatives-int8/images/hard_neg_43.jpg
data/raw/hf_candidates/medyoussef_fire-smoke-hardnegatives-int8/images/hard_neg_1359.jpg,data/raw/hf_candidates/medyoussef_fire-smoke-hardnegatives-int8/images/hard_neg_43.jpg
data/raw/hf_candidates/medyoussef_fire-smoke-hardnegatives-int8/images/hard_neg_669.jpg,data/raw/hf_candidates/medyoussef_fire-smoke-hardnegatives-int8/images/hard_neg_43.jpg
data/raw/hf_candidates/medyoussef_fire-smoke-hardnegatives-int8/images/hard_neg_1365.jpg,data/raw/hf_candidates/medyoussef_fire-smoke-hardnegatives-int8/images/hard_neg_43.jpg
data/raw/hf_candidates/medyoussef_fire-smoke-hardnegatives-int8/images/hard_neg_127.jpg,data/raw/hf_candidates/medyoussef_fire-smoke-hardnegatives-int8/images/hard_neg_43.jpg
data/raw/hf_candidates/medyoussef_fire-smoke-hardnegatives-int8/images/hard_neg_899.jpg,data/raw/hf_candidates/medyoussef_fire-smoke-hardnegatives-int8/images/hard_neg_43.jpg
data/raw/hf_candidates/medyoussef_fire-smoke-hardnegatives-int8/images/hard_neg_641.jpg,data/raw/hf_candidates/medyoussef_fire-smoke-hardnegatives-int8/images/hard_neg_43.jpg
data/raw/hf_candidates/medyoussef_fire-smoke-hardnegatives-int8/images/hard_neg_1403.jpg,data/raw/hf_candidates/medyoussef_fire-smoke-hardnegatives-int8/images/hard_neg_43.jpg
data/raw/hf_candidates/medyoussef_fire-smoke-hardnegatives-int8/images/hard_neg_1417.jpg,data/raw/hf_candidates/medyoussef_fire-smoke-hardnegatives-int8/images/hard_neg_43.jpg
data/raw/hf_candidates/medyoussef_fire-smoke-hardnegatives-int8/images/hard_neg_655.jpg,data/raw/hf_candidates/medyoussef_fire-smoke-hardnegatives-int8/images/hard_neg_43.jpg
data/raw/hf_candidates/medyoussef_fire-smoke-hardnegatives-int8/images/hard_neg_133.jpg,data/raw/hf_candidates/medyoussef_fire-smoke-hardnegatives-int8/images/hard_neg_43.jpg
data/raw/hf_candidates/medyoussef_fire-smoke-hardnegatives-int8/images/hard_neg_1371.jpg,data/raw/hf_candidates/medyoussef_fire-smoke-hardnegatives-int8/images/hard_neg_43.jpg
data/raw/hf_candidates/medyoussef_fire-smoke-hardnegatives-int8/images/hard_neg_912.jpg,data/raw/hf_candidates/medyoussef_fire-smoke-hardnegatives-int8/images/hard_neg_43.jpg
data/raw/hf_candidates/medyoussef_fire-smoke-hardnegatives-int8/images/hard_neg_906.jpg,data/raw/hf_candidates/medyoussef_fire-smoke-hardnegatives-int8/images/hard_neg_43.jpg
data/raw/hf_candidates/medyoussef_fire-smoke-hardnegatives-int8/images/hard_neg_709.jpg,data/raw/hf_candidates/medyoussef_fire-smoke-hardnegatives-int8/images/hard_neg_43.jpg
data/raw/hf_candidates/medyoussef_fire-smoke-hardnegatives-int8/images/hard_neg_1239.jpg,data/raw/hf_candidates/medyoussef_fire-smoke-hardnegatives-int8/images/hard_neg_43.jpg
data/raw/hf_candidates/medyoussef_fire-smoke-hardnegatives-int8/images/hard_neg_1211.jpg,data/raw/hf_candidates/medyoussef_fire-smoke-hardnegatives-int8/images/hard_neg_43.jpg
data/raw/hf_candidates/medyoussef_fire-smoke-hardnegatives-int8/images/hard_neg_735.jpg,data/raw/hf_candidates/medyoussef_fire-smoke-hardnegatives-int8/images/hard_neg_43.jpg
data/raw/hf_candidates/medyoussef_fire-smoke-hardnegatives-int8/images/hard_neg_721.jpg,data/raw/hf_candidates/medyoussef_fire-smoke-hardnegatives-int8/images/hard_neg_43.jpg
data/raw/hf_candidates/medyoussef_fire-smoke-hardnegatives-int8/images/hard_neg_1205.jpg,data/raw/hf_candidates/medyoussef_fire-smoke-hardnegatives-int8/images/hard_neg_43.jpg
data/raw/hf_candidates/medyoussef_fire-smoke-hardnegatives-int8/images/hard_neg_292.jpg,data/raw/hf_candidates/medyoussef_fire-smoke-hardnegatives-int8/images/hard_neg_43.jpg
data/raw/hf_candidates/medyoussef_fire-smoke-hardnegatives-int8/images/hard_neg_286.jpg,data/raw/hf_candidates/medyoussef_fire-smoke-hardnegatives-int8/images/hard_neg_43.jpg
data/raw/hf_candidates/medyoussef_fire-smoke-hardnegatives-int8/images/hard_neg_99.jpg,data/raw/hf_candidates/medyoussef_fire-smoke-hardnegatives-int8/images/hard_neg_43.jpg
data/raw/hf_candidates/medyoussef_fire-smoke-hardnegatives-int8/images/hard_neg_72.jpg,data/raw/hf_candidates/medyoussef_fire-smoke-hardnegatives-int8/images/hard_neg_43.jpg
data/raw/hf_candidates/medyoussef_fire-smoke-hardnegatives-int8/images/hard_neg_279.jpg,data/raw/hf_candidates/medyoussef_fire-smoke-hardnegatives-int8/images/hard_neg_43.jpg
data/raw/hf_candidates/medyoussef_fire-smoke-hardnegatives-int8/images/hard_neg_66.jpg,data/raw/hf_candidates/medyoussef_fire-smoke-hardnegatives-int8/images/hard_neg_43.jpg
data/raw/hf_candidates/medyoussef_fire-smoke-hardnegatives-int8/images/hard_neg_537.jpg,data/raw/hf_candidates/medyoussef_fire-smoke-hardnegatives-int8/images/hard_neg_43.jpg
data/raw/hf_candidates/medyoussef_fire-smoke-hardnegatives-int8/images/hard_neg_251.jpg,data/raw/hf_candidates/medyoussef_fire-smoke-hardnegatives-int8/images/hard_neg_43.jpg
data/raw/hf_candidates/medyoussef_fire-smoke-hardnegatives-int8/images/hard_neg_1013.jpg,data/raw/hf_candidates/medyoussef_fire-smoke-hardnegatives-int8/images/hard_neg_43.jpg
data/raw/hf_candidates/medyoussef_fire-smoke-hardnegatives-int8/images/hard_neg_1007.jpg,data/raw/hf_candidates/medyoussef_fire-smoke-hardnegatives-int8/images/hard_neg_43.jpg
data/raw/hf_candidates/medyoussef_fire-smoke-hardnegatives-int8/images/hard_neg_245.jpg,data/raw/hf_candidates/medyoussef_fire-smoke-hardnegatives-int8/images/hard_neg_43.jpg
data/raw/hf_candidates/medyoussef_fire-smoke-hardnegatives-int8/images/hard_neg_523.jpg,data/raw/hf_candidates/medyoussef_fire-smoke-hardnegatives-int8/images/hard_neg_43.jpg
data/raw/hf_candidates/LibreYOLO_smoke-uvylj/train/images/smoke_267.jpg,data/raw/hf_candidates/LibreYOLO_smoke-uvylj/train/images/smoke_273.jpg
data/raw/hf_candidates/LibreYOLO_smoke-uvylj/train/images/smoke_298.jpg,data/raw/hf_candidates/LibreYOLO_smoke-uvylj/train/images/smoke_273.jpg
data/raw/hf_candidates/LibreYOLO_smoke-uvylj/train/images/smoke_449.jpg,data/raw/hf_candidates/LibreYOLO_smoke-uvylj/train/images/smoke_273.jpg
data/raw/hf_candidates/LibreYOLO_smoke-uvylj/train/images/smoke_461.jpg,data/raw/hf_candidates/LibreYOLO_smoke-uvylj/train/images/smoke_273.jpg
data/raw/hf_candidates/LibreYOLO_smoke-uvylj/train/images/smoke_307.jpg,data/raw/hf_candidates/LibreYOLO_smoke-uvylj/train/images/smoke_273.jpg
data/raw/hf_candidates/LibreYOLO_smoke-uvylj/train/images/smoke_313.jpg,data/raw/hf_candidates/LibreYOLO_smoke-uvylj/train/images/smoke_273.jpg
data/raw/hf_candidates/LibreYOLO_smoke-uvylj/train/images/smoke_475.jpg,data/raw/hf_candidates/LibreYOLO_smoke-uvylj/train/images/smoke_273.jpg
data/raw/hf_candidates/LibreYOLO_smoke-uvylj/train/images/smoke_139.jpg,data/raw/hf_candidates/LibreYOLO_smoke-uvylj/train/images/smoke_273.jpg
data/raw/hf_candidates/LibreYOLO_smoke-uvylj/train/images/smoke_46.jpg,data/raw/hf_candidates/LibreYOLO_smoke-uvylj/train/images/smoke_273.jpg
data/raw/hf_candidates/LibreYOLO_smoke-uvylj/train/images/smoke_52.jpg,data/raw/hf_candidates/LibreYOLO_smoke-uvylj/train/images/smoke_273.jpg
data/raw/hf_candidates/LibreYOLO_smoke-uvylj/train/images/smoke_105.jpg,data/raw/hf_candidates/LibreYOLO_smoke-uvylj/train/images/smoke_273.jpg
data/raw/hf_candidates/LibreYOLO_smoke-uvylj/train/images/smoke_111.jpg,data/raw/hf_candidates/LibreYOLO_smoke-uvylj/train/images/smoke_273.jpg
data/raw/hf_candidates/LibreYOLO_smoke-uvylj/train/images/smoke_85.jpg,data/raw/hf_candidates/LibreYOLO_smoke-uvylj/train/images/smoke_273.jpg
data/raw/hf_candidates/LibreYOLO_smoke-uvylj/train/images/smoke_91.jpg,data/raw/hf_candidates/LibreYOLO_smoke-uvylj/train/images/smoke_273.jpg
data/raw/hf_candidates/LibreYOLO_smoke-uvylj/train/images/smoke_90.jpg,data/raw/hf_candidates/LibreYOLO_smoke-uvylj/train/images/smoke_273.jpg
data/raw/hf_candidates/LibreYOLO_smoke-uvylj/train/images/smoke_84.jpg,data/raw/hf_candidates/LibreYOLO_smoke-uvylj/train/images/smoke_273.jpg
data/raw/hf_candidates/LibreYOLO_smoke-uvylj/train/images/smoke_110.jpg,data/raw/hf_candidates/LibreYOLO_smoke-uvylj/train/images/smoke_273.jpg
data/raw/hf_candidates/LibreYOLO_smoke-uvylj/train/images/smoke_104.jpg,data/raw/hf_candidates/LibreYOLO_smoke-uvylj/train/images/smoke_273.jpg
data/raw/hf_candidates/LibreYOLO_smoke-uvylj/train/images/smoke_53.jpg,data/raw/hf_candidates/LibreYOLO_smoke-uvylj/train/images/smoke_273.jpg
data/raw/hf_candidates/LibreYOLO_smoke-uvylj/train/images/smoke_138.jpg,data/raw/hf_candidates/LibreYOLO_smoke-uvylj/train/images/smoke_273.jpg
data/raw/hf_candidates/LibreYOLO_smoke-uvylj/train/images/smoke_47.jpg,data/raw/hf_candidates/LibreYOLO_smoke-uvylj/train/images/smoke_273.jpg
data/raw/hf_candidates/LibreYOLO_smoke-uvylj/train/images/smoke_312.jpg,data/raw/hf_candidates/LibreYOLO_smoke-uvylj/train/images/smoke_273.jpg
data/raw/hf_candidates/LibreYOLO_smoke-uvylj/train/images/smoke_474.jpg,data/raw/hf_candidates/LibreYOLO_smoke-uvylj/train/images/smoke_273.jpg
data/raw/hf_candidates/LibreYOLO_smoke-uvylj/train/images/smoke_460.jpg,data/raw/hf_candidates/LibreYOLO_smoke-uvylj/train/images/smoke_273.jpg
data/raw/hf_candidates/LibreYOLO_smoke-uvylj/train/images/smoke_306.jpg,data/raw/hf_candidates/LibreYOLO_smoke-uvylj/train/images/smoke_273.jpg
data/raw/hf_candidates/LibreYOLO_smoke-uvylj/train/images/smoke_448.jpg,data/raw/hf_candidates/LibreYOLO_smoke-uvylj/train/images/smoke_273.jpg
data/raw/hf_candidates/LibreYOLO_smoke-uvylj/train/images/smoke_299.jpg,data/raw/hf_candidates/LibreYOLO_smoke-uvylj/train/images/smoke_273.jpg
data/raw/hf_candidates/LibreYOLO_smoke-uvylj/train/images/smoke_266.jpg,data/raw/hf_candidates/LibreYOLO_smoke-uvylj/train/images/smoke_273.jpg
data/raw/hf_candidates/LibreYOLO_smoke-uvylj/train/images/smoke_272.jpg,data/raw/hf_candidates/LibreYOLO_smoke-uvylj/train/images/smoke_273.jpg
data/raw/hf_candidates/LibreYOLO_smoke-uvylj/train/images/smoke_258.jpg,data/raw/hf_candidates/LibreYOLO_smoke-uvylj/train/images/smoke_273.jpg
data/raw/hf_candidates/LibreYOLO_smoke-uvylj/train/images/smoke_264.jpg,data/raw/hf_candidates/LibreYOLO_smoke-uvylj/train/images/smoke_273.jpg
data/raw/hf_candidates/LibreYOLO_smoke-uvylj/train/images/smoke_270.jpg,data/raw/hf_candidates/LibreYOLO_smoke-uvylj/train/images/smoke_273.jpg
data/raw/hf_candidates/LibreYOLO_smoke-uvylj/train/images/smoke_338.jpg,data/raw/hf_candidates/LibreYOLO_smoke-uvylj/train/images/smoke_273.jpg
data/raw/hf_candidates/LibreYOLO_smoke-uvylj/train/images/smoke_476.jpg,data/raw/hf_candidates/LibreYOLO_smoke-uvylj/train/images/smoke_273.jpg
data/raw/hf_candidates/LibreYOLO_smoke-uvylj/train/images/smoke_310.jpg,data/raw/hf_candidates/LibreYOLO_smoke-uvylj/train/images/smoke_273.jpg
data/raw/hf_candidates/LibreYOLO_smoke-uvylj/train/images/smoke_304.jpg,data/raw/hf_candidates/LibreYOLO_smoke-uvylj/train/images/smoke_273.jpg
data/raw/hf_candidates/LibreYOLO_smoke-uvylj/train/images/smoke_462.jpg,data/raw/hf_candidates/LibreYOLO_smoke-uvylj/train/images/smoke_273.jpg
data/raw/hf_candidates/LibreYOLO_smoke-uvylj/train/images/smoke_489.jpg,data/raw/hf_candidates/LibreYOLO_smoke-uvylj/train/images/smoke_273.jpg
data/raw/hf_candidates/LibreYOLO_smoke-uvylj/train/images/smoke_51.jpg,data/raw/hf_candidates/LibreYOLO_smoke-uvylj/train/images/smoke_273.jpg
data/raw/hf_candidates/LibreYOLO_smoke-uvylj/train/images/smoke_45.jpg,data/raw/hf_candidates/LibreYOLO_smoke-uvylj/train/images/smoke_273.jpg
data/raw/hf_candidates/LibreYOLO_smoke-uvylj/train/images/smoke_112.jpg,data/raw/hf_candidates/LibreYOLO_smoke-uvylj/train/images/smoke_273.jpg
data/raw/hf_candidates/LibreYOLO_smoke-uvylj/train/images/smoke_79.jpg,data/raw/hf_candidates/LibreYOLO_smoke-uvylj/train/images/smoke_273.jpg
data/raw/hf_candidates/LibreYOLO_smoke-uvylj/train/images/smoke_106.jpg,data/raw/hf_candidates/LibreYOLO_smoke-uvylj/train/images/smoke_273.jpg
data/raw/hf_candidates/LibreYOLO_smoke-uvylj/train/images/smoke_92.jpg,data/raw/hf_candidates/LibreYOLO_smoke-uvylj/train/images/smoke_273.jpg
data/raw/hf_candidates/LibreYOLO_smoke-uvylj/train/images/smoke_86.jpg,data/raw/hf_candidates/LibreYOLO_smoke-uvylj/train/images/smoke_273.jpg
data/raw/hf_candidates/LibreYOLO_smoke-uvylj/train/images/smoke_87.jpg,data/raw/hf_candidates/LibreYOLO_smoke-uvylj/train/images/smoke_273.jpg
data/raw/hf_candidates/LibreYOLO_smoke-uvylj/train/images/smoke_93.jpg,data/raw/hf_candidates/LibreYOLO_smoke-uvylj/train/images/smoke_273.jpg
data/raw/hf_candidates/LibreYOLO_smoke-uvylj/train/images/smoke_78.jpg,data/raw/hf_candidates/LibreYOLO_smoke-uvylj/train/images/smoke_273.jpg
data/raw/hf_candidates/LibreYOLO_smoke-uvylj/train/images/smoke_107.jpg,data/raw/hf_candidates/LibreYOLO_smoke-uvylj/train/images/smoke_273.jpg
data/raw/hf_candidates/LibreYOLO_smoke-uvylj/train/images/smoke_113.jpg,data/raw/hf_candidates/LibreYOLO_smoke-uvylj/train/images/smoke_273.jpg
data/raw/hf_candidates/LibreYOLO_smoke-uvylj/train/images/smoke_44.jpg,data/raw/hf_candidates/LibreYOLO_smoke-uvylj/train/images/smoke_273.jpg
data/raw/hf_candidates/LibreYOLO_smoke-uvylj/train/images/smoke_50.jpg,data/raw/hf_candidates/LibreYOLO_smoke-uvylj/train/images/smoke_273.jpg
data/raw/hf_candidates/LibreYOLO_smoke-uvylj/train/images/smoke_488.jpg,data/raw/hf_candidates/LibreYOLO_smoke-uvylj/train/images/smoke_273.jpg
data/raw/hf_candidates/LibreYOLO_smoke-uvylj/train/images/smoke_305.jpg,data/raw/hf_candidates/LibreYOLO_smoke-uvylj/train/images/smoke_273.jpg
data/raw/hf_candidates/LibreYOLO_smoke-uvylj/train/images/smoke_463.jpg,data/raw/hf_candidates/LibreYOLO_smoke-uvylj/train/images/smoke_273.jpg
data/raw/hf_candidates/LibreYOLO_smoke-uvylj/train/images/smoke_477.jpg,data/raw/hf_candidates/LibreYOLO_smoke-uvylj/train/images/smoke_273.jpg
data/raw/hf_candidates/LibreYOLO_smoke-uvylj/train/images/smoke_311.jpg,data/raw/hf_candidates/LibreYOLO_smoke-uvylj/train/images/smoke_273.jpg
data/raw/hf_candidates/LibreYOLO_smoke-uvylj/train/images/smoke_339.jpg,data/raw/hf_candidates/LibreYOLO_smoke-uvylj/train/images/smoke_273.jpg
data/raw/hf_candidates/LibreYOLO_smoke-uvylj/train/images/smoke_271.jpg,data/raw/hf_candidates/LibreYOLO_smoke-uvylj/train/images/smoke_273.jpg
data/raw/hf_candidates/LibreYOLO_smoke-uvylj/train/images/smoke_265.jpg,data/raw/hf_candidates/LibreYOLO_smoke-uvylj/train/images/smoke_273.jpg
data/raw/hf_candidates/LibreYOLO_smoke-uvylj/train/images/smoke_259.jpg,data/raw/hf_candidates/LibreYOLO_smoke-uvylj/train/images/smoke_273.jpg
data/raw/hf_candidates/LibreYOLO_smoke-uvylj/train/images/smoke_261.jpg,data/raw/hf_candidates/LibreYOLO_smoke-uvylj/train/images/smoke_273.jpg
data/raw/hf_candidates/LibreYOLO_smoke-uvylj/train/images/smoke_275.jpg,data/raw/hf_candidates/LibreYOLO_smoke-uvylj/train/images/smoke_273.jpg
data/raw/hf_candidates/LibreYOLO_smoke-uvylj/train/images/smoke_249.jpg,data/raw/hf_candidates/LibreYOLO_smoke-uvylj/train/images/smoke_273.jpg
data/raw/hf_candidates/LibreYOLO_smoke-uvylj/train/images/smoke_315.jpg,data/raw/hf_candidates/LibreYOLO_smoke-uvylj/train/images/smoke_273.jpg
data/raw/hf_candidates/LibreYOLO_smoke-uvylj/train/images/smoke_473.jpg,data/raw/hf_candidates/LibreYOLO_smoke-uvylj/train/images/smoke_273.jpg
data/raw/hf_candidates/LibreYOLO_smoke-uvylj/train/images/smoke_467.jpg,data/raw/hf_candidates/LibreYOLO_smoke-uvylj/train/images/smoke_273.jpg
data/raw/hf_candidates/LibreYOLO_smoke-uvylj/train/images/smoke_301.jpg,data/raw/hf_candidates/LibreYOLO_smoke-uvylj/train/images/smoke_273.jpg
data/raw/hf_candidates/LibreYOLO_smoke-uvylj/train/images/smoke_329.jpg,data/raw/hf_candidates/LibreYOLO_smoke-uvylj/train/images/smoke_273.jpg
data/raw/hf_candidates/LibreYOLO_smoke-uvylj/train/images/smoke_498.jpg,data/raw/hf_candidates/LibreYOLO_smoke-uvylj/train/images/smoke_273.jpg
data/raw/hf_candidates/LibreYOLO_smoke-uvylj/train/images/smoke_68.jpg,data/raw/hf_candidates/LibreYOLO_smoke-uvylj/train/images/smoke_273.jpg
data/raw/hf_candidates/LibreYOLO_smoke-uvylj/train/images/smoke_117.jpg,data/raw/hf_candidates/LibreYOLO_smoke-uvylj/train/images/smoke_273.jpg
data/raw/hf_candidates/LibreYOLO_smoke-uvylj/train/images/smoke_103.jpg,data/raw/hf_candidates/LibreYOLO_smoke-uvylj/train/images/smoke_273.jpg
data/raw/hf_candidates/LibreYOLO_smoke-uvylj/train/images/smoke_54.jpg,data/raw/hf_candidates/LibreYOLO_smoke-uvylj/train/images/smoke_273.jpg
data/raw/hf_candidates/LibreYOLO_smoke-uvylj/train/images/smoke_40.jpg,data/raw/hf_candidates/LibreYOLO_smoke-uvylj/train/images/smoke_273.jpg
data/raw/hf_candidates/LibreYOLO_smoke-uvylj/train/images/smoke_97.jpg,data/raw/hf_candidates/LibreYOLO_smoke-uvylj/train/images/smoke_273.jpg
data/raw/hf_candidates/LibreYOLO_smoke-uvylj/train/images/smoke_83.jpg,data/raw/hf_candidates/LibreYOLO_smoke-uvylj/train/images/smoke_273.jpg
data/raw/hf_candidates/LibreYOLO_smoke-uvylj/train/images/smoke_82.jpg,data/raw/hf_candidates/LibreYOLO_smoke-uvylj/train/images/smoke_273.jpg
data/raw/hf_candidates/LibreYOLO_smoke-uvylj/train/images/smoke_96.jpg,data/raw/hf_candidates/LibreYOLO_smoke-uvylj/train/images/smoke_273.jpg
data/raw/hf_candidates/LibreYOLO_smoke-uvylj/train/images/smoke_41.jpg,data/raw/hf_candidates/LibreYOLO_smoke-uvylj/train/images/smoke_273.jpg
data/raw/hf_candidates/LibreYOLO_smoke-uvylj/train/images/smoke_55.jpg,data/raw/hf_candidates/LibreYOLO_smoke-uvylj/train/images/smoke_273.jpg
data/raw/hf_candidates/LibreYOLO_smoke-uvylj/train/images/smoke_102.jpg,data/raw/hf_candidates/LibreYOLO_smoke-uvylj/train/images/smoke_273.jpg
data/raw/hf_candidates/LibreYOLO_smoke-uvylj/train/images/smoke_69.jpg,data/raw/hf_candidates/LibreYOLO_smoke-uvylj/train/images/smoke_273.jpg
data/raw/hf_candidates/LibreYOLO_smoke-uvylj/train/images/smoke_116.jpg,data/raw/hf_candidates/LibreYOLO_smoke-uvylj/train/images/smoke_273.jpg
data/raw/hf_candidates/LibreYOLO_smoke-uvylj/train/images/smoke_499.jpg,data/raw/hf_candidates/LibreYOLO_smoke-uvylj/train/images/smoke_273.jpg
data/raw/hf_candidates/LibreYOLO_smoke-uvylj/train/images/smoke_328.jpg,data/raw/hf_candidates/LibreYOLO_smoke-uvylj/train/images/smoke_273.jpg
data/raw/hf_candidates/LibreYOLO_smoke-uvylj/train/images/smoke_466.jpg,data/raw/hf_candidates/LibreYOLO_smoke-uvylj/train/images/smoke_273.jpg
data/raw/hf_candidates/LibreYOLO_smoke-uvylj/train/images/smoke_300.jpg,data/raw/hf_candidates/LibreYOLO_smoke-uvylj/train/images/smoke_273.jpg
data/raw/hf_candidates/LibreYOLO_smoke-uvylj/train/images/smoke_314.jpg,data/raw/hf_candidates/LibreYOLO_smoke-uvylj/train/images/smoke_273.jpg
data/raw/hf_candidates/LibreYOLO_smoke-uvylj/train/images/smoke_472.jpg,data/raw/hf_candidates/LibreYOLO_smoke-uvylj/train/images/smoke_273.jpg
data/raw/hf_candidates/LibreYOLO_smoke-uvylj/train/images/smoke_248.jpg,data/raw/hf_candidates/LibreYOLO_smoke-uvylj/train/images/smoke_273.jpg
data/raw/hf_candidates/LibreYOLO_smoke-uvylj/train/images/smoke_274.jpg,data/raw/hf_candidates/LibreYOLO_smoke-uvylj/train/images/smoke_273.jpg
data/raw/hf_candidates/LibreYOLO_smoke-uvylj/train/images/smoke_260.jpg,data/raw/hf_candidates/LibreYOLO_smoke-uvylj/train/images/smoke_273.jpg
data/raw/hf_candidates/LibreYOLO_smoke-uvylj/train/images/smoke_276.jpg,data/raw/hf_candidates/LibreYOLO_smoke-uvylj/train/images/smoke_273.jpg
data/raw/hf_candidates/LibreYOLO_smoke-uvylj/train/images/smoke_262.jpg,data/raw/hf_candidates/LibreYOLO_smoke-uvylj/train/images/smoke_273.jpg
data/raw/hf_candidates/LibreYOLO_smoke-uvylj/train/images/smoke_289.jpg,data/raw/hf_candidates/LibreYOLO_smoke-uvylj/train/images/smoke_273.jpg
data/raw/hf_candidates/LibreYOLO_smoke-uvylj/train/images/smoke_302.jpg,data/raw/hf_candidates/LibreYOLO_smoke-uvylj/train/images/smoke_273.jpg
data/raw/hf_candidates/LibreYOLO_smoke-uvylj/train/images/smoke_464.jpg,data/raw/hf_candidates/LibreYOLO_smoke-uvylj/train/images/smoke_273.jpg
data/raw/hf_candidates/LibreYOLO_smoke-uvylj/train/images/smoke_470.jpg,data/raw/hf_candidates/LibreYOLO_smoke-uvylj/train/images/smoke_273.jpg
data/raw/hf_candidates/LibreYOLO_smoke-uvylj/train/images/smoke_316.jpg,data/raw/hf_candidates/LibreYOLO_smoke-uvylj/train/images/smoke_273.jpg
data/raw/hf_candidates/LibreYOLO_smoke-uvylj/train/images/smoke_458.jpg,data/raw/hf_candidates/LibreYOLO_smoke-uvylj/train/images/smoke_273.jpg
data/raw/hf_candidates/LibreYOLO_smoke-uvylj/train/images/smoke_100.jpg,data/raw/hf_candidates/LibreYOLO_smoke-uvylj/train/images/smoke_273.jpg
data/raw/hf_candidates/LibreYOLO_smoke-uvylj/train/images/smoke_114.jpg,data/raw/hf_candidates/LibreYOLO_smoke-uvylj/train/images/smoke_273.jpg
data/raw/hf_candidates/LibreYOLO_smoke-uvylj/train/images/smoke_43.jpg,data/raw/hf_candidates/LibreYOLO_smoke-uvylj/train/images/smoke_273.jpg
data/raw/hf_candidates/LibreYOLO_smoke-uvylj/train/images/smoke_128.jpg,data/raw/hf_candidates/LibreYOLO_smoke-uvylj/train/images/smoke_273.jpg
data/raw/hf_candidates/LibreYOLO_smoke-uvylj/train/images/smoke_57.jpg,data/raw/hf_candidates/LibreYOLO_smoke-uvylj/train/images/smoke_273.jpg
data/raw/hf_candidates/LibreYOLO_smoke-uvylj/train/images/smoke_80.jpg,data/raw/hf_candidates/LibreYOLO_smoke-uvylj/train/images/smoke_273.jpg
data/raw/hf_candidates/LibreYOLO_smoke-uvylj/train/images/smoke_94.jpg,data/raw/hf_candidates/LibreYOLO_smoke-uvylj/train/images/smoke_273.jpg
data/raw/hf_candidates/LibreYOLO_smoke-uvylj/train/images/smoke_95.jpg,data/raw/hf_candidates/LibreYOLO_smoke-uvylj/train/images/smoke_273.jpg
data/raw/hf_candidates/LibreYOLO_smoke-uvylj/train/images/smoke_81.jpg,data/raw/hf_candidates/LibreYOLO_smoke-uvylj/train/images/smoke_273.jpg
data/raw/hf_candidates/LibreYOLO_smoke-uvylj/train/images/smoke_129.jpg,data/raw/hf_candidates/LibreYOLO_smoke-uvylj/train/images/smoke_273.jpg
data/raw/hf_candidates/LibreYOLO_smoke-uvylj/train/images/smoke_56.jpg,data/raw/hf_candidates/LibreYOLO_smoke-uvylj/train/images/smoke_273.jpg
data/raw/hf_candidates/LibreYOLO_smoke-uvylj/train/images/smoke_42.jpg,data/raw/hf_candidates/LibreYOLO_smoke-uvylj/train/images/smoke_273.jpg
data/raw/hf_candidates/LibreYOLO_smoke-uvylj/train/images/smoke_115.jpg,data/raw/hf_candidates/LibreYOLO_smoke-uvylj/train/images/smoke_273.jpg
data/raw/hf_candidates/LibreYOLO_smoke-uvylj/train/images/smoke_101.jpg,data/raw/hf_candidates/LibreYOLO_smoke-uvylj/train/images/smoke_273.jpg
data/raw/hf_candidates/LibreYOLO_smoke-uvylj/train/images/smoke_459.jpg,data/raw/hf_candidates/LibreYOLO_smoke-uvylj/train/images/smoke_273.jpg
data/raw/hf_candidates/LibreYOLO_smoke-uvylj/train/images/smoke_471.jpg,data/raw/hf_candidates/LibreYOLO_smoke-uvylj/train/images/smoke_273.jpg
data/raw/hf_candidates/LibreYOLO_smoke-uvylj/train/images/smoke_317.jpg,data/raw/hf_candidates/LibreYOLO_smoke-uvylj/train/images/smoke_273.jpg
data/raw/hf_candidates/LibreYOLO_smoke-uvylj/train/images/smoke_303.jpg,data/raw/hf_candidates/LibreYOLO_smoke-uvylj/train/images/smoke_273.jpg
data/raw/hf_candidates/LibreYOLO_smoke-uvylj/train/images/smoke_465.jpg,data/raw/hf_candidates/LibreYOLO_smoke-uvylj/train/images/smoke_273.jpg
data/raw/hf_candidates/LibreYOLO_smoke-uvylj/train/images/smoke_288.jpg,data/raw/hf_candidates/LibreYOLO_smoke-uvylj/train/images/smoke_273.jpg
data/raw/hf_candidates/LibreYOLO_smoke-uvylj/train/images/smoke_263.jpg,data/raw/hf_candidates/LibreYOLO_smoke-uvylj/train/images/smoke_273.jpg
data/raw/hf_candidates/LibreYOLO_smoke-uvylj/train/images/smoke_277.jpg,data/raw/hf_candidates/LibreYOLO_smoke-uvylj/train/images/smoke_273.jpg
data/raw/hf_candidates/LibreYOLO_smoke-uvylj/train/images/smoke_9.jpg,data/raw/hf_candidates/LibreYOLO_smoke-uvylj/train/images/smoke_273.jpg
data/raw/hf_candidates/LibreYOLO_smoke-uvylj/train/images/smoke_238.jpg,data/raw/hf_candidates/LibreYOLO_smoke-uvylj/train/images/smoke_273.jpg
data/raw/hf_candidates/LibreYOLO_smoke-uvylj/train/images/smoke_210.jpg,data/raw/hf_candidates/LibreYOLO_smoke-uvylj/train/images/smoke_273.jpg
data/raw/hf_candidates/LibreYOLO_smoke-uvylj/train/images/smoke_204.jpg,data/raw/hf_candidates/LibreYOLO_smoke-uvylj/train/images/smoke_273.jpg
data/raw/hf_candidates/LibreYOLO_smoke-uvylj/train/images/smoke_358.jpg,data/raw/hf_candidates/LibreYOLO_smoke-uvylj/train/images/smoke_273.jpg
data/raw/hf_candidates/LibreYOLO_smoke-uvylj/train/images/smoke_364.jpg,data/raw/hf_candidates/LibreYOLO_smoke-uvylj/train/images/smoke_273.jpg
data/raw/hf_candidates/LibreYOLO_smoke-uvylj/train/images/smoke_402.jpg,data/raw/hf_candidates/LibreYOLO_smoke-uvylj/train/images/smoke_273.jpg
data/raw/hf_candidates/LibreYOLO_smoke-uvylj/train/images/smoke_416.jpg,data/raw/hf_candidates/LibreYOLO_smoke-uvylj/train/images/smoke_273.jpg
data/raw/hf_candidates/LibreYOLO_smoke-uvylj/train/images/smoke_370.jpg,data/raw/hf_candidates/LibreYOLO_smoke-uvylj/train/images/smoke_273.jpg
data/raw/hf_candidates/LibreYOLO_smoke-uvylj/train/images/smoke_25.jpg,data/raw/hf_candidates/LibreYOLO_smoke-uvylj/train/images/smoke_273.jpg
data/raw/hf_candidates/LibreYOLO_smoke-uvylj/train/images/smoke_31.jpg,data/raw/hf_candidates/LibreYOLO_smoke-uvylj/train/images/smoke_273.jpg
data/raw/hf_candidates/LibreYOLO_smoke-uvylj/train/images/smoke_19.jpg,data/raw/hf_candidates/LibreYOLO_smoke-uvylj/train/images/smoke_273.jpg
data/raw/hf_candidates/LibreYOLO_smoke-uvylj/train/images/smoke_166.jpg,data/raw/hf_candidates/LibreYOLO_smoke-uvylj/train/images/smoke_273.jpg
data/raw/hf_candidates/LibreYOLO_smoke-uvylj/train/images/smoke_172.jpg,data/raw/hf_candidates/LibreYOLO_smoke-uvylj/train/images/smoke_273.jpg
data/raw/hf_candidates/LibreYOLO_smoke-uvylj/train/images/smoke_199.jpg,data/raw/hf_candidates/LibreYOLO_smoke-uvylj/train/images/smoke_273.jpg
data/raw/hf_candidates/LibreYOLO_smoke-uvylj/train/images/smoke_198.jpg,data/raw/hf_candidates/LibreYOLO_smoke-uvylj/train/images/smoke_273.jpg
data/raw/hf_candidates/LibreYOLO_smoke-uvylj/train/images/smoke_173.jpg,data/raw/hf_candidates/LibreYOLO_smoke-uvylj/train/images/smoke_273.jpg
data/raw/hf_candidates/LibreYOLO_smoke-uvylj/train/images/smoke_18.jpg,data/raw/hf_candidates/LibreYOLO_smoke-uvylj/train/images/smoke_273.jpg
data/raw/hf_candidates/LibreYOLO_smoke-uvylj/train/images/smoke_167.jpg,data/raw/hf_candidates/LibreYOLO_smoke-uvylj/train/images/smoke_273.jpg
data/raw/hf_candidates/LibreYOLO_smoke-uvylj/train/images/smoke_30.jpg,data/raw/hf_candidates/LibreYOLO_smoke-uvylj/train/images/smoke_273.jpg
data/raw/hf_candidates/LibreYOLO_smoke-uvylj/train/images/smoke_24.jpg,data/raw/hf_candidates/LibreYOLO_smoke-uvylj/train/images/smoke_273.jpg
data/raw/hf_candidates/LibreYOLO_smoke-uvylj/train/images/smoke_417.jpg,data/raw/hf_candidates/LibreYOLO_smoke-uvylj/train/images/smoke_273.jpg
data/raw/hf_candidates/LibreYOLO_smoke-uvylj/train/images/smoke_371.jpg,data/raw/hf_candidates/LibreYOLO_smoke-uvylj/train/images/smoke_273.jpg
data/raw/hf_candidates/LibreYOLO_smoke-uvylj/train/images/smoke_365.jpg,data/raw/hf_candidates/LibreYOLO_smoke-uvylj/train/images/smoke_273.jpg
data/raw/hf_candidates/LibreYOLO_smoke-uvylj/train/images/smoke_403.jpg,data/raw/hf_candidates/LibreYOLO_smoke-uvylj/train/images/smoke_273.jpg
data/raw/hf_candidates/LibreYOLO_smoke-uvylj/train/images/smoke_359.jpg,data/raw/hf_candidates/LibreYOLO_smoke-uvylj/train/images/smoke_273.jpg
data/raw/hf_candidates/LibreYOLO_smoke-uvylj/train/images/smoke_205.jpg,data/raw/hf_candidates/LibreYOLO_smoke-uvylj/train/images/smoke_273.jpg
data/raw/hf_candidates/LibreYOLO_smoke-uvylj/train/images/smoke_211.jpg,data/raw/hf_candidates/LibreYOLO_smoke-uvylj/train/images/smoke_273.jpg
data/raw/hf_candidates/LibreYOLO_smoke-uvylj/train/images/smoke_239.jpg,data/raw/hf_candidates/LibreYOLO_smoke-uvylj/train/images/smoke_273.jpg
data/raw/hf_candidates/LibreYOLO_smoke-uvylj/train/images/smoke_8.jpg,data/raw/hf_candidates/LibreYOLO_smoke-uvylj/train/images/smoke_273.jpg
data/raw/hf_candidates/LibreYOLO_smoke-uvylj/train/images/smoke_207.jpg,data/raw/hf_candidates/LibreYOLO_smoke-uvylj/train/images/smoke_273.jpg
data/raw/hf_candidates/LibreYOLO_smoke-uvylj/train/images/smoke_213.jpg,data/raw/hf_candidates/LibreYOLO_smoke-uvylj/train/images/smoke_273.jpg
data/raw/hf_candidates/LibreYOLO_smoke-uvylj/train/images/smoke_429.jpg,data/raw/hf_candidates/LibreYOLO_smoke-uvylj/train/images/smoke_273.jpg
data/raw/hf_candidates/LibreYOLO_smoke-uvylj/train/images/smoke_373.jpg,data/raw/hf_candidates/LibreYOLO_smoke-uvylj/train/images/smoke_273.jpg
data/raw/hf_candidates/LibreYOLO_smoke-uvylj/train/images/smoke_415.jpg,data/raw/hf_candidates/LibreYOLO_smoke-uvylj/train/images/smoke_273.jpg
data/raw/hf_candidates/LibreYOLO_smoke-uvylj/train/images/smoke_401.jpg,data/raw/hf_candidates/LibreYOLO_smoke-uvylj/train/images/smoke_273.jpg
data/raw/hf_candidates/LibreYOLO_smoke-uvylj/train/images/smoke_367.jpg,data/raw/hf_candidates/LibreYOLO_smoke-uvylj/train/images/smoke_273.jpg
data/raw/hf_candidates/LibreYOLO_smoke-uvylj/train/images/smoke_398.jpg,data/raw/hf_candidates/LibreYOLO_smoke-uvylj/train/images/smoke_273.jpg
data/raw/hf_candidates/LibreYOLO_smoke-uvylj/train/images/smoke_32.jpg,data/raw/hf_candidates/LibreYOLO_smoke-uvylj/train/images/smoke_273.jpg
data/raw/hf_candidates/LibreYOLO_smoke-uvylj/train/images/smoke_159.jpg,data/raw/hf_candidates/LibreYOLO_smoke-uvylj/train/images/smoke_273.jpg
data/raw/hf_candidates/LibreYOLO_smoke-uvylj/train/images/smoke_26.jpg,data/raw/hf_candidates/LibreYOLO_smoke-uvylj/train/images/smoke_273.jpg
data/raw/hf_candidates/LibreYOLO_smoke-uvylj/train/images/smoke_171.jpg,data/raw/hf_candidates/LibreYOLO_smoke-uvylj/train/images/smoke_273.jpg
data/raw/hf_candidates/LibreYOLO_smoke-uvylj/train/images/smoke_165.jpg,data/raw/hf_candidates/LibreYOLO_smoke-uvylj/train/images/smoke_273.jpg
data/raw/hf_candidates/LibreYOLO_smoke-uvylj/train/images/smoke_164.jpg,data/raw/hf_candidates/LibreYOLO_smoke-uvylj/train/images/smoke_273.jpg
data/raw/hf_candidates/LibreYOLO_smoke-uvylj/train/images/smoke_170.jpg,data/raw/hf_candidates/LibreYOLO_smoke-uvylj/train/images/smoke_273.jpg
data/raw/hf_candidates/LibreYOLO_smoke-uvylj/train/images/smoke_158.jpg,data/raw/hf_candidates/LibreYOLO_smoke-uvylj/train/images/smoke_273.jpg
data/raw/hf_candidates/LibreYOLO_smoke-uvylj/train/images/smoke_27.jpg,data/raw/hf_candidates/LibreYOLO_smoke-uvylj/train/images/smoke_273.jpg
data/raw/hf_candidates/LibreYOLO_smoke-uvylj/train/images/smoke_33.jpg,data/raw/hf_candidates/LibreYOLO_smoke-uvylj/train/images/smoke_273.jpg
data/raw/hf_candidates/LibreYOLO_smoke-uvylj/train/images/smoke_399.jpg,data/raw/hf_candidates/LibreYOLO_smoke-uvylj/train/images/smoke_273.jpg
data/raw/hf_candidates/LibreYOLO_smoke-uvylj/train/images/smoke_400.jpg,data/raw/hf_candidates/LibreYOLO_smoke-uvylj/train/images/smoke_273.jpg
data/raw/hf_candidates/LibreYOLO_smoke-uvylj/train/images/smoke_366.jpg,data/raw/hf_candidates/LibreYOLO_smoke-uvylj/train/images/smoke_273.jpg
data/raw/hf_candidates/LibreYOLO_smoke-uvylj/train/images/smoke_372.jpg,data/raw/hf_candidates/LibreYOLO_smoke-uvylj/train/images/smoke_273.jpg
data/raw/hf_candidates/LibreYOLO_smoke-uvylj/train/images/smoke_414.jpg,data/raw/hf_candidates/LibreYOLO_smoke-uvylj/train/images/smoke_273.jpg
data/raw/hf_candidates/LibreYOLO_smoke-uvylj/train/images/smoke_428.jpg,data/raw/hf_candidates/LibreYOLO_smoke-uvylj/train/images/smoke_273.jpg
data/raw/hf_candidates/LibreYOLO_smoke-uvylj/train/images/smoke_212.jpg,data/raw/hf_candidates/LibreYOLO_smoke-uvylj/train/images/smoke_273.jpg
data/raw/hf_candidates/LibreYOLO_smoke-uvylj/train/images/smoke_206.jpg,data/raw/hf_candidates/LibreYOLO_smoke-uvylj/train/images/smoke_273.jpg
data/raw/hf_candidates/LibreYOLO_smoke-uvylj/train/images/smoke_202.jpg,data/raw/hf_candidates/LibreYOLO_smoke-uvylj/train/images/smoke_273.jpg
data/raw/hf_candidates/LibreYOLO_smoke-uvylj/train/images/smoke_216.jpg,data/raw/hf_candidates/LibreYOLO_smoke-uvylj/train/images/smoke_273.jpg
data/raw/hf_candidates/LibreYOLO_smoke-uvylj/train/images/smoke_410.jpg,data/raw/hf_candidates/LibreYOLO_smoke-uvylj/train/images/smoke_273.jpg
data/raw/hf_candidates/LibreYOLO_smoke-uvylj/train/images/smoke_376.jpg,data/raw/hf_candidates/LibreYOLO_smoke-uvylj/train/images/smoke_273.jpg
data/raw/hf_candidates/LibreYOLO_smoke-uvylj/train/images/smoke_362.jpg,data/raw/hf_candidates/LibreYOLO_smoke-uvylj/train/images/smoke_273.jpg
data/raw/hf_candidates/LibreYOLO_smoke-uvylj/train/images/smoke_404.jpg,data/raw/hf_candidates/LibreYOLO_smoke-uvylj/train/images/smoke_273.jpg
data/raw/hf_candidates/LibreYOLO_smoke-uvylj/train/images/smoke_438.jpg,data/raw/hf_candidates/LibreYOLO_smoke-uvylj/train/images/smoke_273.jpg
data/raw/hf_candidates/LibreYOLO_smoke-uvylj/train/images/smoke_389.jpg,data/raw/hf_candidates/LibreYOLO_smoke-uvylj/train/images/smoke_273.jpg
data/raw/hf_candidates/LibreYOLO_smoke-uvylj/train/images/smoke_174.jpg,data/raw/hf_candidates/LibreYOLO_smoke-uvylj/train/images/smoke_273.jpg
data/raw/hf_candidates/LibreYOLO_smoke-uvylj/train/images/smoke_160.jpg,data/raw/hf_candidates/LibreYOLO_smoke-uvylj/train/images/smoke_273.jpg
data/raw/hf_candidates/LibreYOLO_smoke-uvylj/train/images/smoke_148.jpg,data/raw/hf_candidates/LibreYOLO_smoke-uvylj/train/images/smoke_273.jpg
data/raw/hf_candidates/LibreYOLO_smoke-uvylj/train/images/smoke_37.jpg,data/raw/hf_candidates/LibreYOLO_smoke-uvylj/train/images/smoke_273.jpg
data/raw/hf_candidates/LibreYOLO_smoke-uvylj/train/images/smoke_23.jpg,data/raw/hf_candidates/LibreYOLO_smoke-uvylj/train/images/smoke_273.jpg
data/raw/hf_candidates/LibreYOLO_smoke-uvylj/train/images/smoke_22.jpg,data/raw/hf_candidates/LibreYOLO_smoke-uvylj/train/images/smoke_273.jpg
data/raw/hf_candidates/LibreYOLO_smoke-uvylj/train/images/smoke_149.jpg,data/raw/hf_candidates/LibreYOLO_smoke-uvylj/train/images/smoke_273.jpg
data/raw/hf_candidates/LibreYOLO_smoke-uvylj/train/images/smoke_36.jpg,data/raw/hf_candidates/LibreYOLO_smoke-uvylj/train/images/smoke_273.jpg
data/raw/hf_candidates/LibreYOLO_smoke-uvylj/train/images/smoke_161.jpg,data/raw/hf_candidates/LibreYOLO_smoke-uvylj/train/images/smoke_273.jpg
data/raw/hf_candidates/LibreYOLO_smoke-uvylj/train/images/smoke_175.jpg,data/raw/hf_candidates/LibreYOLO_smoke-uvylj/train/images/smoke_273.jpg
data/raw/hf_candidates/LibreYOLO_smoke-uvylj/train/images/smoke_388.jpg,data/raw/hf_candidates/LibreYOLO_smoke-uvylj/train/images/smoke_273.jpg
data/raw/hf_candidates/LibreYOLO_smoke-uvylj/train/images/smoke_439.jpg,data/raw/hf_candidates/LibreYOLO_smoke-uvylj/train/images/smoke_273.jpg
data/raw/hf_candidates/LibreYOLO_smoke-uvylj/train/images/smoke_363.jpg,data/raw/hf_candidates/LibreYOLO_smoke-uvylj/train/images/smoke_273.jpg
data/raw/hf_candidates/LibreYOLO_smoke-uvylj/train/images/smoke_405.jpg,data/raw/hf_candidates/LibreYOLO_smoke-uvylj/train/images/smoke_273.jpg
data/raw/hf_candidates/LibreYOLO_smoke-uvylj/train/images/smoke_411.jpg,data/raw/hf_candidates/LibreYOLO_smoke-uvylj/train/images/smoke_273.jpg
data/raw/hf_candidates/LibreYOLO_smoke-uvylj/train/images/smoke_377.jpg,data/raw/hf_candidates/LibreYOLO_smoke-uvylj/train/images/smoke_273.jpg
data/raw/hf_candidates/LibreYOLO_smoke-uvylj/train/images/smoke_217.jpg,data/raw/hf_candidates/LibreYOLO_smoke-uvylj/train/images/smoke_273.jpg
data/raw/hf_candidates/LibreYOLO_smoke-uvylj/train/images/smoke_203.jpg,data/raw/hf_candidates/LibreYOLO_smoke-uvylj/train/images/smoke_273.jpg
data/raw/hf_candidates/LibreYOLO_smoke-uvylj/train/images/smoke_215.jpg,data/raw/hf_candidates/LibreYOLO_smoke-uvylj/train/images/smoke_273.jpg
data/raw/hf_candidates/LibreYOLO_smoke-uvylj/train/images/smoke_201.jpg,data/raw/hf_candidates/LibreYOLO_smoke-uvylj/train/images/smoke_273.jpg
data/raw/hf_candidates/LibreYOLO_smoke-uvylj/train/images/smoke_229.jpg,data/raw/hf_candidates/LibreYOLO_smoke-uvylj/train/images/smoke_273.jpg
data/raw/hf_candidates/LibreYOLO_smoke-uvylj/train/images/smoke_407.jpg,data/raw/hf_candidates/LibreYOLO_smoke-uvylj/train/images/smoke_273.jpg
data/raw/hf_candidates/LibreYOLO_smoke-uvylj/train/images/smoke_361.jpg,data/raw/hf_candidates/LibreYOLO_smoke-uvylj/train/images/smoke_273.jpg
data/raw/hf_candidates/LibreYOLO_smoke-uvylj/train/images/smoke_375.jpg,data/raw/hf_candidates/LibreYOLO_smoke-uvylj/train/images/smoke_273.jpg
data/raw/hf_candidates/LibreYOLO_smoke-uvylj/train/images/smoke_413.jpg,data/raw/hf_candidates/LibreYOLO_smoke-uvylj/train/images/smoke_273.jpg
data/raw/hf_candidates/LibreYOLO_smoke-uvylj/train/images/smoke_349.jpg,data/raw/hf_candidates/LibreYOLO_smoke-uvylj/train/images/smoke_273.jpg
data/raw/hf_candidates/LibreYOLO_smoke-uvylj/train/images/smoke_163.jpg,data/raw/hf_candidates/LibreYOLO_smoke-uvylj/train/images/smoke_273.jpg
data/raw/hf_candidates/LibreYOLO_smoke-uvylj/train/images/smoke_177.jpg,data/raw/hf_candidates/LibreYOLO_smoke-uvylj/train/images/smoke_273.jpg
data/raw/hf_candidates/LibreYOLO_smoke-uvylj/train/images/smoke_20.jpg,data/raw/hf_candidates/LibreYOLO_smoke-uvylj/train/images/smoke_273.jpg
data/raw/hf_candidates/LibreYOLO_smoke-uvylj/train/images/smoke_34.jpg,data/raw/hf_candidates/LibreYOLO_smoke-uvylj/train/images/smoke_273.jpg
data/raw/hf_candidates/LibreYOLO_smoke-uvylj/train/images/smoke_188.jpg,data/raw/hf_candidates/LibreYOLO_smoke-uvylj/train/images/smoke_273.jpg
data/raw/hf_candidates/LibreYOLO_smoke-uvylj/train/images/smoke_189.jpg,data/raw/hf_candidates/LibreYOLO_smoke-uvylj/train/images/smoke_273.jpg
data/raw/hf_candidates/LibreYOLO_smoke-uvylj/train/images/smoke_35.jpg,data/raw/hf_candidates/LibreYOLO_smoke-uvylj/train/images/smoke_273.jpg
data/raw/hf_candidates/LibreYOLO_smoke-uvylj/train/images/smoke_21.jpg,data/raw/hf_candidates/LibreYOLO_smoke-uvylj/train/images/smoke_273.jpg
data/raw/hf_candidates/LibreYOLO_smoke-uvylj/train/images/smoke_176.jpg,data/raw/hf_candidates/LibreYOLO_smoke-uvylj/train/images/smoke_273.jpg
data/raw/hf_candidates/LibreYOLO_smoke-uvylj/train/images/smoke_162.jpg,data/raw/hf_candidates/LibreYOLO_smoke-uvylj/train/images/smoke_273.jpg
data/raw/hf_candidates/LibreYOLO_smoke-uvylj/train/images/smoke_348.jpg,data/raw/hf_candidates/LibreYOLO_smoke-uvylj/train/images/smoke_273.jpg
data/raw/hf_candidates/LibreYOLO_smoke-uvylj/train/images/smoke_374.jpg,data/raw/hf_candidates/LibreYOLO_smoke-uvylj/train/images/smoke_273.jpg
data/raw/hf_candidates/LibreYOLO_smoke-uvylj/train/images/smoke_412.jpg,data/raw/hf_candidates/LibreYOLO_smoke-uvylj/train/images/smoke_273.jpg
data/raw/hf_candidates/LibreYOLO_smoke-uvylj/train/images/smoke_406.jpg,data/raw/hf_candidates/LibreYOLO_smoke-uvylj/train/images/smoke_273.jpg
data/raw/hf_candidates/LibreYOLO_smoke-uvylj/train/images/smoke_360.jpg,data/raw/hf_candidates/LibreYOLO_smoke-uvylj/train/images/smoke_273.jpg
data/raw/hf_candidates/LibreYOLO_smoke-uvylj/train/images/smoke_228.jpg,data/raw/hf_candidates/LibreYOLO_smoke-uvylj/train/images/smoke_273.jpg
data/raw/hf_candidates/LibreYOLO_smoke-uvylj/train/images/smoke_200.jpg,data/raw/hf_candidates/LibreYOLO_smoke-uvylj/train/images/smoke_273.jpg
data/raw/hf_candidates/LibreYOLO_smoke-uvylj/train/images/smoke_214.jpg,data/raw/hf_candidates/LibreYOLO_smoke-uvylj/train/images/smoke_273.jpg
data/raw/hf_candidates/LibreYOLO_smoke-uvylj/train/images/smoke_0.jpg,data/raw/hf_candidates/LibreYOLO_smoke-uvylj/train/images/smoke_273.jpg
data/raw/hf_candidates/LibreYOLO_smoke-uvylj/train/images/smoke_219.jpg,data/raw/hf_candidates/LibreYOLO_smoke-uvylj/train/images/smoke_273.jpg
data/raw/hf_candidates/LibreYOLO_smoke-uvylj/train/images/smoke_231.jpg,data/raw/hf_candidates/LibreYOLO_smoke-uvylj/train/images/smoke_273.jpg
data/raw/hf_candidates/LibreYOLO_smoke-uvylj/train/images/smoke_225.jpg,data/raw/hf_candidates/LibreYOLO_smoke-uvylj/train/images/smoke_273.jpg
data/raw/hf_candidates/LibreYOLO_smoke-uvylj/train/images/smoke_379.jpg,data/raw/hf_candidates/LibreYOLO_smoke-uvylj/train/images/smoke_273.jpg
data/raw/hf_candidates/LibreYOLO_smoke-uvylj/train/images/smoke_345.jpg,data/raw/hf_candidates/LibreYOLO_smoke-uvylj/train/images/smoke_273.jpg
data/raw/hf_candidates/LibreYOLO_smoke-uvylj/train/images/smoke_423.jpg,data/raw/hf_candidates/LibreYOLO_smoke-uvylj/train/images/smoke_273.jpg
data/raw/hf_candidates/LibreYOLO_smoke-uvylj/train/images/smoke_437.jpg,data/raw/hf_candidates/LibreYOLO_smoke-uvylj/train/images/smoke_273.jpg
data/raw/hf_candidates/LibreYOLO_smoke-uvylj/train/images/smoke_351.jpg,data/raw/hf_candidates/LibreYOLO_smoke-uvylj/train/images/smoke_273.jpg
data/raw/hf_candidates/LibreYOLO_smoke-uvylj/train/images/smoke_386.jpg,data/raw/hf_candidates/LibreYOLO_smoke-uvylj/train/images/smoke_273.jpg
data/raw/hf_candidates/LibreYOLO_smoke-uvylj/train/images/smoke_392.jpg,data/raw/hf_candidates/LibreYOLO_smoke-uvylj/train/images/smoke_273.jpg
data/raw/hf_candidates/LibreYOLO_smoke-uvylj/train/images/smoke_10.jpg,data/raw/hf_candidates/LibreYOLO_smoke-uvylj/train/images/smoke_273.jpg
data/raw/hf_candidates/LibreYOLO_smoke-uvylj/train/images/smoke_38.jpg,data/raw/hf_candidates/LibreYOLO_smoke-uvylj/train/images/smoke_273.jpg
data/raw/hf_candidates/LibreYOLO_smoke-uvylj/train/images/smoke_147.jpg,data/raw/hf_candidates/LibreYOLO_smoke-uvylj/train/images/smoke_273.jpg
data/raw/hf_candidates/LibreYOLO_smoke-uvylj/train/images/smoke_153.jpg,data/raw/hf_candidates/LibreYOLO_smoke-uvylj/train/images/smoke_273.jpg
data/raw/hf_candidates/LibreYOLO_smoke-uvylj/train/images/smoke_184.jpg,data/raw/hf_candidates/LibreYOLO_smoke-uvylj/train/images/smoke_273.jpg
data/raw/hf_candidates/LibreYOLO_smoke-uvylj/train/images/smoke_190.jpg,data/raw/hf_candidates/LibreYOLO_smoke-uvylj/train/images/smoke_273.jpg
data/raw/hf_candidates/LibreYOLO_smoke-uvylj/train/images/smoke_191.jpg,data/raw/hf_candidates/LibreYOLO_smoke-uvylj/train/images/smoke_273.jpg
data/raw/hf_candidates/LibreYOLO_smoke-uvylj/train/images/smoke_185.jpg,data/raw/hf_candidates/LibreYOLO_smoke-uvylj/train/images/smoke_273.jpg
data/raw/hf_candidates/LibreYOLO_smoke-uvylj/train/images/smoke_152.jpg,data/raw/hf_candidates/LibreYOLO_smoke-uvylj/train/images/smoke_273.jpg
data/raw/hf_candidates/LibreYOLO_smoke-uvylj/train/images/smoke_39.jpg,data/raw/hf_candidates/LibreYOLO_smoke-uvylj/train/images/smoke_273.jpg
data/raw/hf_candidates/LibreYOLO_smoke-uvylj/train/images/smoke_146.jpg,data/raw/hf_candidates/LibreYOLO_smoke-uvylj/train/images/smoke_273.jpg
data/raw/hf_candidates/LibreYOLO_smoke-uvylj/train/images/smoke_11.jpg,data/raw/hf_candidates/LibreYOLO_smoke-uvylj/train/images/smoke_273.jpg
data/raw/hf_candidates/LibreYOLO_smoke-uvylj/train/images/smoke_393.jpg,data/raw/hf_candidates/LibreYOLO_smoke-uvylj/train/images/smoke_273.jpg
data/raw/hf_candidates/LibreYOLO_smoke-uvylj/train/images/smoke_387.jpg,data/raw/hf_candidates/LibreYOLO_smoke-uvylj/train/images/smoke_273.jpg
data/raw/hf_candidates/LibreYOLO_smoke-uvylj/train/images/smoke_436.jpg,data/raw/hf_candidates/LibreYOLO_smoke-uvylj/train/images/smoke_273.jpg
data/raw/hf_candidates/LibreYOLO_smoke-uvylj/train/images/smoke_350.jpg,data/raw/hf_candidates/LibreYOLO_smoke-uvylj/train/images/smoke_273.jpg
data/raw/hf_candidates/LibreYOLO_smoke-uvylj/train/images/smoke_344.jpg,data/raw/hf_candidates/LibreYOLO_smoke-uvylj/train/images/smoke_273.jpg
data/raw/hf_candidates/LibreYOLO_smoke-uvylj/train/images/smoke_422.jpg,data/raw/hf_candidates/LibreYOLO_smoke-uvylj/train/images/smoke_273.jpg
data/raw/hf_candidates/LibreYOLO_smoke-uvylj/train/images/smoke_378.jpg,data/raw/hf_candidates/LibreYOLO_smoke-uvylj/train/images/smoke_273.jpg
data/raw/hf_candidates/LibreYOLO_smoke-uvylj/train/images/smoke_224.jpg,data/raw/hf_candidates/LibreYOLO_smoke-uvylj/train/images/smoke_273.jpg
data/raw/hf_candidates/LibreYOLO_smoke-uvylj/train/images/smoke_230.jpg,data/raw/hf_candidates/LibreYOLO_smoke-uvylj/train/images/smoke_273.jpg
data/raw/hf_candidates/LibreYOLO_smoke-uvylj/train/images/smoke_218.jpg,data/raw/hf_candidates/LibreYOLO_smoke-uvylj/train/images/smoke_273.jpg
data/raw/hf_candidates/LibreYOLO_smoke-uvylj/train/images/smoke_1.jpg,data/raw/hf_candidates/LibreYOLO_smoke-uvylj/train/images/smoke_273.jpg
data/raw/hf_candidates/LibreYOLO_smoke-uvylj/train/images/smoke_3.jpg,data/raw/hf_candidates/LibreYOLO_smoke-uvylj/train/images/smoke_273.jpg
data/raw/hf_candidates/LibreYOLO_smoke-uvylj/train/images/smoke_226.jpg,data/raw/hf_candidates/LibreYOLO_smoke-uvylj/train/images/smoke_273.jpg
data/raw/hf_candidates/LibreYOLO_smoke-uvylj/train/images/smoke_232.jpg,data/raw/hf_candidates/LibreYOLO_smoke-uvylj/train/images/smoke_273.jpg
data/raw/hf_candidates/LibreYOLO_smoke-uvylj/train/images/smoke_408.jpg,data/raw/hf_candidates/LibreYOLO_smoke-uvylj/train/images/smoke_273.jpg
data/raw/hf_candidates/LibreYOLO_smoke-uvylj/train/images/smoke_352.jpg,data/raw/hf_candidates/LibreYOLO_smoke-uvylj/train/images/smoke_273.jpg
data/raw/hf_candidates/LibreYOLO_smoke-uvylj/train/images/smoke_434.jpg,data/raw/hf_candidates/LibreYOLO_smoke-uvylj/train/images/smoke_273.jpg
data/raw/hf_candidates/LibreYOLO_smoke-uvylj/train/images/smoke_420.jpg,data/raw/hf_candidates/LibreYOLO_smoke-uvylj/train/images/smoke_273.jpg
data/raw/hf_candidates/LibreYOLO_smoke-uvylj/train/images/smoke_346.jpg,data/raw/hf_candidates/LibreYOLO_smoke-uvylj/train/images/smoke_273.jpg
data/raw/hf_candidates/LibreYOLO_smoke-uvylj/train/images/smoke_391.jpg,data/raw/hf_candidates/LibreYOLO_smoke-uvylj/train/images/smoke_273.jpg
data/raw/hf_candidates/LibreYOLO_smoke-uvylj/train/images/smoke_385.jpg,data/raw/hf_candidates/LibreYOLO_smoke-uvylj/train/images/smoke_273.jpg
data/raw/hf_candidates/LibreYOLO_smoke-uvylj/train/images/smoke_13.jpg,data/raw/hf_candidates/LibreYOLO_smoke-uvylj/train/images/smoke_273.jpg
data/raw/hf_candidates/LibreYOLO_smoke-uvylj/train/images/smoke_178.jpg,data/raw/hf_candidates/LibreYOLO_smoke-uvylj/train/images/smoke_273.jpg
data/raw/hf_candidates/LibreYOLO_smoke-uvylj/train/images/smoke_150.jpg,data/raw/hf_candidates/LibreYOLO_smoke-uvylj/train/images/smoke_273.jpg
data/raw/hf_candidates/LibreYOLO_smoke-uvylj/train/images/smoke_144.jpg,data/raw/hf_candidates/LibreYOLO_smoke-uvylj/train/images/smoke_273.jpg
data/raw/hf_candidates/LibreYOLO_smoke-uvylj/train/images/smoke_193.jpg,data/raw/hf_candidates/LibreYOLO_smoke-uvylj/train/images/smoke_273.jpg
data/raw/hf_candidates/LibreYOLO_smoke-uvylj/train/images/smoke_187.jpg,data/raw/hf_candidates/LibreYOLO_smoke-uvylj/train/images/smoke_273.jpg
data/raw/hf_candidates/LibreYOLO_smoke-uvylj/train/images/smoke_186.jpg,data/raw/hf_candidates/LibreYOLO_smoke-uvylj/train/images/smoke_273.jpg
data/raw/hf_candidates/LibreYOLO_smoke-uvylj/train/images/smoke_192.jpg,data/raw/hf_candidates/LibreYOLO_smoke-uvylj/train/images/smoke_273.jpg
data/raw/hf_candidates/LibreYOLO_smoke-uvylj/train/images/smoke_145.jpg,data/raw/hf_candidates/LibreYOLO_smoke-uvylj/train/images/smoke_273.jpg
data/raw/hf_candidates/LibreYOLO_smoke-uvylj/train/images/smoke_151.jpg,data/raw/hf_candidates/LibreYOLO_smoke-uvylj/train/images/smoke_273.jpg
data/raw/hf_candidates/LibreYOLO_smoke-uvylj/train/images/smoke_179.jpg,data/raw/hf_candidates/LibreYOLO_smoke-uvylj/train/images/smoke_273.jpg
data/raw/hf_candidates/LibreYOLO_smoke-uvylj/train/images/smoke_12.jpg,data/raw/hf_candidates/LibreYOLO_smoke-uvylj/train/images/smoke_273.jpg
data/raw/hf_candidates/LibreYOLO_smoke-uvylj/train/images/smoke_384.jpg,data/raw/hf_candidates/LibreYOLO_smoke-uvylj/train/images/smoke_273.jpg
data/raw/hf_candidates/LibreYOLO_smoke-uvylj/train/images/smoke_390.jpg,data/raw/hf_candidates/LibreYOLO_smoke-uvylj/train/images/smoke_273.jpg
data/raw/hf_candidates/LibreYOLO_smoke-uvylj/train/images/smoke_421.jpg,data/raw/hf_candidates/LibreYOLO_smoke-uvylj/train/images/smoke_273.jpg
data/raw/hf_candidates/LibreYOLO_smoke-uvylj/train/images/smoke_347.jpg,data/raw/hf_candidates/LibreYOLO_smoke-uvylj/train/images/smoke_273.jpg
data/raw/hf_candidates/LibreYOLO_smoke-uvylj/train/images/smoke_353.jpg,data/raw/hf_candidates/LibreYOLO_smoke-uvylj/train/images/smoke_273.jpg
data/raw/hf_candidates/LibreYOLO_smoke-uvylj/train/images/smoke_435.jpg,data/raw/hf_candidates/LibreYOLO_smoke-uvylj/train/images/smoke_273.jpg
data/raw/hf_candidates/LibreYOLO_smoke-uvylj/train/images/smoke_409.jpg,data/raw/hf_candidates/LibreYOLO_smoke-uvylj/train/images/smoke_273.jpg
data/raw/hf_candidates/LibreYOLO_smoke-uvylj/train/images/smoke_233.jpg,data/raw/hf_candidates/LibreYOLO_smoke-uvylj/train/images/smoke_273.jpg
data/raw/hf_candidates/LibreYOLO_smoke-uvylj/train/images/smoke_227.jpg,data/raw/hf_candidates/LibreYOLO_smoke-uvylj/train/images/smoke_273.jpg
data/raw/hf_candidates/LibreYOLO_smoke-uvylj/train/images/smoke_2.jpg,data/raw/hf_candidates/LibreYOLO_smoke-uvylj/train/images/smoke_273.jpg
data/raw/hf_candidates/LibreYOLO_smoke-uvylj/train/images/smoke_6.jpg,data/raw/hf_candidates/LibreYOLO_smoke-uvylj/train/images/smoke_273.jpg
data/raw/hf_candidates/LibreYOLO_smoke-uvylj/train/images/smoke_223.jpg,data/raw/hf_candidates/LibreYOLO_smoke-uvylj/train/images/smoke_273.jpg
data/raw/hf_candidates/LibreYOLO_smoke-uvylj/train/images/smoke_237.jpg,data/raw/hf_candidates/LibreYOLO_smoke-uvylj/train/images/smoke_273.jpg
data/raw/hf_candidates/LibreYOLO_smoke-uvylj/train/images/smoke_431.jpg,data/raw/hf_candidates/LibreYOLO_smoke-uvylj/train/images/smoke_273.jpg
data/raw/hf_candidates/LibreYOLO_smoke-uvylj/train/images/smoke_357.jpg,data/raw/hf_candidates/LibreYOLO_smoke-uvylj/train/images/smoke_273.jpg
data/raw/hf_candidates/LibreYOLO_smoke-uvylj/train/images/smoke_343.jpg,data/raw/hf_candidates/LibreYOLO_smoke-uvylj/train/images/smoke_273.jpg
data/raw/hf_candidates/LibreYOLO_smoke-uvylj/train/images/smoke_425.jpg,data/raw/hf_candidates/LibreYOLO_smoke-uvylj/train/images/smoke_273.jpg
data/raw/hf_candidates/LibreYOLO_smoke-uvylj/train/images/smoke_419.jpg,data/raw/hf_candidates/LibreYOLO_smoke-uvylj/train/images/smoke_273.jpg
data/raw/hf_candidates/LibreYOLO_smoke-uvylj/train/images/smoke_394.jpg,data/raw/hf_candidates/LibreYOLO_smoke-uvylj/train/images/smoke_273.jpg
data/raw/hf_candidates/LibreYOLO_smoke-uvylj/train/images/smoke_380.jpg,data/raw/hf_candidates/LibreYOLO_smoke-uvylj/train/images/smoke_273.jpg
data/raw/hf_candidates/LibreYOLO_smoke-uvylj/train/images/smoke_155.jpg,data/raw/hf_candidates/LibreYOLO_smoke-uvylj/train/images/smoke_273.jpg
data/raw/hf_candidates/LibreYOLO_smoke-uvylj/train/images/smoke_141.jpg,data/raw/hf_candidates/LibreYOLO_smoke-uvylj/train/images/smoke_273.jpg
data/raw/hf_candidates/LibreYOLO_smoke-uvylj/train/images/smoke_169.jpg,data/raw/hf_candidates/LibreYOLO_smoke-uvylj/train/images/smoke_273.jpg
data/raw/hf_candidates/LibreYOLO_smoke-uvylj/train/images/smoke_16.jpg,data/raw/hf_candidates/LibreYOLO_smoke-uvylj/train/images/smoke_273.jpg
data/raw/hf_candidates/LibreYOLO_smoke-uvylj/train/images/smoke_196.jpg,data/raw/hf_candidates/LibreYOLO_smoke-uvylj/train/images/smoke_273.jpg
data/raw/hf_candidates/LibreYOLO_smoke-uvylj/train/images/smoke_182.jpg,data/raw/hf_candidates/LibreYOLO_smoke-uvylj/train/images/smoke_273.jpg
data/raw/hf_candidates/LibreYOLO_smoke-uvylj/train/images/smoke_183.jpg,data/raw/hf_candidates/LibreYOLO_smoke-uvylj/train/images/smoke_273.jpg
data/raw/hf_candidates/LibreYOLO_smoke-uvylj/train/images/smoke_197.jpg,data/raw/hf_candidates/LibreYOLO_smoke-uvylj/train/images/smoke_273.jpg
data/raw/hf_candidates/LibreYOLO_smoke-uvylj/train/images/smoke_168.jpg,data/raw/hf_candidates/LibreYOLO_smoke-uvylj/train/images/smoke_273.jpg
data/raw/hf_candidates/LibreYOLO_smoke-uvylj/train/images/smoke_17.jpg,data/raw/hf_candidates/LibreYOLO_smoke-uvylj/train/images/smoke_273.jpg
data/raw/hf_candidates/LibreYOLO_smoke-uvylj/train/images/smoke_140.jpg,data/raw/hf_candidates/LibreYOLO_smoke-uvylj/train/images/smoke_273.jpg
data/raw/hf_candidates/LibreYOLO_smoke-uvylj/train/images/smoke_154.jpg,data/raw/hf_candidates/LibreYOLO_smoke-uvylj/train/images/smoke_273.jpg
data/raw/hf_candidates/LibreYOLO_smoke-uvylj/train/images/smoke_381.jpg,data/raw/hf_candidates/LibreYOLO_smoke-uvylj/train/images/smoke_273.jpg
data/raw/hf_candidates/LibreYOLO_smoke-uvylj/train/images/smoke_395.jpg,data/raw/hf_candidates/LibreYOLO_smoke-uvylj/train/images/smoke_273.jpg
data/raw/hf_candidates/LibreYOLO_smoke-uvylj/train/images/smoke_418.jpg,data/raw/hf_candidates/LibreYOLO_smoke-uvylj/train/images/smoke_273.jpg
data/raw/hf_candidates/LibreYOLO_smoke-uvylj/train/images/smoke_342.jpg,data/raw/hf_candidates/LibreYOLO_smoke-uvylj/train/images/smoke_273.jpg
data/raw/hf_candidates/LibreYOLO_smoke-uvylj/train/images/smoke_424.jpg,data/raw/hf_candidates/LibreYOLO_smoke-uvylj/train/images/smoke_273.jpg
data/raw/hf_candidates/LibreYOLO_smoke-uvylj/train/images/smoke_430.jpg,data/raw/hf_candidates/LibreYOLO_smoke-uvylj/train/images/smoke_273.jpg
data/raw/hf_candidates/LibreYOLO_smoke-uvylj/train/images/smoke_356.jpg,data/raw/hf_candidates/LibreYOLO_smoke-uvylj/train/images/smoke_273.jpg
data/raw/hf_candidates/LibreYOLO_smoke-uvylj/train/images/smoke_236.jpg,data/raw/hf_candidates/LibreYOLO_smoke-uvylj/train/images/smoke_273.jpg
data/raw/hf_candidates/LibreYOLO_smoke-uvylj/train/images/smoke_222.jpg,data/raw/hf_candidates/LibreYOLO_smoke-uvylj/train/images/smoke_273.jpg
data/raw/hf_candidates/LibreYOLO_smoke-uvylj/train/images/smoke_7.jpg,data/raw/hf_candidates/LibreYOLO_smoke-uvylj/train/images/smoke_273.jpg
data/raw/hf_candidates/LibreYOLO_smoke-uvylj/train/images/smoke_5.jpg,data/raw/hf_candidates/LibreYOLO_smoke-uvylj/train/images/smoke_273.jpg
data/raw/hf_candidates/LibreYOLO_smoke-uvylj/train/images/smoke_234.jpg,data/raw/hf_candidates/LibreYOLO_smoke-uvylj/train/images/smoke_273.jpg
data/raw/hf_candidates/LibreYOLO_smoke-uvylj/train/images/smoke_220.jpg,data/raw/hf_candidates/LibreYOLO_smoke-uvylj/train/images/smoke_273.jpg
data/raw/hf_candidates/LibreYOLO_smoke-uvylj/train/images/smoke_208.jpg,data/raw/hf_candidates/LibreYOLO_smoke-uvylj/train/images/smoke_273.jpg
data/raw/hf_candidates/LibreYOLO_smoke-uvylj/train/images/smoke_426.jpg,data/raw/hf_candidates/LibreYOLO_smoke-uvylj/train/images/smoke_273.jpg
data/raw/hf_candidates/LibreYOLO_smoke-uvylj/train/images/smoke_340.jpg,data/raw/hf_candidates/LibreYOLO_smoke-uvylj/train/images/smoke_273.jpg
data/raw/hf_candidates/LibreYOLO_smoke-uvylj/train/images/smoke_354.jpg,data/raw/hf_candidates/LibreYOLO_smoke-uvylj/train/images/smoke_273.jpg
data/raw/hf_candidates/LibreYOLO_smoke-uvylj/train/images/smoke_432.jpg,data/raw/hf_candidates/LibreYOLO_smoke-uvylj/train/images/smoke_273.jpg
data/raw/hf_candidates/LibreYOLO_smoke-uvylj/train/images/smoke_368.jpg,data/raw/hf_candidates/LibreYOLO_smoke-uvylj/train/images/smoke_273.jpg
data/raw/hf_candidates/LibreYOLO_smoke-uvylj/train/images/smoke_383.jpg,data/raw/hf_candidates/LibreYOLO_smoke-uvylj/train/images/smoke_273.jpg
data/raw/hf_candidates/LibreYOLO_smoke-uvylj/train/images/smoke_397.jpg,data/raw/hf_candidates/LibreYOLO_smoke-uvylj/train/images/smoke_273.jpg
data/raw/hf_candidates/LibreYOLO_smoke-uvylj/train/images/smoke_142.jpg,data/raw/hf_candidates/LibreYOLO_smoke-uvylj/train/images/smoke_273.jpg
data/raw/hf_candidates/LibreYOLO_smoke-uvylj/train/images/smoke_29.jpg,data/raw/hf_candidates/LibreYOLO_smoke-uvylj/train/images/smoke_273.jpg
data/raw/hf_candidates/LibreYOLO_smoke-uvylj/train/images/smoke_156.jpg,data/raw/hf_candidates/LibreYOLO_smoke-uvylj/train/images/smoke_273.jpg
data/raw/hf_candidates/LibreYOLO_smoke-uvylj/train/images/smoke_15.jpg,data/raw/hf_candidates/LibreYOLO_smoke-uvylj/train/images/smoke_273.jpg
data/raw/hf_candidates/LibreYOLO_smoke-uvylj/train/images/smoke_181.jpg,data/raw/hf_candidates/LibreYOLO_smoke-uvylj/train/images/smoke_273.jpg
data/raw/hf_candidates/LibreYOLO_smoke-uvylj/train/images/smoke_195.jpg,data/raw/hf_candidates/LibreYOLO_smoke-uvylj/train/images/smoke_273.jpg
data/raw/hf_candidates/LibreYOLO_smoke-uvylj/train/images/smoke_194.jpg,data/raw/hf_candidates/LibreYOLO_smoke-uvylj/train/images/smoke_273.jpg
data/raw/hf_candidates/LibreYOLO_smoke-uvylj/train/images/smoke_180.jpg,data/raw/hf_candidates/LibreYOLO_smoke-uvylj/train/images/smoke_273.jpg
data/raw/hf_candidates/LibreYOLO_smoke-uvylj/train/images/smoke_14.jpg,data/raw/hf_candidates/LibreYOLO_smoke-uvylj/train/images/smoke_273.jpg
data/raw/hf_candidates/LibreYOLO_smoke-uvylj/train/images/smoke_28.jpg,data/raw/hf_candidates/LibreYOLO_smoke-uvylj/train/images/smoke_273.jpg
data/raw/hf_candidates/LibreYOLO_smoke-uvylj/train/images/smoke_157.jpg,data/raw/hf_candidates/LibreYOLO_smoke-uvylj/train/images/smoke_273.jpg
data/raw/hf_candidates/LibreYOLO_smoke-uvylj/train/images/smoke_143.jpg,data/raw/hf_candidates/LibreYOLO_smoke-uvylj/train/images/smoke_273.jpg
data/raw/hf_candidates/LibreYOLO_smoke-uvylj/train/images/smoke_396.jpg,data/raw/hf_candidates/LibreYOLO_smoke-uvylj/train/images/smoke_273.jpg
data/raw/hf_candidates/LibreYOLO_smoke-uvylj/train/images/smoke_382.jpg,data/raw/hf_candidates/LibreYOLO_smoke-uvylj/train/images/smoke_273.jpg
data/raw/hf_candidates/LibreYOLO_smoke-uvylj/train/images/smoke_369.jpg,data/raw/hf_candidates/LibreYOLO_smoke-uvylj/train/images/smoke_273.jpg
data/raw/hf_candidates/LibreYOLO_smoke-uvylj/train/images/smoke_355.jpg,data/raw/hf_candidates/LibreYOLO_smoke-uvylj/train/images/smoke_273.jpg
data/raw/hf_candidates/LibreYOLO_smoke-uvylj/train/images/smoke_433.jpg,data/raw/hf_candidates/LibreYOLO_smoke-uvylj/train/images/smoke_273.jpg
data/raw/hf_candidates/LibreYOLO_smoke-uvylj/train/images/smoke_427.jpg,data/raw/hf_candidates/LibreYOLO_smoke-uvylj/train/images/smoke_273.jpg
data/raw/hf_candidates/LibreYOLO_smoke-uvylj/train/images/smoke_341.jpg,data/raw/hf_candidates/LibreYOLO_smoke-uvylj/train/images/smoke_273.jpg
data/raw/hf_candidates/LibreYOLO_smoke-uvylj/train/images/smoke_209.jpg,data/raw/hf_candidates/LibreYOLO_smoke-uvylj/train/images/smoke_273.jpg
data/raw/hf_candidates/LibreYOLO_smoke-uvylj/train/images/smoke_221.jpg,data/raw/hf_candidates/LibreYOLO_smoke-uvylj/train/images/smoke_273.jpg
data/raw/hf_candidates/LibreYOLO_smoke-uvylj/train/images/smoke_235.jpg,data/raw/hf_candidates/LibreYOLO_smoke-uvylj/train/images/smoke_273.jpg
data/raw/hf_candidates/LibreYOLO_smoke-uvylj/train/images/smoke_4.jpg,data/raw/hf_candidates/LibreYOLO_smoke-uvylj/train/images/smoke_273.jpg
data/raw/hf_candidates/LibreYOLO_smoke-uvylj/train/images/smoke_252.jpg,data/raw/hf_candidates/LibreYOLO_smoke-uvylj/train/images/smoke_273.jpg
data/raw/hf_candidates/LibreYOLO_smoke-uvylj/train/images/smoke_246.jpg,data/raw/hf_candidates/LibreYOLO_smoke-uvylj/train/images/smoke_273.jpg
data/raw/hf_candidates/LibreYOLO_smoke-uvylj/train/images/smoke_291.jpg,data/raw/hf_candidates/LibreYOLO_smoke-uvylj/train/images/smoke_273.jpg
data/raw/hf_candidates/LibreYOLO_smoke-uvylj/train/images/smoke_285.jpg,data/raw/hf_candidates/LibreYOLO_smoke-uvylj/train/images/smoke_273.jpg
data/raw/hf_candidates/LibreYOLO_smoke-uvylj/train/images/smoke_468.jpg,data/raw/hf_candidates/LibreYOLO_smoke-uvylj/train/images/smoke_273.jpg
data/raw/hf_candidates/LibreYOLO_smoke-uvylj/train/images/smoke_440.jpg,data/raw/hf_candidates/LibreYOLO_smoke-uvylj/train/images/smoke_273.jpg
data/raw/hf_candidates/LibreYOLO_smoke-uvylj/train/images/smoke_326.jpg,data/raw/hf_candidates/LibreYOLO_smoke-uvylj/train/images/smoke_273.jpg
data/raw/hf_candidates/LibreYOLO_smoke-uvylj/train/images/smoke_332.jpg,data/raw/hf_candidates/LibreYOLO_smoke-uvylj/train/images/smoke_273.jpg
data/raw/hf_candidates/LibreYOLO_smoke-uvylj/train/images/smoke_454.jpg,data/raw/hf_candidates/LibreYOLO_smoke-uvylj/train/images/smoke_273.jpg
data/raw/hf_candidates/LibreYOLO_smoke-uvylj/train/images/smoke_483.jpg,data/raw/hf_candidates/LibreYOLO_smoke-uvylj/train/images/smoke_273.jpg
data/raw/hf_candidates/LibreYOLO_smoke-uvylj/train/images/smoke_497.jpg,data/raw/hf_candidates/LibreYOLO_smoke-uvylj/train/images/smoke_273.jpg
data/raw/hf_candidates/LibreYOLO_smoke-uvylj/train/images/smoke_118.jpg,data/raw/hf_candidates/LibreYOLO_smoke-uvylj/train/images/smoke_273.jpg
data/raw/hf_candidates/LibreYOLO_smoke-uvylj/train/images/smoke_67.jpg,data/raw/hf_candidates/LibreYOLO_smoke-uvylj/train/images/smoke_273.jpg
data/raw/hf_candidates/LibreYOLO_smoke-uvylj/train/images/smoke_73.jpg,data/raw/hf_candidates/LibreYOLO_smoke-uvylj/train/images/smoke_273.jpg
data/raw/hf_candidates/LibreYOLO_smoke-uvylj/train/images/smoke_124.jpg,data/raw/hf_candidates/LibreYOLO_smoke-uvylj/train/images/smoke_273.jpg
data/raw/hf_candidates/LibreYOLO_smoke-uvylj/train/images/smoke_130.jpg,data/raw/hf_candidates/LibreYOLO_smoke-uvylj/train/images/smoke_273.jpg
data/raw/hf_candidates/LibreYOLO_smoke-uvylj/train/images/smoke_98.jpg,data/raw/hf_candidates/LibreYOLO_smoke-uvylj/train/images/smoke_273.jpg
data/raw/hf_candidates/LibreYOLO_smoke-uvylj/train/images/smoke_99.jpg,data/raw/hf_candidates/LibreYOLO_smoke-uvylj/train/images/smoke_273.jpg
data/raw/hf_candidates/LibreYOLO_smoke-uvylj/train/images/smoke_131.jpg,data/raw/hf_candidates/LibreYOLO_smoke-uvylj/train/images/smoke_273.jpg
data/raw/hf_candidates/LibreYOLO_smoke-uvylj/train/images/smoke_125.jpg,data/raw/hf_candidates/LibreYOLO_smoke-uvylj/train/images/smoke_273.jpg
data/raw/hf_candidates/LibreYOLO_smoke-uvylj/train/images/smoke_72.jpg,data/raw/hf_candidates/LibreYOLO_smoke-uvylj/train/images/smoke_273.jpg
data/raw/hf_candidates/LibreYOLO_smoke-uvylj/train/images/smoke_119.jpg,data/raw/hf_candidates/LibreYOLO_smoke-uvylj/train/images/smoke_273.jpg
data/raw/hf_candidates/LibreYOLO_smoke-uvylj/train/images/smoke_66.jpg,data/raw/hf_candidates/LibreYOLO_smoke-uvylj/train/images/smoke_273.jpg
data/raw/hf_candidates/LibreYOLO_smoke-uvylj/train/images/smoke_496.jpg,data/raw/hf_candidates/LibreYOLO_smoke-uvylj/train/images/smoke_273.jpg
data/raw/hf_candidates/LibreYOLO_smoke-uvylj/train/images/smoke_482.jpg,data/raw/hf_candidates/LibreYOLO_smoke-uvylj/train/images/smoke_273.jpg
data/raw/hf_candidates/LibreYOLO_smoke-uvylj/train/images/smoke_333.jpg,data/raw/hf_candidates/LibreYOLO_smoke-uvylj/train/images/smoke_273.jpg
data/raw/hf_candidates/LibreYOLO_smoke-uvylj/train/images/smoke_455.jpg,data/raw/hf_candidates/LibreYOLO_smoke-uvylj/train/images/smoke_273.jpg
data/raw/hf_candidates/LibreYOLO_smoke-uvylj/train/images/smoke_441.jpg,data/raw/hf_candidates/LibreYOLO_smoke-uvylj/train/images/smoke_273.jpg
data/raw/hf_candidates/LibreYOLO_smoke-uvylj/train/images/smoke_327.jpg,data/raw/hf_candidates/LibreYOLO_smoke-uvylj/train/images/smoke_273.jpg
data/raw/hf_candidates/LibreYOLO_smoke-uvylj/train/images/smoke_469.jpg,data/raw/hf_candidates/LibreYOLO_smoke-uvylj/train/images/smoke_273.jpg
data/raw/hf_candidates/LibreYOLO_smoke-uvylj/train/images/smoke_284.jpg,data/raw/hf_candidates/LibreYOLO_smoke-uvylj/train/images/smoke_273.jpg
data/raw/hf_candidates/LibreYOLO_smoke-uvylj/train/images/smoke_290.jpg,data/raw/hf_candidates/LibreYOLO_smoke-uvylj/train/images/smoke_273.jpg
data/raw/hf_candidates/LibreYOLO_smoke-uvylj/train/images/smoke_247.jpg,data/raw/hf_candidates/LibreYOLO_smoke-uvylj/train/images/smoke_273.jpg
data/raw/hf_candidates/LibreYOLO_smoke-uvylj/train/images/smoke_253.jpg,data/raw/hf_candidates/LibreYOLO_smoke-uvylj/train/images/smoke_273.jpg
data/raw/hf_candidates/LibreYOLO_smoke-uvylj/train/images/smoke_279.jpg,data/raw/hf_candidates/LibreYOLO_smoke-uvylj/train/images/smoke_273.jpg
data/raw/hf_candidates/LibreYOLO_smoke-uvylj/train/images/smoke_245.jpg,data/raw/hf_candidates/LibreYOLO_smoke-uvylj/train/images/smoke_273.jpg
data/raw/hf_candidates/LibreYOLO_smoke-uvylj/train/images/smoke_251.jpg,data/raw/hf_candidates/LibreYOLO_smoke-uvylj/train/images/smoke_273.jpg
data/raw/hf_candidates/LibreYOLO_smoke-uvylj/train/images/smoke_286.jpg,data/raw/hf_candidates/LibreYOLO_smoke-uvylj/train/images/smoke_273.jpg
data/raw/hf_candidates/LibreYOLO_smoke-uvylj/train/images/smoke_292.jpg,data/raw/hf_candidates/LibreYOLO_smoke-uvylj/train/images/smoke_273.jpg
data/raw/hf_candidates/LibreYOLO_smoke-uvylj/train/images/smoke_319.jpg,data/raw/hf_candidates/LibreYOLO_smoke-uvylj/train/images/smoke_273.jpg
data/raw/hf_candidates/LibreYOLO_smoke-uvylj/train/images/smoke_457.jpg,data/raw/hf_candidates/LibreYOLO_smoke-uvylj/train/images/smoke_273.jpg
data/raw/hf_candidates/LibreYOLO_smoke-uvylj/train/images/smoke_331.jpg,data/raw/hf_candidates/LibreYOLO_smoke-uvylj/train/images/smoke_273.jpg
data/raw/hf_candidates/LibreYOLO_smoke-uvylj/train/images/smoke_325.jpg,data/raw/hf_candidates/LibreYOLO_smoke-uvylj/train/images/smoke_273.jpg
data/raw/hf_candidates/LibreYOLO_smoke-uvylj/train/images/smoke_443.jpg,data/raw/hf_candidates/LibreYOLO_smoke-uvylj/train/images/smoke_273.jpg
data/raw/hf_candidates/LibreYOLO_smoke-uvylj/train/images/smoke_494.jpg,data/raw/hf_candidates/LibreYOLO_smoke-uvylj/train/images/smoke_273.jpg
data/raw/hf_candidates/LibreYOLO_smoke-uvylj/train/images/smoke_480.jpg,data/raw/hf_candidates/LibreYOLO_smoke-uvylj/train/images/smoke_273.jpg
data/raw/hf_candidates/LibreYOLO_smoke-uvylj/train/images/smoke_70.jpg,data/raw/hf_candidates/LibreYOLO_smoke-uvylj/train/images/smoke_273.jpg
data/raw/hf_candidates/LibreYOLO_smoke-uvylj/train/images/smoke_64.jpg,data/raw/hf_candidates/LibreYOLO_smoke-uvylj/train/images/smoke_273.jpg
data/raw/hf_candidates/LibreYOLO_smoke-uvylj/train/images/smoke_133.jpg,data/raw/hf_candidates/LibreYOLO_smoke-uvylj/train/images/smoke_273.jpg
data/raw/hf_candidates/LibreYOLO_smoke-uvylj/train/images/smoke_58.jpg,data/raw/hf_candidates/LibreYOLO_smoke-uvylj/train/images/smoke_273.jpg
data/raw/hf_candidates/LibreYOLO_smoke-uvylj/train/images/smoke_127.jpg,data/raw/hf_candidates/LibreYOLO_smoke-uvylj/train/images/smoke_273.jpg
data/raw/hf_candidates/LibreYOLO_smoke-uvylj/train/images/smoke_59.jpg,data/raw/hf_candidates/LibreYOLO_smoke-uvylj/train/images/smoke_273.jpg
data/raw/hf_candidates/LibreYOLO_smoke-uvylj/train/images/smoke_126.jpg,data/raw/hf_candidates/LibreYOLO_smoke-uvylj/train/images/smoke_273.jpg
data/raw/hf_candidates/LibreYOLO_smoke-uvylj/train/images/smoke_132.jpg,data/raw/hf_candidates/LibreYOLO_smoke-uvylj/train/images/smoke_273.jpg
data/raw/hf_candidates/LibreYOLO_smoke-uvylj/train/images/smoke_65.jpg,data/raw/hf_candidates/LibreYOLO_smoke-uvylj/train/images/smoke_273.jpg
data/raw/hf_candidates/LibreYOLO_smoke-uvylj/train/images/smoke_71.jpg,data/raw/hf_candidates/LibreYOLO_smoke-uvylj/train/images/smoke_273.jpg
data/raw/hf_candidates/LibreYOLO_smoke-uvylj/train/images/smoke_481.jpg,data/raw/hf_candidates/LibreYOLO_smoke-uvylj/train/images/smoke_273.jpg
data/raw/hf_candidates/LibreYOLO_smoke-uvylj/train/images/smoke_495.jpg,data/raw/hf_candidates/LibreYOLO_smoke-uvylj/train/images/smoke_273.jpg
data/raw/hf_candidates/LibreYOLO_smoke-uvylj/train/images/smoke_324.jpg,data/raw/hf_candidates/LibreYOLO_smoke-uvylj/train/images/smoke_273.jpg
data/raw/hf_candidates/LibreYOLO_smoke-uvylj/train/images/smoke_442.jpg,data/raw/hf_candidates/LibreYOLO_smoke-uvylj/train/images/smoke_273.jpg
data/raw/hf_candidates/LibreYOLO_smoke-uvylj/train/images/smoke_456.jpg,data/raw/hf_candidates/LibreYOLO_smoke-uvylj/train/images/smoke_273.jpg
data/raw/hf_candidates/LibreYOLO_smoke-uvylj/train/images/smoke_330.jpg,data/raw/hf_candidates/LibreYOLO_smoke-uvylj/train/images/smoke_273.jpg
data/raw/hf_candidates/LibreYOLO_smoke-uvylj/train/images/smoke_318.jpg,data/raw/hf_candidates/LibreYOLO_smoke-uvylj/train/images/smoke_273.jpg
data/raw/hf_candidates/LibreYOLO_smoke-uvylj/train/images/smoke_293.jpg,data/raw/hf_candidates/LibreYOLO_smoke-uvylj/train/images/smoke_273.jpg
data/raw/hf_candidates/LibreYOLO_smoke-uvylj/train/images/smoke_287.jpg,data/raw/hf_candidates/LibreYOLO_smoke-uvylj/train/images/smoke_273.jpg
data/raw/hf_candidates/LibreYOLO_smoke-uvylj/train/images/smoke_250.jpg,data/raw/hf_candidates/LibreYOLO_smoke-uvylj/train/images/smoke_273.jpg
data/raw/hf_candidates/LibreYOLO_smoke-uvylj/train/images/smoke_244.jpg,data/raw/hf_candidates/LibreYOLO_smoke-uvylj/train/images/smoke_273.jpg
data/raw/hf_candidates/LibreYOLO_smoke-uvylj/train/images/smoke_278.jpg,data/raw/hf_candidates/LibreYOLO_smoke-uvylj/train/images/smoke_273.jpg
data/raw/hf_candidates/LibreYOLO_smoke-uvylj/train/images/smoke_240.jpg,data/raw/hf_candidates/LibreYOLO_smoke-uvylj/train/images/smoke_273.jpg
data/raw/hf_candidates/LibreYOLO_smoke-uvylj/train/images/smoke_254.jpg,data/raw/hf_candidates/LibreYOLO_smoke-uvylj/train/images/smoke_273.jpg
data/raw/hf_candidates/LibreYOLO_smoke-uvylj/train/images/smoke_268.jpg,data/raw/hf_candidates/LibreYOLO_smoke-uvylj/train/images/smoke_273.jpg
data/raw/hf_candidates/LibreYOLO_smoke-uvylj/train/images/smoke_283.jpg,data/raw/hf_candidates/LibreYOLO_smoke-uvylj/train/images/smoke_273.jpg
data/raw/hf_candidates/LibreYOLO_smoke-uvylj/train/images/smoke_297.jpg,data/raw/hf_candidates/LibreYOLO_smoke-uvylj/train/images/smoke_273.jpg
data/raw/hf_candidates/LibreYOLO_smoke-uvylj/train/images/smoke_334.jpg,data/raw/hf_candidates/LibreYOLO_smoke-uvylj/train/images/smoke_273.jpg
data/raw/hf_candidates/LibreYOLO_smoke-uvylj/train/images/smoke_452.jpg,data/raw/hf_candidates/LibreYOLO_smoke-uvylj/train/images/smoke_273.jpg
data/raw/hf_candidates/LibreYOLO_smoke-uvylj/train/images/smoke_446.jpg,data/raw/hf_candidates/LibreYOLO_smoke-uvylj/train/images/smoke_273.jpg
data/raw/hf_candidates/LibreYOLO_smoke-uvylj/train/images/smoke_320.jpg,data/raw/hf_candidates/LibreYOLO_smoke-uvylj/train/images/smoke_273.jpg
data/raw/hf_candidates/LibreYOLO_smoke-uvylj/train/images/smoke_308.jpg,data/raw/hf_candidates/LibreYOLO_smoke-uvylj/train/images/smoke_273.jpg
data/raw/hf_candidates/LibreYOLO_smoke-uvylj/train/images/smoke_491.jpg,data/raw/hf_candidates/LibreYOLO_smoke-uvylj/train/images/smoke_273.jpg
data/raw/hf_candidates/LibreYOLO_smoke-uvylj/train/images/smoke_485.jpg,data/raw/hf_candidates/LibreYOLO_smoke-uvylj/train/images/smoke_273.jpg
data/raw/hf_candidates/LibreYOLO_smoke-uvylj/train/images/smoke_49.jpg,data/raw/hf_candidates/LibreYOLO_smoke-uvylj/train/images/smoke_273.jpg
data/raw/hf_candidates/LibreYOLO_smoke-uvylj/train/images/smoke_136.jpg,data/raw/hf_candidates/LibreYOLO_smoke-uvylj/train/images/smoke_273.jpg
data/raw/hf_candidates/LibreYOLO_smoke-uvylj/train/images/smoke_122.jpg,data/raw/hf_candidates/LibreYOLO_smoke-uvylj/train/images/smoke_273.jpg
data/raw/hf_candidates/LibreYOLO_smoke-uvylj/train/images/smoke_75.jpg,data/raw/hf_candidates/LibreYOLO_smoke-uvylj/train/images/smoke_273.jpg
data/raw/hf_candidates/LibreYOLO_smoke-uvylj/train/images/smoke_61.jpg,data/raw/hf_candidates/LibreYOLO_smoke-uvylj/train/images/smoke_273.jpg
data/raw/hf_candidates/LibreYOLO_smoke-uvylj/train/images/smoke_60.jpg,data/raw/hf_candidates/LibreYOLO_smoke-uvylj/train/images/smoke_273.jpg
data/raw/hf_candidates/LibreYOLO_smoke-uvylj/train/images/smoke_74.jpg,data/raw/hf_candidates/LibreYOLO_smoke-uvylj/train/images/smoke_273.jpg
data/raw/hf_candidates/LibreYOLO_smoke-uvylj/train/images/smoke_123.jpg,data/raw/hf_candidates/LibreYOLO_smoke-uvylj/train/images/smoke_273.jpg
data/raw/hf_candidates/LibreYOLO_smoke-uvylj/train/images/smoke_48.jpg,data/raw/hf_candidates/LibreYOLO_smoke-uvylj/train/images/smoke_273.jpg
data/raw/hf_candidates/LibreYOLO_smoke-uvylj/train/images/smoke_137.jpg,data/raw/hf_candidates/LibreYOLO_smoke-uvylj/train/images/smoke_273.jpg
data/raw/hf_candidates/LibreYOLO_smoke-uvylj/train/images/smoke_484.jpg,data/raw/hf_candidates/LibreYOLO_smoke-uvylj/train/images/smoke_273.jpg
data/raw/hf_candidates/LibreYOLO_smoke-uvylj/train/images/smoke_490.jpg,data/raw/hf_candidates/LibreYOLO_smoke-uvylj/train/images/smoke_273.jpg
data/raw/hf_candidates/LibreYOLO_smoke-uvylj/train/images/smoke_309.jpg,data/raw/hf_candidates/LibreYOLO_smoke-uvylj/train/images/smoke_273.jpg
data/raw/hf_candidates/LibreYOLO_smoke-uvylj/train/images/smoke_447.jpg,data/raw/hf_candidates/LibreYOLO_smoke-uvylj/train/images/smoke_273.jpg
data/raw/hf_candidates/LibreYOLO_smoke-uvylj/train/images/smoke_321.jpg,data/raw/hf_candidates/LibreYOLO_smoke-uvylj/train/images/smoke_273.jpg
data/raw/hf_candidates/LibreYOLO_smoke-uvylj/train/images/smoke_335.jpg,data/raw/hf_candidates/LibreYOLO_smoke-uvylj/train/images/smoke_273.jpg
data/raw/hf_candidates/LibreYOLO_smoke-uvylj/train/images/smoke_453.jpg,data/raw/hf_candidates/LibreYOLO_smoke-uvylj/train/images/smoke_273.jpg
data/raw/hf_candidates/LibreYOLO_smoke-uvylj/train/images/smoke_296.jpg,data/raw/hf_candidates/LibreYOLO_smoke-uvylj/train/images/smoke_273.jpg
data/raw/hf_candidates/LibreYOLO_smoke-uvylj/train/images/smoke_282.jpg,data/raw/hf_candidates/LibreYOLO_smoke-uvylj/train/images/smoke_273.jpg
data/raw/hf_candidates/LibreYOLO_smoke-uvylj/train/images/smoke_269.jpg,data/raw/hf_candidates/LibreYOLO_smoke-uvylj/train/images/smoke_273.jpg
data/raw/hf_candidates/LibreYOLO_smoke-uvylj/train/images/smoke_255.jpg,data/raw/hf_candidates/LibreYOLO_smoke-uvylj/train/images/smoke_273.jpg
data/raw/hf_candidates/LibreYOLO_smoke-uvylj/train/images/smoke_241.jpg,data/raw/hf_candidates/LibreYOLO_smoke-uvylj/train/images/smoke_273.jpg
data/raw/hf_candidates/LibreYOLO_smoke-uvylj/train/images/smoke_257.jpg,data/raw/hf_candidates/LibreYOLO_smoke-uvylj/train/images/smoke_273.jpg
data/raw/hf_candidates/LibreYOLO_smoke-uvylj/train/images/smoke_243.jpg,data/raw/hf_candidates/LibreYOLO_smoke-uvylj/train/images/smoke_273.jpg
data/raw/hf_candidates/LibreYOLO_smoke-uvylj/train/images/smoke_294.jpg,data/raw/hf_candidates/LibreYOLO_smoke-uvylj/train/images/smoke_273.jpg
data/raw/hf_candidates/LibreYOLO_smoke-uvylj/train/images/smoke_280.jpg,data/raw/hf_candidates/LibreYOLO_smoke-uvylj/train/images/smoke_273.jpg
data/raw/hf_candidates/LibreYOLO_smoke-uvylj/train/images/smoke_323.jpg,data/raw/hf_candidates/LibreYOLO_smoke-uvylj/train/images/smoke_273.jpg
data/raw/hf_candidates/LibreYOLO_smoke-uvylj/train/images/smoke_445.jpg,data/raw/hf_candidates/LibreYOLO_smoke-uvylj/train/images/smoke_273.jpg
data/raw/hf_candidates/LibreYOLO_smoke-uvylj/train/images/smoke_451.jpg,data/raw/hf_candidates/LibreYOLO_smoke-uvylj/train/images/smoke_273.jpg
data/raw/hf_candidates/LibreYOLO_smoke-uvylj/train/images/smoke_337.jpg,data/raw/hf_candidates/LibreYOLO_smoke-uvylj/train/images/smoke_273.jpg
data/raw/hf_candidates/LibreYOLO_smoke-uvylj/train/images/smoke_479.jpg,data/raw/hf_candidates/LibreYOLO_smoke-uvylj/train/images/smoke_273.jpg
data/raw/hf_candidates/LibreYOLO_smoke-uvylj/train/images/smoke_486.jpg,data/raw/hf_candidates/LibreYOLO_smoke-uvylj/train/images/smoke_273.jpg
data/raw/hf_candidates/LibreYOLO_smoke-uvylj/train/images/smoke_492.jpg,data/raw/hf_candidates/LibreYOLO_smoke-uvylj/train/images/smoke_273.jpg
data/raw/hf_candidates/LibreYOLO_smoke-uvylj/train/images/smoke_121.jpg,data/raw/hf_candidates/LibreYOLO_smoke-uvylj/train/images/smoke_273.jpg
data/raw/hf_candidates/LibreYOLO_smoke-uvylj/train/images/smoke_135.jpg,data/raw/hf_candidates/LibreYOLO_smoke-uvylj/train/images/smoke_273.jpg
data/raw/hf_candidates/LibreYOLO_smoke-uvylj/train/images/smoke_62.jpg,data/raw/hf_candidates/LibreYOLO_smoke-uvylj/train/images/smoke_273.jpg
data/raw/hf_candidates/LibreYOLO_smoke-uvylj/train/images/smoke_109.jpg,data/raw/hf_candidates/LibreYOLO_smoke-uvylj/train/images/smoke_273.jpg
data/raw/hf_candidates/LibreYOLO_smoke-uvylj/train/images/smoke_76.jpg,data/raw/hf_candidates/LibreYOLO_smoke-uvylj/train/images/smoke_273.jpg
data/raw/hf_candidates/LibreYOLO_smoke-uvylj/train/images/smoke_89.jpg,data/raw/hf_candidates/LibreYOLO_smoke-uvylj/train/images/smoke_273.jpg
data/raw/hf_candidates/LibreYOLO_smoke-uvylj/train/images/smoke_88.jpg,data/raw/hf_candidates/LibreYOLO_smoke-uvylj/train/images/smoke_273.jpg
data/raw/hf_candidates/LibreYOLO_smoke-uvylj/train/images/smoke_108.jpg,data/raw/hf_candidates/LibreYOLO_smoke-uvylj/train/images/smoke_273.jpg
data/raw/hf_candidates/LibreYOLO_smoke-uvylj/train/images/smoke_77.jpg,data/raw/hf_candidates/LibreYOLO_smoke-uvylj/train/images/smoke_273.jpg
data/raw/hf_candidates/LibreYOLO_smoke-uvylj/train/images/smoke_63.jpg,data/raw/hf_candidates/LibreYOLO_smoke-uvylj/train/images/smoke_273.jpg
data/raw/hf_candidates/LibreYOLO_smoke-uvylj/train/images/smoke_134.jpg,data/raw/hf_candidates/LibreYOLO_smoke-uvylj/train/images/smoke_273.jpg
data/raw/hf_candidates/LibreYOLO_smoke-uvylj/train/images/smoke_120.jpg,data/raw/hf_candidates/LibreYOLO_smoke-uvylj/train/images/smoke_273.jpg
data/raw/hf_candidates/LibreYOLO_smoke-uvylj/train/images/smoke_493.jpg,data/raw/hf_candidates/LibreYOLO_smoke-uvylj/train/images/smoke_273.jpg
data/raw/hf_candidates/LibreYOLO_smoke-uvylj/train/images/smoke_487.jpg,data/raw/hf_candidates/LibreYOLO_smoke-uvylj/train/images/smoke_273.jpg
data/raw/hf_candidates/LibreYOLO_smoke-uvylj/train/images/smoke_478.jpg,data/raw/hf_candidates/LibreYOLO_smoke-uvylj/train/images/smoke_273.jpg
data/raw/hf_candidates/LibreYOLO_smoke-uvylj/train/images/smoke_450.jpg,data/raw/hf_candidates/LibreYOLO_smoke-uvylj/train/images/smoke_273.jpg
data/raw/hf_candidates/LibreYOLO_smoke-uvylj/train/images/smoke_336.jpg,data/raw/hf_candidates/LibreYOLO_smoke-uvylj/train/images/smoke_273.jpg
data/raw/hf_candidates/LibreYOLO_smoke-uvylj/train/images/smoke_322.jpg,data/raw/hf_candidates/LibreYOLO_smoke-uvylj/train/images/smoke_273.jpg
data/raw/hf_candidates/LibreYOLO_smoke-uvylj/train/images/smoke_444.jpg,data/raw/hf_candidates/LibreYOLO_smoke-uvylj/train/images/smoke_273.jpg
data/raw/hf_candidates/LibreYOLO_smoke-uvylj/train/images/smoke_281.jpg,data/raw/hf_candidates/LibreYOLO_smoke-uvylj/train/images/smoke_273.jpg
data/raw/hf_candidates/LibreYOLO_smoke-uvylj/train/images/smoke_295.jpg,data/raw/hf_candidates/LibreYOLO_smoke-uvylj/train/images/smoke_273.jpg
data/raw/hf_candidates/LibreYOLO_smoke-uvylj/train/images/smoke_242.jpg,data/raw/hf_candidates/LibreYOLO_smoke-uvylj/train/images/smoke_273.jpg
data/raw/hf_candidates/LibreYOLO_smoke-uvylj/train/images/smoke_256.jpg,data/raw/hf_candidates/LibreYOLO_smoke-uvylj/train/images/smoke_273.jpg
